Order ID,Created At,Customer ID,Customer Email,Product Title,Variant Title,Quantity,Unit Price,Total Discount,Total,Financial Status,Country,Sales Channel
#4142,2025-06-11 11:34:55,CUST-01517,sofia.hoffmann290@example.com,Linen Throw Blanket,Natural,1,80.07,0.0,80.07,paid,FR,online_store
#3849,2025-06-11 14:06:55,CUST-00427,liam.schwarz191@example.com,Organic Cotton Tote,Cream,1,15.22,0.0,15.22,paid,AT,online_store
#3892,2025-06-11 17:56:10,CUST-00452,luis.schmidt71@example.com,Botanical Print A3,Fern,1,27.35,0.0,27.35,paid,CH,draft_order
#1832,2025-06-11 18:56:34,CUST-00919,ben.mueller131@example.com,Stoneware Dinner Plate Set,Set of 6,1,94.48,0.0,94.48,paid,GB,online_store
#4057,2025-06-11 21:29:37,CUST-01155,erik.becker768@example.com,Merino Wool Beanie,Oat,1,32.24,0.0,32.24,paid,GB,online_store
#3198,2025-06-12 08:10:27,CUST-01125,emma.richter228@example.com,Soy Wax Candle — Cedar,Set of 3,1,23.49,0.0,23.49,paid,FR,online_store
#1462,2025-06-12 11:12:51,CUST-01560,felix.wagner701@example.com,Soy Wax Candle — Cedar,Single,1,23.57,0.0,23.57,pending,AT,pos
#3599,2025-06-12 11:14:53,CUST-00454,ben.neumann392@example.com,Botanical Print A3,Eucalyptus,2,27.79,0.0,55.58,paid,US,online_store
#3340,2025-06-12 13:09:20,CUST-00037,jonas.fischer881@example.com,Aurora Ceramic Mug,Sage / 350ml,1,18.3,0.0,18.3,paid,DE,instagram
#2690,2025-06-12 13:28:24,CUST-01603,julia.hartmann102@example.com,Merino Wool Beanie,Oat,1,32.07,0.0,32.07,paid,DE,online_store
#2690,2025-06-12 13:28:24,CUST-01603,julia.hartmann102@example.com,Linen Throw Blanket,Rust,1,81.03,0.0,81.03,paid,DE,online_store
#4185,2025-06-12 14:05:29,CUST-01655,noah.becker282@example.com,Soy Wax Candle — Cedar,Single,1,24.26,4.55,19.71,paid,FR,draft_order
#2259,2025-06-12 14:43:38,CUST-01544,tom.krueger276@example.com,Soy Wax Candle — Cedar,Single,1,23.49,5.71,17.78,paid,GB,online_store
#2259,2025-06-12 14:43:38,CUST-01544,tom.krueger276@example.com,Botanical Print A3,Fern,1,27.44,6.59,20.85,paid,GB,online_store
#3394,2025-06-12 17:33:20,CUST-00984,paul.wagner703@example.com,Walnut Serving Board,Small,2,54.84,0.0,109.68,paid,DE,instagram
#3394,2025-06-12 17:33:20,CUST-00984,paul.wagner703@example.com,Soy Wax Candle — Cedar,Single,1,24.29,0.0,24.29,paid,DE,instagram
#2524,2025-06-12 19:21:14,CUST-00034,max.krueger463@example.com,Merino Wool Beanie,Oat,1,31.32,0.0,31.32,PAID,DE,online_store
#3075,2025-06-13 15:23:07,CUST-00639,felix.wolf468@example.com,Organic Cotton Tote,Navy,1,15.38,0.0,15.38,paid,DE,online_store
#1279,2025-06-13 15:35:43,CUST-00624,marie.schmidt760@example.com,Linen Throw Blanket,Charcoal,2,78.47,0.0,156.94,paid,GB,online_store
#3390,2025-06-13 17:28:03,CUST-00484,tom.wolf380@example.com,Aurora Ceramic Mug,Sage / 350ml,1,17.67,0.0,17.67,paid,DE,online_store
#3318,2025-06-13 18:28:58,CUST-00757,emma.hartmann266@example.com,Organic Cotton Tote,Navy,1,14.94,0.0,14.94,pending,AT,online_store
#1101,2025-06-13 19:07:12,CUST-00430,tom.wagner480@example.com,Stoneware Dinner Plate Set,Set of 4,2,98.65,48.82,148.48,paid,,online_store
#1862,2025-06-14 17:21:34,CUST-00485,liam.koch17@example.com,Stoneware Dinner Plate Set,Set of 6,1,93.62,14.06,79.56,pending,DE,pos
#1862,2025-06-14 17:21:34,CUST-00485,liam.koch17@example.com,Soy Wax Candle — Cedar,Single,2,23.62,8.18,39.06,pending,DE,pos
#3994,2025-06-14 17:41:11,CUST-00877,mia.neumann109@example.com,Soy Wax Candle — Cedar,Single,1,24.63,5.21,19.42,paid,DE,online_store
#4424,2025-06-14 19:27:27,CUST-00703,anna.becker165@example.com,Soy Wax Candle — Cedar,Single,3,23.74,0.0,71.22,paid,FR,online_store
#4424,2025-06-14 19:27:27,CUST-00703,anna.becker165@example.com,Brass Pour-Over Stand,Standard,2,67.54,0.0,135.08,paid,FR,online_store
#4424,2025-06-14 19:27:27,CUST-00703,anna.becker165@example.com,Walnut Serving Board,Small,1,54.09,0.0,54.09,paid,FR,online_store
#1332,2025-06-14 23:51:26,CUST-00634,lena.becker879@example.com,Organic Cotton Tote,Cream,2,14.82,0.0,29.64,refunded,DE,pos
#3757,2025-06-15 06:22:55,CUST-00129,max.braun71@example.com,Recycled Glass Vase,Smoke,1,41.21,0.0,41.21,paid,US,online_store
#2006,2025-06-15 12:00:57,CUST-00104,julia.braun562@example.com,Soy Wax Candle — Cedar,Single,2,24.32,0.0,48.64,paid,US,online_store
#1558,2025-06-15 12:11:13,CUST-01353,mia.hoffmann469@example.com,Aurora Ceramic Mug,White / 350ml,1,18.1,0.0,18.1,paid,DE,draft_order
#3043,2025-06-15 12:47:13,CUST-01653,mia.hoffmann555@example.com,Linen Throw Blanket,Charcoal,1,79.04,0.0,79.04,paid,GB,pos
#2419,2025-06-15 14:36:01,CUST-00922,laura.mueller746@example.com,Soy Wax Candle — Cedar,Set of 3,2,24.21,0.0,48.42,paid,GB,online_store
#2586,2025-06-15 14:41:13,CUST-01122,tom.wagner620@example.com,Recycled Glass Vase,Amber,1,41.55,0.0,41.55,paid,US,pos
#2372,2025-06-15 15:00:32,CUST-00769,lena.hoffmann584@example.com,Recycled Glass Vase,Amber,1,41.84,0.0,41.84,paid,AT,instagram
#2372,2025-06-15 15:00:32,CUST-00769,lena.hoffmann584@example.com,Aurora Ceramic Mug,Sage / 350ml,1,17.87,0.0,17.87,paid,AT,instagram
#2372,2025-06-15 15:00:32,CUST-00769,lena.hoffmann584@example.com,Soy Wax Candle — Cedar,Set of 3,1,23.28,0.0,23.28,paid,AT,instagram
#3507,2025-06-15 17:26:08,CUST-00458,emma.mueller475@example.com,Soy Wax Candle — Cedar,Set of 3,1,24.47,0.0,24.47,paid,GB,instagram
#1806,2025-06-15 19:23:39,CUST-01109,laura.mueller972@example.com,Soy Wax Candle — Cedar,Single,1,23.65,0.0,23.65,paid,DE,instagram
#1806,2025-06-15 19:23:39,CUST-01109,laura.mueller972@example.com,Recycled Glass Vase,Amber,1,42.34,0.0,42.34,paid,DE,instagram
#1444,2025-06-15 19:38:19,CUST-00528,laura.wolf390@example.com,Stoneware Dinner Plate Set,Set of 4,1,97.03,0.0,97.03,paid,NL,online_store
#1221,2025-06-16 12:53:16,CUST-01400,max.schmidt543@example.com,Soy Wax Candle — Cedar,Single,1,24.08,3.88,20.2,paid,GB,online_store
#1148,2025-06-17 04:57:29,CUST-01560,felix.wagner701@example.com,Linen Throw Blanket,Natural,1,81.31,0.0,81.31,paid,AT,online_store
#2917,2025-06-17 07:42:27,CUST-00312,julia.braun837@example.com,Botanical Print A3,Fern,2,28.65,0.0,57.3,paid,DE,draft_order
#1907,2025-06-17 07:51:32,CUST-00458,emma.mueller475@example.com,Soy Wax Candle — Cedar,Set of 3,1,24.33,0.0,24.33,pending,GB,online_store
#1907,2025-06-17 07:51:32,CUST-00458,emma.mueller475@example.com,Soy Wax Candle — Cedar,Single,1,24.64,0.0,24.64,PENDING,GB,online_store
#1907,2025-06-17 07:51:32,CUST-00458,emma.mueller475@example.com,Linen Throw Blanket,Charcoal,1,80.38,0.0,80.38,pending,GB,online_store
#2052,2025-06-17 12:18:38,CUST-01148,luis.mueller506@example.com,Soy Wax Candle — Cedar,Set of 3,1,24.35,0.0,24.35,paid,DE,online_store
#1883,2025-06-17 13:37:17,CUST-01234,clara.braun591@example.com,Walnut Serving Board,Large,2,54.96,0.0,109.92,refunded,US,online_store
#1883,2025-06-17 13:37:17,CUST-01234,clara.braun591@example.com,Soy Wax Candle — Cedar,Single,2,23.82,0.0,47.64,refunded,US,online_store
#2153,2025-06-17 16:21:26,CUST-00735,jonas.wagner762@example.com,Aurora Ceramic Mug,White / 350ml,1,17.56,0.0,17.56,paid,US,online_store
#2153,2025-06-17 16:21:26,CUST-00735,jonas.wagner762@example.com,Soy Wax Candle — Cedar,Set of 3,1,24.09,0.0,24.09,paid,US,online_store
#3611,2025-06-17 16:33:38,CUST-00246,anna.schwarz544@example.com,Stoneware Dinner Plate Set,Set of 4,2,96.39,0.0,192.78,paid,DE,online_store
#3468,2025-06-17 16:55:41,CUST-00840,max.wagner666@example.com,Organic Cotton Tote,Cream,1,15.01,0.0,15.01,paid,CH,online_store
#3257,2025-06-17 22:20:41,CUST-01581,ben.braun755@example.com,Aurora Ceramic Mug,White / 350ml,1,18.18,0.0,18.18,refunded,GB,online_store
#3257,2025-06-17 22:20:41,CUST-01581,ben.braun755@example.com,Aurora Ceramic Mug,Sage / 350ml,1,18.27,0.0,18.27,refunded,GB,online_store
#2034,2025-06-18 04:35:07,CUST-01172,anna.hartmann817@example.com,Merino Wool Beanie,Forest,2,32.5,0.0,65.0,paid,DE,online_store
#1177,2025-06-18 11:30:42,CUST-00850,anna.schmidt258@example.com,Linen Throw Blanket,Charcoal,1,78.67,0.0,78.67,paid,DE,online_store
#1224,2025-06-18 12:54:54,CUST-01404,luis.neumann14@example.com,Organic Cotton Tote,Navy,1,14.62,1.91,12.71,paid,DE,online_store
#1466,2025-06-18 13:10:05,CUST-00914,tom.mueller143@example.com,Linen Throw Blanket,Natural,1,80.86,0.0,80.86,paid,US,online_store
#1466,2025-06-18 13:10:05,CUST-00914,tom.mueller143@example.com,Soy Wax Candle — Cedar,Set of 3,1,23.28,0.0,23.28,paid,US,online_store
#1466,2025-06-18 13:10:05,CUST-00914,tom.mueller143@example.com,Linen Throw Blanket,Charcoal,1,80.71,0.0,80.71,paid,US,online_store
#1689,2025-06-18 13:27:24,CUST-00167,nina.mueller689@example.com,Organic Cotton Tote,Navy,2,14.98,0.0,29.96,paid,NL,pos
#1067,2025-06-18 14:51:47,CUST-00495,luis.braun543@example.com,Aurora Ceramic Mug,Black / 350ml,1,18.47,0.0,18.47,paid,FR,online_store
#1504,2025-06-18 15:55:46,CUST-01319,noah.fischer739@example.com,Botanical Print A3,Eucalyptus,1,28.27,4.05,24.22,paid,,online_store
#3211,2025-06-18 18:33:04,CUST-00055,erik.schmidt430@example.com,Soy Wax Candle — Cedar,Single,1,24.62,0.0,24.62,PAID,GB,draft_order
#3127,2025-06-18 19:30:45,CUST-00759,nina.hoffmann731@example.com,Recycled Glass Vase,Amber,1,41.08,0.0,41.08,paid,DE,online_store
#1632,2025-06-18 19:52:37,CUST-00283,tom.krueger779@example.com,Recycled Glass Vase,Smoke,1,43.09,0.0,43.09,paid,GB,pos
#1632,2025-06-18 19:52:37,CUST-00283,tom.krueger779@example.com,Merino Wool Beanie,Forest,1,32.37,0.0,32.37,paid,GB,pos
#1632,2025-06-18 19:52:37,CUST-00283,tom.krueger779@example.com,Recycled Glass Vase,Amber,2,42.7,0.0,85.4,paid,GB,pos
#2657,2025-06-18 20:38:27,CUST-00126,laura.schwarz204@example.com,Linen Throw Blanket,Rust,1,77.4,9.3,68.1,paid,DE,draft_order
#3649,2025-06-19 11:21:53,CUST-01545,emma.wolf672@example.com,Walnut Serving Board,Small,1,54.62,0.0,54.62,paid,GB,online_store
#1645,2025-06-19 12:34:49,CUST-01577,ben.mueller925@example.com,Stoneware Dinner Plate Set,Set of 4,1,94.56,0.0,94.56,paid,,online_store
#1645,2025-06-19 12:34:49,CUST-01577,ben.mueller925@example.com,Linen Throw Blanket,Charcoal,1,77.45,0.0,77.45,paid,DE,online_store
#3890,2025-06-19 13:50:09,CUST-01339,marie.mueller475@example.com,Soy Wax Candle — Cedar,Single,3,24.3,0.0,72.9,paid,FR,online_store
#3594,2025-06-19 14:20:44,CUST-01396,clara.hartmann838@example.com,Recycled Glass Vase,Smoke,1,41.59,0.0,41.59,paid,DE,online_store
#2401,2025-06-19 16:33:31,CUST-00472,jonas.klein148@example.com,Recycled Glass Vase,Smoke,1,40.75,0.0,40.75,paid,NL,online_store
#3435,2025-06-19 16:38:42,CUST-01387,mia.mueller937@example.com,Aurora Ceramic Mug,White / 350ml,1,17.48,0.0,17.48,paid,DE,instagram
#3107,2025-06-19 23:27:44,CUST-00221,clara.schwarz963@example.com,Brass Pour-Over Stand,Standard,1,66.57,0.0,66.57,paid,US,online_store
#4100,2025-06-19 23:33:44,CUST-01069,julia.wagner310@example.com,Soy Wax Candle — Cedar,Single,1,24.19,0.0,24.19,paid,DE,online_store
#2854,2025-06-20 11:06:08,CUST-00179,mia.koch935@example.com,Linen Throw Blanket,Rust,3,80.1,0.0,240.3,paid,DE,pos
#1870,2025-06-20 11:27:51,CUST-00878,felix.fischer949@example.com,Merino Wool Beanie,Oat,1,32.42,0.0,32.42,paid,US,online_store
#3881,2025-06-20 13:17:50,CUST-01609,ben.braun975@example.com,Stoneware Dinner Plate Set,Set of 6,1,93.45,0.0,93.45,paid,NL,online_store
#3881,2025-06-20 13:17:50,CUST-01609,ben.braun975@example.com,Stoneware Dinner Plate Set,Set of 6,1,93.45,0.0,93.45,paid,NL,online_store
#4300,2025-06-20 13:50:20,CUST-01353,mia.hoffmann469@example.com,Aurora Ceramic Mug,White / 350ml,1,17.79,0.0,17.79,paid,DE,instagram
#4300,2025-06-20 13:50:20,CUST-01353,mia.hoffmann469@example.com,Aurora Ceramic Mug,Black / 350ml,1,18.43,0.0,18.43,paid,DE,instagram
#4120,2025-06-20 16:07:28,CUST-00481,sofia.schwarz566@example.com,Aurora Ceramic Mug,Sage / 350ml,1,18.26,0.0,18.26,paid,DE,online_store
#4120,2025-06-20 16:07:28,CUST-00481,sofia.schwarz566@example.com,Linen Throw Blanket,Rust,1,78.49,0.0,78.49,paid,DE,online_store
#3290,2025-06-20 16:53:43,CUST-00757,emma.hartmann266@example.com,Walnut Serving Board,Large,1,54.37,9.76,44.61,paid,AT,online_store
#3277,2025-06-20 20:24:21,CUST-01406,paul.weber516@example.com,Recycled Glass Vase,Smoke,1,42.63,0.0,42.63,paid,DE,pos
#1468,2025-06-20 22:32:39,CUST-00610,erik.klein708@example.com,Merino Wool Beanie,Oat,1,31.36,5.04,26.32,paid,DE,online_store
#2590,2025-06-21 08:22:38,CUST-00967,mia.schwarz841@example.com,Brass Pour-Over Stand,Standard,1,68.88,0.0,68.88,paid,US,online_store
#3434,2025-06-21 11:16:07,CUST-00596,felix.becker898@example.com,Merino Wool Beanie,Oat,1,32.14,4.3,27.84,paid,DE,online_store
#1427,2025-06-21 14:04:02,CUST-00291,noah.wolf87@example.com,Aurora Ceramic Mug,White / 350ml,2,18.01,0.0,36.02,paid,US,online_store
#2698,2025-06-21 15:35:41,CUST-00864,erik.koch699@example.com,Linen Throw Blanket,Charcoal,1,79.85,0.0,79.85,paid,AT,online_store
#3331,2025-06-21 16:20:50,CUST-00007,max.richter748@example.com,Aurora Ceramic Mug,Black / 350ml,1,17.54,0.0,17.54,paid,US,online_store
#4119,2025-06-21 17:17:04,CUST-00530,erik.wagner618@example.com,Botanical Print A3,Fern,1,27.42,0.0,27.42,paid,AT,pos
#4119,2025-06-21 17:17:04,CUST-00530,erik.wagner618@example.com,Soy Wax Candle — Cedar,Single,1,24.43,0.0,24.43,paid,AT,pos
#2058,2025-06-21 18:43:20,CUST-00831,nina.weber462@example.com,Linen Throw Blanket,Natural,1,77.77,0.0,77.77,paid,US,online_store
#3558,2025-06-21 18:51:56,CUST-00699,ben.hartmann360@example.com,Soy Wax Candle — Cedar,Single,1,23.45,0.0,23.45,refunded,US,online_store
#3558,2025-06-21 18:51:56,CUST-00699,ben.hartmann360@example.com,Organic Cotton Tote,Cream,1,14.96,0.0,14.96,refunded,US,online_store
#2150,2025-06-21 19:14:48,CUST-00530,erik.wagner618@example.com,Botanical Print A3,Eucalyptus,1,28.14,3.3,24.84,paid,AT,draft_order
#3585,2025-06-21 21:17:32,CUST-00760,luis.hartmann688@example.com,Aurora Ceramic Mug,Black / 350ml,1,17.52,0.0,17.52,paid,US,online_store
#1066,2025-06-22 06:07:55,CUST-00849,felix.schmidt397@example.com,Brass Pour-Over Stand,Standard,1,68.65,0.0,68.65,paid,US,draft_order
#1066,2025-06-22 06:07:55,CUST-00849,felix.schmidt397@example.com,Merino Wool Beanie,Forest,3,32.88,0.0,98.64,paid,US,draft_order
#3982,2025-06-22 10:39:51,CUST-00942,ben.hartmann573@example.com,Aurora Ceramic Mug,Black / 350ml,1,17.75,0.0,17.75,PAID,US,online_store
#1421,2025-06-22 11:05:23,CUST-00747,sofia.richter526@example.com,Walnut Serving Board,Large,1,52.73,0.0,52.73,paid,,pos
#1610,2025-06-22 11:59:54,CUST-00010,jonas.klein876@example.com,Walnut Serving Board,Small,2,52.62,0.0,105.24,paid,DE,online_store
#1595,2025-06-22 12:49:04,CUST-01605,marie.braun7@example.com,Organic Cotton Tote,Navy,1,14.68,0.0,14.68,pending,DE,online_store
#1669,2025-06-22 12:51:08,CUST-00454,ben.neumann392@example.com,Botanical Print A3,Olive,1,27.62,0.0,27.62,paid,US,draft_order
#2160,2025-06-22 13:05:26,CUST-00746,nina.hoffmann663@example.com,Walnut Serving Board,Small,2,53.62,0.0,107.24,paid,DE,pos
#1360,2025-06-22 16:14:53,CUST-01128,jonas.braun43@example.com,Aurora Ceramic Mug,Black / 350ml,3,18.39,0.0,55.17,paid,GB,online_store
#1360,2025-06-22 16:14:53,CUST-01128,jonas.braun43@example.com,Soy Wax Candle — Cedar,Single,2,23.88,0.0,47.76,paid,GB,online_store
#2681,2025-06-22 17:21:23,CUST-00340,laura.krueger396@example.com,Botanical Print A3,Fern,1,27.95,0.0,27.95,refunded,DE,instagram
#2102,2025-06-22 17:59:54,CUST-01613,lena.schmidt731@example.com,Merino Wool Beanie,Oat,1,32.44,0.0,32.44,paid,FR,pos
#3606,2025-06-22 18:29:51,CUST-00473,liam.braun571@example.com,Organic Cotton Tote,Cream,1,15.12,0.0,15.12,paid,US,online_store
#3847,2025-06-22 18:53:52,CUST-00843,felix.braun536@example.com,Stoneware Dinner Plate Set,Set of 6,1,94.72,0.0,94.72,paid,DE,online_store
#2460,2025-06-22 19:03:58,CUST-01493,emma.schmidt679@example.com,Botanical Print A3,Fern,2,28.26,0.0,56.52,paid,FR,instagram
#1090,2025-06-22 20:38:15,CUST-00120,luis.schmidt359@example.com,Stoneware Dinner Plate Set,Set of 4,1,95.04,13.4,81.64,paid,DE,online_store
#4504,2025-06-22 21:58:15,CUST-01118,felix.krueger842@example.com,Linen Throw Blanket,Natural,1,79.49,0.0,79.49,paid,AT,online_store
#4504,2025-06-22 21:58:15,CUST-01118,felix.krueger842@example.com,Soy Wax Candle — Cedar,Set of 3,1,23.65,0.0,23.65,paid,AT,online_store
#2784,2025-06-23 09:31:28,CUST-00294,ben.wolf54@example.com,Brass Pour-Over Stand,Standard,3,69.3,0.0,207.9,paid,FR,online_store
#1198,2025-06-23 12:29:07,CUST-00898,mia.mueller647@example.com,Walnut Serving Board,Small,1,55.32,0.0,55.32,paid,DE,online_store
#4121,2025-06-23 19:00:42,CUST-01381,max.klein896@example.com,Merino Wool Beanie,Forest,1,32.75,0.0,32.75,paid,,online_store
#4121,2025-06-23 19:00:42,CUST-01381,max.klein896@example.com,Aurora Ceramic Mug,Black / 350ml,2,17.91,0.0,35.82,paid,GB,online_store
#4121,2025-06-23 19:00:42,CUST-01381,max.klein896@example.com,Merino Wool Beanie,Forest,1,32.75,0.0,32.75,paid,GB,online_store
#2835,2025-06-24 10:54:26,CUST-01500,tom.hartmann949@example.com,Aurora Ceramic Mug,Sage / 350ml,1,17.66,0.0,17.66,paid,NL,online_store
#2835,2025-06-24 10:54:26,CUST-01500,tom.hartmann949@example.com,Soy Wax Candle — Cedar,Set of 3,2,23.8,0.0,47.6,paid,NL,online_store
#2835,2025-06-24 10:54:26,CUST-01500,tom.hartmann949@example.com,Organic Cotton Tote,Navy,1,15.23,0.0,15.23,paid,NL,online_store
#3927,2025-06-24 11:21:52,CUST-01099,erik.richter671@example.com,Aurora Ceramic Mug,Sage / 350ml,2,18.43,0.0,36.86,paid,AT,pos
#1880,2025-06-24 12:06:31,CUST-00357,paul.krueger830@example.com,Organic Cotton Tote,Navy,1,15.23,1.6,13.63,refunded,GB,online_store
#1880,2025-06-24 12:06:31,CUST-00357,paul.krueger830@example.com,Walnut Serving Board,Large,1,52.68,6.88,45.8,refunded,GB,online_store
#4257,2025-06-24 13:02:03,CUST-01353,mia.hoffmann469@example.com,Soy Wax Candle — Cedar,Single,1,23.41,0.0,23.41,paid,DE,online_store
#4257,2025-06-24 13:02:03,CUST-01353,mia.hoffmann469@example.com,Soy Wax Candle — Cedar,Single,1,24.14,0.0,24.14,paid,DE,online_store
#4257,2025-06-24 13:02:03,CUST-01353,mia.hoffmann469@example.com,Merino Wool Beanie,Oat,1,32.26,0.0,32.26,paid,DE,online_store
#1535,2025-06-24 14:23:40,CUST-01236,mia.wagner540@example.com,Merino Wool Beanie,Oat,1,31.37,0.0,31.37,paid,CH,instagram
#1535,2025-06-24 14:23:40,CUST-01236,mia.wagner540@example.com,Aurora Ceramic Mug,Black / 350ml,1,18.2,0.0,18.2,paid,CH,instagram
#2325,2025-06-24 16:36:51,CUST-01560,felix.wagner701@example.com,Stoneware Dinner Plate Set,Set of 6,1,98.43,0.0,98.43,paid,AT,online_store
#2744,2025-06-24 18:26:48,CUST-01171,nina.mueller199@example.com,Brass Pour-Over Stand,Standard,1,69.09,0.0,69.09,paid,DE,online_store
#2949,2025-06-24 19:23:01,CUST-00254,ben.schmidt615@example.com,Recycled Glass Vase,Amber,1,43.14,0.0,43.14,paid,DE,online_store
#1266,2025-06-25 09:17:41,CUST-00763,luis.becker922@example.com,Botanical Print A3,Olive,2,28.72,0.0,57.44,paid,DE,online_store
#1266,2025-06-25 09:17:41,CUST-00763,luis.becker922@example.com,Merino Wool Beanie,Forest,1,31.98,0.0,31.98,paid,DE,online_store
#3201,2025-06-25 11:13:31,CUST-00849,felix.schmidt397@example.com,Organic Cotton Tote,Navy,2,14.66,0.0,29.32,paid,US,online_store
#3201,2025-06-25 11:13:31,CUST-00849,felix.schmidt397@example.com,Linen Throw Blanket,Charcoal,2,78.67,0.0,157.34,paid,US,online_store
#3957,2025-06-25 12:56:15,CUST-01324,lena.hoffmann466@example.com,Aurora Ceramic Mug,Black / 350ml,1,18.42,0.0,18.42,paid,DE,instagram
#3638,2025-06-25 13:41:19,CUST-00484,tom.wolf380@example.com,Organic Cotton Tote,Navy,1,15.22,0.0,15.22,refunded,DE,instagram
#2771,2025-06-25 14:16:26,CUST-01229,tom.braun140@example.com,Walnut Serving Board,Small,1,52.49,0.0,52.49,paid,DE,instagram
#3705,2025-06-25 16:12:51,CUST-01023,lena.krueger239@example.com,Soy Wax Candle — Cedar,Set of 3,1,23.53,0.0,23.53,paid,DE,draft_order
#3464,2025-06-25 17:22:51,CUST-01177,max.fischer288@example.com,Linen Throw Blanket,Natural,2,78.66,0.0,157.32,PAID,NL,online_store
#1450,2025-06-25 17:27:35,CUST-01147,erik.richter510@example.com,Organic Cotton Tote,Cream,1,14.77,0.0,14.77,paid,NL,online_store
#1450,2025-06-25 17:27:35,CUST-01147,erik.richter510@example.com,Organic Cotton Tote,Cream,1,14.77,0.0,14.77,paid,NL,online_store
#3268,2025-06-26 11:01:04,CUST-00334,paul.krueger491@example.com,Recycled Glass Vase,Amber,1,41.72,7.17,34.55,paid,GB,online_store
#2852,2025-06-26 11:27:18,CUST-01334,liam.schmidt752@example.com,Botanical Print A3,Eucalyptus,1,28.08,0.0,28.08,paid,FR,online_store
#3619,2025-06-26 12:39:44,CUST-00276,erik.krueger942@example.com,Merino Wool Beanie,Oat,1,32.6,0.0,32.6,paid,US,online_store
#3547,2025-06-26 13:41:15,CUST-01069,julia.wagner310@example.com,Merino Wool Beanie,Oat,1,32.28,0.0,32.28,paid,DE,instagram
#2398,2025-06-26 13:57:05,CUST-00997,erik.schwarz74@example.com,Linen Throw Blanket,Natural,1,79.36,0.0,79.36,paid,DE,online_store
#1249,2025-06-26 14:24:41,CUST-00636,anna.richter586@example.com,Organic Cotton Tote,Cream,1,14.57,3.08,11.49,paid,US,instagram
#1249,2025-06-26 14:24:41,CUST-00636,anna.richter586@example.com,Brass Pour-Over Stand,Standard,1,68.36,10.85,57.51,paid,US,instagram
#4521,2025-06-26 17:49:17,CUST-00508,mia.klein247@example.com,Brass Pour-Over Stand,Standard,1,68.94,0.0,68.94,paid,GB,online_store
#4161,2025-06-26 19:54:07,CUST-00849,felix.schmidt397@example.com,Linen Throw Blanket,Charcoal,1,81.15,0.0,81.15,paid,US,online_store
#1435,2025-06-27 10:11:00,CUST-00928,julia.braun621@example.com,Soy Wax Candle — Cedar,Single,1,24.43,0.0,24.43,paid,DE,online_store
#1169,2025-06-27 10:21:41,CUST-00020,laura.neumann142@example.com,Soy Wax Candle — Cedar,Set of 3,1,24.4,0.0,24.4,paid,US,online_store
#1169,2025-06-27 10:21:41,CUST-00020,laura.neumann142@example.com,Soy Wax Candle — Cedar,Set of 3,1,23.85,0.0,23.85,paid,US,online_store
#2211,2025-06-27 12:13:43,CUST-01286,laura.hoffmann400@example.com,Walnut Serving Board,Small,1,52.83,0.0,52.83,paid,AT,online_store
#2211,2025-06-27 12:13:43,CUST-01286,laura.hoffmann400@example.com,Walnut Serving Board,Large,1,52.83,0.0,52.83,paid,AT,online_store
#4493,2025-06-27 13:16:29,CUST-01238,mia.koch760@example.com,Soy Wax Candle — Cedar,Single,3,24.5,0.0,73.5,paid,GB,instagram
#2088,2025-06-27 14:40:28,CUST-01462,tom.wolf307@example.com,Linen Throw Blanket,Rust,3,80.44,0.0,241.32,paid,US,online_store
#3059,2025-06-27 14:47:02,CUST-01210,sofia.braun446@example.com,Soy Wax Candle — Cedar,Set of 3,1,23.43,3.26,20.17,paid,GB,instagram
#2188,2025-06-27 14:59:38,CUST-00055,erik.schmidt430@example.com,Walnut Serving Board,Small,1,53.04,0.0,53.04,paid,GB,pos
#2188,2025-06-27 14:59:38,CUST-00055,erik.schmidt430@example.com,Brass Pour-Over Stand,Standard,1,66.4,0.0,66.4,PAID,GB,pos
#1248,2025-06-27 17:01:48,CUST-01575,jonas.braun879@example.com,Soy Wax Candle — Cedar,Single,1,24.39,0.0,24.39,paid,FR,online_store
#2785,2025-06-27 20:07:13,CUST-00577,jonas.hoffmann603@example.com,Stoneware Dinner Plate Set,Set of 6,1,96.63,0.0,96.63,paid,GB,online_store
#2785,2025-06-27 20:07:13,CUST-00577,jonas.hoffmann603@example.com,Merino Wool Beanie,Oat,1,31.99,0.0,31.99,paid,GB,online_store
#2785,2025-06-27 20:07:13,CUST-00577,jonas.hoffmann603@example.com,Recycled Glass Vase,Smoke,1,42.62,0.0,42.62,paid,GB,online_store
#3631,2025-06-27 21:29:33,CUST-00120,luis.schmidt359@example.com,Botanical Print A3,Eucalyptus,3,28.04,0.0,84.12,paid,DE,online_store
#2207,2025-06-27 22:37:15,CUST-00104,julia.braun562@example.com,Merino Wool Beanie,Black,1,31.13,0.0,31.13,paid,US,online_store
#2445,2025-06-28 11:54:54,CUST-01622,julia.wolf164@example.com,Recycled Glass Vase,Amber,2,41.0,0.0,82.0,paid,DE,online_store
#1448,2025-06-28 15:38:21,CUST-00673,laura.richter327@example.com,Linen Throw Blanket,Charcoal,1,77.47,0.0,77.47,paid,GB,online_store
#1448,2025-06-28 15:38:21,CUST-00673,laura.richter327@example.com,Soy Wax Candle — Cedar,Set of 3,1,23.54,0.0,23.54,paid,GB,online_store
#1448,2025-06-28 15:38:21,CUST-00673,laura.richter327@example.com,Recycled Glass Vase,Smoke,2,42.21,0.0,84.42,paid,GB,online_store
#1144,2025-06-28 21:09:30,CUST-00199,liam.wolf301@example.com,Aurora Ceramic Mug,Black / 350ml,2,18.31,0.0,36.62,pending,US,online_store
#3478,2025-06-29 11:10:40,CUST-00454,ben.neumann392@example.com,Merino Wool Beanie,Oat,1,32.55,0.0,32.55,paid,US,online_store
#4430,2025-06-29 12:41:25,CUST-01560,felix.wagner701@example.com,Aurora Ceramic Mug,Sage / 350ml,1,18.46,0.0,18.46,paid,AT,pos
#2763,2025-06-29 13:05:33,CUST-00404,julia.schwarz698@example.com,Walnut Serving Board,Large,1,54.32,0.0,54.32,paid,DE,online_store
#2763,2025-06-29 13:05:33,CUST-00404,julia.schwarz698@example.com,Recycled Glass Vase,Amber,2,41.93,0.0,83.86,PAID,DE,online_store
#4378,2025-06-29 13:37:53,CUST-00654,luis.neumann213@example.com,Soy Wax Candle — Cedar,Set of 3,1,23.82,0.0,23.82,refunded,US,online_store
#4378,2025-06-29 13:37:53,CUST-00654,luis.neumann213@example.com,Soy Wax Candle — Cedar,Set of 3,1,23.79,0.0,23.79,refunded,US,online_store
#2023,2025-06-29 14:44:39,CUST-00145,luis.becker757@example.com,Merino Wool Beanie,Oat,1,32.68,0.0,32.68,paid,,instagram
#2023,2025-06-29 14:44:39,CUST-00145,luis.becker757@example.com,Aurora Ceramic Mug,White / 350ml,2,17.87,0.0,35.74,paid,US,instagram
#4335,2025-06-29 15:04:34,CUST-00216,paul.richter967@example.com,Soy Wax Candle — Cedar,Set of 3,1,24.59,0.0,24.59,paid,US,instagram
#4335,2025-06-29 15:04:34,CUST-00216,paul.richter967@example.com,Soy Wax Candle — Cedar,Set of 3,1,24.59,0.0,24.59,paid,US,instagram
#4001,2025-06-29 17:05:44,CUST-01310,liam.becker627@example.com,Aurora Ceramic Mug,Black / 350ml,1,17.92,0.0,17.92,refunded,,instagram
#4001,2025-06-29 17:05:44,CUST-01310,liam.becker627@example.com,Aurora Ceramic Mug,Black / 350ml,1,18.44,0.0,18.44,refunded,CH,instagram
#1003,2025-06-29 18:39:18,CUST-01069,julia.wagner310@example.com,Linen Throw Blanket,Rust,1,81.37,0.0,81.37,refunded,DE,online_store
#1739,2025-06-29 19:33:13,CUST-00176,clara.wagner449@example.com,Merino Wool Beanie,Oat,1,31.78,0.0,31.78,paid,AT,instagram
#1948,2025-06-29 19:51:23,CUST-01517,sofia.hoffmann290@example.com,Merino Wool Beanie,Black,1,31.69,4.73,26.96,pending,FR,instagram
#1353,2025-06-29 20:41:06,CUST-00925,nina.becker524@example.com,Merino Wool Beanie,Forest,1,32.47,0.0,32.47,paid,DE,online_store
#1353,2025-06-29 20:41:06,CUST-00925,nina.becker524@example.com,Soy Wax Candle — Cedar,Set of 3,1,23.91,0.0,23.91,paid,DE,online_store
#1541,2025-06-30 07:08:51,CUST-01307,nina.klein827@example.com,Soy Wax Candle — Cedar,Set of 3,1,23.4,0.0,23.4,PAID,FR,online_store
#1022,2025-06-30 08:01:12,CUST-00291,noah.wolf87@example.com,Organic Cotton Tote,Cream,1,15.31,0.0,15.31,paid,US,online_store
#1022,2025-06-30 08:01:12,CUST-00291,noah.wolf87@example.com,Linen Throw Blanket,Charcoal,1,79.84,0.0,79.84,paid,US,online_store
#2248,2025-06-30 11:56:15,CUST-01378,mia.schwarz326@example.com,Soy Wax Candle — Cedar,Single,1,23.68,0.0,23.68,paid,GB,online_store
#3605,2025-06-30 12:45:13,CUST-01368,marie.becker125@example.com,Recycled Glass Vase,Smoke,1,40.74,0.0,40.74,paid,AT,pos
#3605,2025-06-30 12:45:13,CUST-01368,marie.becker125@example.com,Aurora Ceramic Mug,Black / 350ml,1,17.73,0.0,17.73,paid,AT,pos
#4354,2025-06-30 13:20:16,CUST-00631,tom.becker262@example.com,Recycled Glass Vase,Smoke,1,41.75,0.0,41.75,paid,FR,instagram
#4503,2025-06-30 15:46:02,CUST-00041,ben.krueger56@example.com,Botanical Print A3,Eucalyptus,1,27.46,0.0,27.46,paid,GB,online_store
#3895,2025-06-30 16:27:14,CUST-00046,liam.mueller949@example.com,Merino Wool Beanie,Black,1,31.77,0.0,31.77,paid,FR,online_store
#2646,2025-06-30 17:52:25,CUST-00815,tom.hartmann77@example.com,Aurora Ceramic Mug,Sage / 350ml,1,18.01,0.0,18.01,paid,FR,online_store
#3136,2025-06-30 20:45:41,CUST-00179,mia.koch935@example.com,Soy Wax Candle — Cedar,Single,1,23.36,0.0,23.36,paid,DE,instagram
#3874,2025-07-01 06:22:24,CUST-01396,clara.hartmann838@example.com,Aurora Ceramic Mug,Black / 350ml,1,18.48,0.0,18.48,paid,DE,online_store
#3874,2025-07-01 06:22:24,CUST-01396,clara.hartmann838@example.com,Recycled Glass Vase,Amber,1,41.2,0.0,41.2,paid,DE,online_store
#3844,2025-07-01 10:40:56,CUST-00507,sofia.wagner730@example.com,Organic Cotton Tote,Navy,1,14.9,0.0,14.9,paid,NL,online_store
#3844,2025-07-01 10:40:56,CUST-00507,sofia.wagner730@example.com,Botanical Print A3,Eucalyptus,1,27.25,0.0,27.25,paid,NL,online_store
#3844,2025-07-01 10:40:56,CUST-00507,sofia.wagner730@example.com,Soy Wax Candle — Cedar,Single,1,23.48,0.0,23.48,paid,,online_store
#2924,2025-07-01 12:04:14,CUST-01307,nina.klein827@example.com,Recycled Glass Vase,Amber,1,42.65,6.26,36.39,paid,FR,online_store
#4340,2025-07-01 14:29:23,CUST-01436,tom.richter785@example.com,Aurora Ceramic Mug,Sage / 350ml,2,17.97,0.0,35.94,pending,GB,online_store
#4340,2025-07-01 14:29:23,CUST-01436,tom.richter785@example.com,Merino Wool Beanie,Oat,1,31.66,0.0,31.66,pending,GB,online_store
#2018,2025-07-01 15:31:52,CUST-00757,emma.hartmann266@example.com,Aurora Ceramic Mug,White / 350ml,1,18.42,0.0,18.42,paid,AT,online_store
#3223,2025-07-01 15:40:36,CUST-00565,paul.becker144@example.com,Merino Wool Beanie,Oat,2,31.83,10.58,53.08,paid,DE,online_store
#3583,2025-07-01 16:20:49,CUST-01441,tom.mueller392@example.com,Merino Wool Beanie,Oat,3,32.53,0.0,97.59,paid,GB,online_store
#1763,2025-07-01 17:50:07,CUST-01250,liam.wolf991@example.com,Aurora Ceramic Mug,Sage / 350ml,1,17.84,4.05,13.79,paid,DE,instagram
#1763,2025-07-01 17:50:07,CUST-01250,liam.wolf991@example.com,Aurora Ceramic Mug,Sage / 350ml,1,18.5,3.73,14.77,paid,DE,instagram
#2131,2025-07-02 11:10:57,CUST-01523,anna.koch363@example.com,Botanical Print A3,Eucalyptus,1,28.07,0.0,28.07,paid,CH,online_store
#4232,2025-07-02 12:02:38,CUST-01463,ben.hoffmann868@example.com,Organic Cotton Tote,Cream,1,15.18,0.0,15.18,paid,CH,online_store
#2209,2025-07-02 14:28:26,CUST-00671,luis.mueller801@example.com,Aurora Ceramic Mug,White / 350ml,1,17.55,0.0,17.55,paid,FR,online_store
#3971,2025-07-02 14:54:45,CUST-00846,felix.hoffmann34@example.com,Linen Throw Blanket,Charcoal,1,78.47,0.0,78.47,paid,US,instagram
#2782,2025-07-02 15:12:08,CUST-00803,anna.becker410@example.com,Merino Wool Beanie,Forest,1,32.05,0.0,32.05,paid,,online_store
#4052,2025-07-02 20:36:55,CUST-01442,anna.wagner639@example.com,Merino Wool Beanie,Oat,1,31.04,0.0,31.04,paid,DE,instagram
#4052,2025-07-02 20:36:55,CUST-01442,anna.wagner639@example.com,Soy Wax Candle — Cedar,Single,1,23.3,0.0,23.3,paid,DE,instagram
#2005,2025-07-02 21:57:38,CUST-01339,marie.mueller475@example.com,Recycled Glass Vase,Smoke,1,43.24,0.0,43.24,paid,FR,online_store
#3089,2025-07-03 05:02:28,CUST-01258,liam.weber653@example.com,Linen Throw Blanket,Charcoal,1,79.77,0.0,79.77,paid,US,online_store
#3862,2025-07-03 05:19:54,CUST-00167,nina.mueller689@example.com,Aurora Ceramic Mug,White / 350ml,1,17.85,0.0,17.85,paid,NL,draft_order
#3862,2025-07-03 05:19:54,CUST-00167,nina.mueller689@example.com,Soy Wax Candle — Cedar,Single,1,24.1,0.0,24.1,paid,NL,draft_order
#3795,2025-07-03 05:56:28,CUST-00912,julia.richter930@example.com,Aurora Ceramic Mug,White / 350ml,1,17.84,3.97,13.87,paid,DE,online_store
#1488,2025-07-03 10:37:19,CUST-01331,sofia.hartmann286@example.com,Linen Throw Blanket,Natural,1,77.36,0.0,77.36,PAID,DE,online_store
#1488,2025-07-03 10:37:19,CUST-01331,sofia.hartmann286@example.com,Botanical Print A3,Fern,1,28.01,0.0,28.01,paid,DE,online_store
#3309,2025-07-03 10:53:57,CUST-00500,nina.koch232@example.com,Linen Throw Blanket,Natural,1,77.87,0.0,77.87,paid,DE,online_store
#2756,2025-07-03 13:16:50,CUST-00500,nina.koch232@example.com,Recycled Glass Vase,Smoke,1,42.42,0.0,42.42,refunded,DE,online_store
#2756,2025-07-03 13:16:50,CUST-00500,nina.koch232@example.com,Stoneware Dinner Plate Set,Set of 6,2,95.77,0.0,191.54,refunded,DE,online_store
#3568,2025-07-03 15:48:12,CUST-00014,laura.richter656@example.com,Organic Cotton Tote,Navy,1,15.19,0.0,15.19,paid,GB,online_store
#3568,2025-07-03 15:48:12,CUST-00014,laura.richter656@example.com,Recycled Glass Vase,Amber,1,42.37,0.0,42.37,paid,GB,online_store
#3568,2025-07-03 15:48:12,CUST-00014,laura.richter656@example.com,Botanical Print A3,Fern,1,27.61,0.0,27.61,paid,,online_store
#2519,2025-07-03 17:21:27,CUST-00010,jonas.klein876@example.com,Botanical Print A3,Eucalyptus,1,27.98,0.0,27.98,paid,DE,online_store
#2519,2025-07-03 17:21:27,CUST-00010,jonas.klein876@example.com,Linen Throw Blanket,Charcoal,1,79.48,0.0,79.48,paid,DE,online_store
#4059,2025-07-03 17:48:30,CUST-01545,emma.wolf672@example.com,Organic Cotton Tote,Cream,1,14.65,0.0,14.65,paid,GB,online_store
#3864,2025-07-04 10:17:18,CUST-01619,laura.hoffmann87@example.com,Merino Wool Beanie,Forest,1,31.79,4.8,26.99,paid,DE,instagram
#3999,2025-07-04 11:24:27,CUST-01384,ben.wagner613@example.com,Aurora Ceramic Mug,Black / 350ml,1,17.86,0.0,17.86,paid,DE,pos
#3999,2025-07-04 11:24:27,CUST-01384,ben.wagner613@example.com,Organic Cotton Tote,Cream,1,14.99,0.0,14.99,paid,DE,pos
#3999,2025-07-04 11:24:27,CUST-01384,ben.wagner613@example.com,Aurora Ceramic Mug,Black / 350ml,1,17.86,0.0,17.86,paid,DE,pos
#3044,2025-07-04 13:58:40,CUST-00454,ben.neumann392@example.com,Linen Throw Blanket,Charcoal,1,77.34,0.0,77.34,paid,US,instagram
#1178,2025-07-04 15:17:23,CUST-00152,mia.schmidt831@example.com,Soy Wax Candle — Cedar,Set of 3,1,23.99,0.0,23.99,paid,GB,online_store
#1178,2025-07-04 15:17:23,CUST-00152,mia.schmidt831@example.com,Walnut Serving Board,Small,1,52.54,0.0,52.54,paid,GB,online_store
#1211,2025-07-04 15:27:44,CUST-00674,emma.richter484@example.com,Soy Wax Candle — Cedar,Single,1,23.91,0.0,23.91,paid,US,online_store
#1684,2025-07-04 17:34:13,CUST-01352,luis.klein377@example.com,Organic Cotton Tote,Navy,1,15.13,0.0,15.13,paid,FR,pos
#1684,2025-07-04 17:34:13,CUST-01352,luis.klein377@example.com,Recycled Glass Vase,Amber,1,42.24,0.0,42.24,paid,FR,pos
#1913,2025-07-04 17:44:12,CUST-00156,erik.schmidt758@example.com,Aurora Ceramic Mug,White / 350ml,1,18.47,0.0,18.47,paid,DE,online_store
#1913,2025-07-04 17:44:12,CUST-00156,erik.schmidt758@example.com,Aurora Ceramic Mug,White / 350ml,1,18.47,0.0,18.47,paid,DE,online_store
#2425,2025-07-04 19:52:43,CUST-01097,tom.wagner685@example.com,Aurora Ceramic Mug,White / 350ml,2,18.38,0.0,36.76,paid,DE,draft_order
#3235,2025-07-05 05:38:51,CUST-00538,jonas.richter733@example.com,Brass Pour-Over Stand,Standard,1,66.56,0.0,66.56,paid,US,online_store
#1133,2025-07-05 09:35:38,CUST-01392,felix.hartmann682@example.com,Merino Wool Beanie,Black,1,32.58,0.0,32.58,paid,AT,instagram
#2167,2025-07-05 11:39:03,CUST-00215,luis.neumann936@example.com,Brass Pour-Over Stand,Standard,1,67.54,0.0,67.54,paid,DE,online_store
#3885,2025-07-05 12:40:43,CUST-01118,felix.krueger842@example.com,Aurora Ceramic Mug,White / 350ml,1,17.72,2.98,14.74,paid,AT,online_store
#3885,2025-07-05 12:40:43,CUST-01118,felix.krueger842@example.com,Organic Cotton Tote,Cream,1,15.3,1.76,13.54,paid,AT,online_store
#4187,2025-07-05 12:52:43,CUST-00046,liam.mueller949@example.com,Walnut Serving Board,Small,1,53.73,0.0,53.73,paid,FR,online_store
#3192,2025-07-05 13:24:16,CUST-00495,luis.braun543@example.com,Aurora Ceramic Mug,White / 350ml,2,17.7,0.0,35.4,paid,FR,pos
#3296,2025-07-05 14:15:00,CUST-01343,erik.hoffmann83@example.com,Recycled Glass Vase,Smoke,1,42.79,0.0,42.79,paid,GB,instagram
#3296,2025-07-05 14:15:00,CUST-01343,erik.hoffmann83@example.com,Botanical Print A3,Fern,1,27.24,0.0,27.24,paid,GB,instagram
#3597,2025-07-05 14:20:53,CUST-00804,clara.schwarz490@example.com,Organic Cotton Tote,Navy,1,15.37,0.0,15.37,pending,FR,pos
#3597,2025-07-05 14:20:53,CUST-00804,clara.schwarz490@example.com,Recycled Glass Vase,Smoke,1,42.04,0.0,42.04,pending,FR,pos
#3597,2025-07-05 14:20:53,CUST-00804,clara.schwarz490@example.com,Organic Cotton Tote,Navy,1,15.37,0.0,15.37,pending,FR,pos
#4518,2025-07-05 16:36:53,CUST-01517,sofia.hoffmann290@example.com,Soy Wax Candle — Cedar,Single,1,23.29,0.0,23.29,paid,FR,instagram
#1385,2025-07-06 13:34:01,CUST-00988,julia.wolf308@example.com,Aurora Ceramic Mug,Sage / 350ml,1,18.34,0.0,18.34,paid,DE,online_store
#1385,2025-07-06 13:34:01,CUST-00988,julia.wolf308@example.com,Linen Throw Blanket,Rust,1,77.69,0.0,77.69,paid,DE,online_store
#1385,2025-07-06 13:34:01,CUST-00988,julia.wolf308@example.com,Soy Wax Candle — Cedar,Single,1,24.07,0.0,24.07,paid,DE,online_store
#4291,2025-07-06 14:20:51,CUST-01125,emma.richter228@example.com,Botanical Print A3,Fern,1,27.46,4.88,22.58,paid,FR,online_store
#4291,2025-07-06 14:20:51,CUST-01125,emma.richter228@example.com,Recycled Glass Vase,Smoke,1,42.59,6.88,35.71,paid,FR,online_store
#3942,2025-07-06 14:49:04,CUST-00522,laura.fischer573@example.com,Brass Pour-Over Stand,Standard,1,68.49,16.3,52.19,paid,AT,online_store
#3942,2025-07-06 14:49:04,CUST-00522,laura.fischer573@example.com,Soy Wax Candle — Cedar,Set of 3,1,24.42,3.52,20.9,paid,AT,online_store
#3582,2025-07-06 15:45:44,CUST-01376,erik.hoffmann228@example.com,Aurora Ceramic Mug,White / 350ml,1,17.75,0.0,17.75,paid,,online_store
#4116,2025-07-06 16:57:30,CUST-00902,felix.wagner523@example.com,Walnut Serving Board,Large,2,54.43,0.0,108.86,paid,DE,online_store
#4116,2025-07-06 16:57:30,CUST-00902,felix.wagner523@example.com,Walnut Serving Board,Large,2,54.43,0.0,108.86,paid,DE,online_store
#3646,2025-07-06 19:43:35,CUST-01532,tom.wagner946@example.com,Merino Wool Beanie,Black,1,31.56,0.0,31.56,paid,GB,online_store
#3519,2025-07-07 10:41:27,CUST-00165,erik.schmidt753@example.com,Linen Throw Blanket,Natural,1,80.38,0.0,80.38,paid,DE,online_store
#3519,2025-07-07 10:41:27,CUST-00165,erik.schmidt753@example.com,Organic Cotton Tote,Navy,1,15.03,0.0,15.03,paid,DE,online_store
#3444,2025-07-07 15:32:06,CUST-01250,liam.wolf991@example.com,Soy Wax Candle — Cedar,Single,1,24.14,4.4,19.74,paid,DE,pos
#1940,2025-07-07 15:34:01,CUST-01441,tom.mueller392@example.com,Merino Wool Beanie,Oat,2,31.9,0.0,63.8,paid,GB,online_store
#1940,2025-07-07 15:34:01,CUST-01441,tom.mueller392@example.com,Aurora Ceramic Mug,White / 350ml,2,18.2,0.0,36.4,PAID,GB,online_store
#1420,2025-07-07 17:56:12,CUST-00840,max.wagner666@example.com,Merino Wool Beanie,Forest,1,31.43,0.0,31.43,paid,CH,online_store
#3532,2025-07-07 19:31:18,CUST-00112,tom.mueller306@example.com,Botanical Print A3,Olive,1,27.66,0.0,27.66,paid,FR,instagram
#3532,2025-07-07 19:31:18,CUST-00112,tom.mueller306@example.com,Organic Cotton Tote,Navy,2,14.76,0.0,29.52,paid,FR,instagram
#1944,2025-07-07 19:53:27,CUST-01172,anna.hartmann817@example.com,Aurora Ceramic Mug,White / 350ml,1,17.84,0.0,17.84,paid,DE,online_store
#3907,2025-07-08 10:18:14,CUST-00017,nina.wolf512@example.com,Soy Wax Candle — Cedar,Set of 3,1,23.7,3.96,19.74,paid,US,online_store
#2945,2025-07-08 12:50:20,CUST-00007,max.richter748@example.com,Organic Cotton Tote,Navy,1,15.25,0.0,15.25,paid,US,online_store
#2526,2025-07-08 16:12:09,CUST-00219,laura.neumann405@example.com,Aurora Ceramic Mug,Black / 350ml,1,18.08,1.95,16.13,paid,DE,online_store
#2526,2025-07-08 16:12:09,CUST-00219,laura.neumann405@example.com,Botanical Print A3,Olive,1,28.34,4.39,23.95,paid,DE,online_store
#2503,2025-07-08 17:29:27,CUST-01106,tom.schwarz19@example.com,Walnut Serving Board,Large,1,52.4,0.0,52.4,paid,US,online_store
#2759,2025-07-08 21:32:27,CUST-00705,emma.braun169@example.com,Soy Wax Candle — Cedar,Set of 3,1,23.41,5.75,17.66,paid,GB,online_store
#1342,2025-07-09 12:23:27,CUST-01051,anna.weber675@example.com,Aurora Ceramic Mug,Black / 350ml,1,17.78,0.0,17.78,paid,DE,draft_order
#4515,2025-07-09 13:25:29,CUST-00474,laura.koch339@example.com,Stoneware Dinner Plate Set,Set of 4,1,98.2,10.85,87.35,paid,GB,pos
#1384,2025-07-09 15:11:40,CUST-00284,nina.wolf643@example.com,Linen Throw Blanket,Charcoal,1,79.27,9.63,69.64,paid,DE,online_store
#3463,2025-07-09 15:57:28,CUST-00628,clara.weber31@example.com,Organic Cotton Tote,Navy,2,15.04,0.0,30.08,refunded,DE,online_store
#4448,2025-07-09 18:46:01,CUST-00843,felix.braun536@example.com,Aurora Ceramic Mug,Black / 350ml,1,17.59,0.0,17.59,paid,DE,draft_order
#1975,2025-07-09 23:38:21,CUST-00334,paul.krueger491@example.com,Linen Throw Blanket,Natural,1,80.07,0.0,80.07,paid,GB,pos
#1525,2025-07-10 11:14:28,CUST-00291,noah.wolf87@example.com,Organic Cotton Tote,Navy,1,15.25,0.0,15.25,refunded,US,pos
#1525,2025-07-10 11:14:28,CUST-00291,noah.wolf87@example.com,Organic Cotton Tote,Cream,1,15.44,0.0,15.44,refunded,US,pos
#3557,2025-07-10 11:15:23,CUST-01117,emma.wolf424@example.com,Aurora Ceramic Mug,Sage / 350ml,1,17.81,0.0,17.81,PAID,CH,online_store
#2906,2025-07-10 11:17:57,CUST-00221,clara.schwarz963@example.com,Soy Wax Candle — Cedar,Single,1,23.81,0.0,23.81,paid,US,online_store
#2906,2025-07-10 11:17:57,CUST-00221,clara.schwarz963@example.com,Soy Wax Candle — Cedar,Single,1,23.81,0.0,23.81,paid,US,online_store
#3800,2025-07-10 11:58:02,CUST-00302,emma.neumann974@example.com,Aurora Ceramic Mug,White / 350ml,1,17.92,0.0,17.92,paid,DE,online_store
#1024,2025-07-10 12:09:56,CUST-01546,marie.wolf752@example.com,Walnut Serving Board,Small,3,53.17,0.0,159.51,paid,AT,instagram
#3402,2025-07-10 14:20:24,CUST-00710,liam.neumann90@example.com,Merino Wool Beanie,Black,2,31.63,0.0,63.26,paid,DE,instagram
#3402,2025-07-10 14:20:24,CUST-00710,liam.neumann90@example.com,Linen Throw Blanket,Natural,1,80.58,0.0,80.58,paid,DE,instagram
#3402,2025-07-10 14:20:24,CUST-00710,liam.neumann90@example.com,Soy Wax Candle — Cedar,Set of 3,1,23.93,0.0,23.93,paid,DE,instagram
#1923,2025-07-10 18:06:47,CUST-00671,luis.mueller801@example.com,Aurora Ceramic Mug,Black / 350ml,1,18.44,0.0,18.44,paid,FR,instagram
#3827,2025-07-10 20:48:36,CUST-00731,erik.schwarz911@example.com,Linen Throw Blanket,Rust,1,76.75,0.0,76.75,paid,NL,instagram
#1001,2025-07-10 20:58:56,CUST-00023,julia.richter882@example.com,Stoneware Dinner Plate Set,Set of 6,1,96.39,0.0,96.39,paid,AT,online_store
#2278,2025-07-10 22:21:26,CUST-01649,anna.fischer681@example.com,Soy Wax Candle — Cedar,Single,1,23.37,0.0,23.37,paid,GB,online_store
#2278,2025-07-10 22:21:26,CUST-01649,anna.fischer681@example.com,Walnut Serving Board,Small,1,53.42,0.0,53.42,paid,GB,online_store
#1735,2025-07-10 23:36:38,CUST-01163,nina.neumann630@example.com,Aurora Ceramic Mug,Black / 350ml,1,18.52,0.0,18.52,paid,GB,online_store
#2378,2025-07-11 11:15:40,CUST-01510,nina.koch24@example.com,Recycled Glass Vase,Amber,1,42.18,0.0,42.18,paid,AT,instagram
#2378,2025-07-11 11:15:40,CUST-01510,nina.koch24@example.com,Aurora Ceramic Mug,Black / 350ml,1,18.01,0.0,18.01,paid,AT,instagram
#1476,2025-07-11 15:24:08,CUST-00001,noah.mueller251@example.com,Organic Cotton Tote,Navy,1,15.42,0.0,15.42,paid,DE,online_store
#1476,2025-07-11 15:24:08,CUST-00001,noah.mueller251@example.com,Soy Wax Candle — Cedar,Set of 3,1,24.11,0.0,24.11,paid,DE,online_store
#2973,2025-07-11 20:10:33,CUST-01155,erik.becker768@example.com,Organic Cotton Tote,Navy,1,14.94,0.0,14.94,paid,GB,pos
#2973,2025-07-11 20:10:33,CUST-01155,erik.becker768@example.com,Soy Wax Candle — Cedar,Single,1,24.16,0.0,24.16,paid,GB,pos
#1710,2025-07-12 13:57:18,CUST-00313,erik.wagner54@example.com,Recycled Glass Vase,Smoke,1,43.05,0.0,43.05,paid,GB,pos
#1710,2025-07-12 13:57:18,CUST-00313,erik.wagner54@example.com,Merino Wool Beanie,Forest,1,31.82,0.0,31.82,paid,GB,pos
#2050,2025-07-12 15:36:28,CUST-00404,julia.schwarz698@example.com,Linen Throw Blanket,Rust,1,80.28,0.0,80.28,paid,DE,online_store
#2217,2025-07-12 17:55:22,CUST-01441,tom.mueller392@example.com,Aurora Ceramic Mug,Sage / 350ml,3,18.03,5.73,48.36,paid,GB,online_store
#1119,2025-07-12 17:58:41,CUST-01614,julia.klein908@example.com,Walnut Serving Board,Small,1,52.45,0.0,52.45,paid,GB,online_store
#4470,2025-07-12 23:41:19,CUST-00014,laura.richter656@example.com,Aurora Ceramic Mug,Sage / 350ml,1,17.79,0.0,17.79,paid,GB,online_store
#4470,2025-07-12 23:41:19,CUST-00014,laura.richter656@example.com,Merino Wool Beanie,Oat,2,31.49,0.0,62.98,paid,GB,online_store
#4470,2025-07-12 23:41:19,CUST-00014,laura.richter656@example.com,Merino Wool Beanie,Forest,1,31.62,0.0,31.62,paid,GB,online_store
#1056,2025-07-13 08:08:45,CUST-00756,liam.schwarz698@example.com,Recycled Glass Vase,Smoke,1,43.07,0.0,43.07,paid,DE,online_store
#2613,2025-07-13 14:46:36,CUST-00179,mia.koch935@example.com,Linen Throw Blanket,Natural,1,77.02,0.0,77.02,paid,DE,draft_order
#1203,2025-07-13 15:53:01,CUST-01546,marie.wolf752@example.com,Walnut Serving Board,Large,1,53.8,0.0,53.8,paid,AT,online_store
#1203,2025-07-13 15:53:01,CUST-01546,marie.wolf752@example.com,Linen Throw Blanket,Charcoal,1,80.15,0.0,80.15,paid,AT,online_store
#1722,2025-07-13 16:24:45,CUST-00698,liam.schwarz430@example.com,Organic Cotton Tote,Cream,1,15.35,0.0,15.35,paid,CH,online_store
#1722,2025-07-13 16:24:45,CUST-00698,liam.schwarz430@example.com,Brass Pour-Over Stand,Standard,1,68.29,0.0,68.29,paid,CH,online_store
#1770,2025-07-13 17:36:49,CUST-01538,paul.becker843@example.com,Aurora Ceramic Mug,White / 350ml,1,18.1,0.0,18.1,paid,DE,online_store
#3772,2025-07-14 07:38:24,CUST-01661,felix.braun61@example.com,Linen Throw Blanket,Rust,1,78.08,0.0,78.08,paid,GB,online_store
#3807,2025-07-14 12:38:41,CUST-00032,paul.richter622@example.com,Merino Wool Beanie,Oat,1,32.22,0.0,32.22,paid,US,online_store
#3229,2025-07-14 13:04:59,CUST-01213,luis.weber181@example.com,Botanical Print A3,Fern,1,27.7,0.0,27.7,paid,DE,pos
#3229,2025-07-14 13:04:59,CUST-01213,luis.weber181@example.com,Brass Pour-Over Stand,Standard,1,68.17,0.0,68.17,paid,DE,pos
#1088,2025-07-14 13:16:16,CUST-00597,max.richter681@example.com,Organic Cotton Tote,Cream,1,15.03,0.0,15.03,paid,,pos
#3037,2025-07-15 10:21:28,CUST-01375,laura.koch95@example.com,Brass Pour-Over Stand,Standard,2,68.67,0.0,137.34,paid,DE,online_store
#2589,2025-07-15 10:47:49,CUST-00078,laura.schmidt228@example.com,Aurora Ceramic Mug,White / 350ml,2,18.12,0.0,36.24,paid,DE,instagram
#2589,2025-07-15 10:47:49,CUST-00078,laura.schmidt228@example.com,Linen Throw Blanket,Charcoal,1,78.52,0.0,78.52,paid,DE,instagram
#1507,2025-07-15 16:59:00,CUST-01594,sofia.schmidt368@example.com,Linen Throw Blanket,Rust,1,79.0,0.0,79.0,paid,AT,online_store
#1507,2025-07-15 16:59:00,CUST-01594,sofia.schmidt368@example.com,Recycled Glass Vase,Smoke,1,41.05,0.0,41.05,paid,AT,online_store
#2185,2025-07-15 17:07:30,CUST-00532,anna.klein649@example.com,Organic Cotton Tote,Cream,3,15.21,0.0,45.63,paid,US,pos
#2185,2025-07-15 17:07:30,CUST-00532,anna.klein649@example.com,Aurora Ceramic Mug,White / 350ml,1,18.15,0.0,18.15,paid,US,pos
#3241,2025-07-15 17:51:55,CUST-00483,clara.neumann510@example.com,Aurora Ceramic Mug,Sage / 350ml,1,18.02,0.0,18.02,paid,US,online_store
#2254,2025-07-16 11:28:28,CUST-01203,erik.richter402@example.com,Recycled Glass Vase,Amber,1,41.63,0.0,41.63,paid,DE,instagram
#2254,2025-07-16 11:28:28,CUST-01203,erik.richter402@example.com,Merino Wool Beanie,Forest,1,31.81,0.0,31.81,paid,DE,instagram
#2234,2025-07-16 12:42:57,CUST-01545,emma.wolf672@example.com,Organic Cotton Tote,Cream,1,15.24,0.0,15.24,paid,GB,online_store
#4074,2025-07-16 13:03:08,CUST-00754,anna.richter883@example.com,Organic Cotton Tote,Navy,1,15.07,0.0,15.07,paid,DE,online_store
#4074,2025-07-16 13:03:08,CUST-00754,anna.richter883@example.com,Merino Wool Beanie,Black,1,32.62,0.0,32.62,paid,DE,online_store
#2431,2025-07-16 13:46:06,CUST-01404,luis.neumann14@example.com,Organic Cotton Tote,Cream,1,15.08,0.0,15.08,paid,,instagram
#3943,2025-07-16 14:47:15,CUST-01048,erik.koch65@example.com,Linen Throw Blanket,Charcoal,1,78.38,0.0,78.38,paid,GB,online_store
#3943,2025-07-16 14:47:15,CUST-01048,erik.koch65@example.com,Merino Wool Beanie,Black,2,31.3,0.0,62.6,paid,GB,online_store
#3529,2025-07-17 09:43:00,CUST-00179,mia.koch935@example.com,Linen Throw Blanket,Rust,1,80.11,0.0,80.11,paid,DE,online_store
#3529,2025-07-17 09:43:00,CUST-00179,mia.koch935@example.com,Brass Pour-Over Stand,Standard,2,66.99,0.0,133.98,paid,DE,online_store
#1998,2025-07-17 13:00:47,CUST-01223,max.weber887@example.com,Merino Wool Beanie,Oat,1,32.84,0.0,32.84,paid,DE,instagram
#1998,2025-07-17 13:00:47,CUST-01223,max.weber887@example.com,Linen Throw Blanket,Natural,3,78.8,0.0,236.4,paid,DE,instagram
#1998,2025-07-17 13:00:47,CUST-01223,max.weber887@example.com,Walnut Serving Board,Large,1,54.17,0.0,54.17,paid,DE,instagram
#2472,2025-07-17 13:05:54,CUST-00341,paul.hartmann377@example.com,Linen Throw Blanket,Rust,1,78.41,0.0,78.41,paid,AT,online_store
#2472,2025-07-17 13:05:54,CUST-00341,paul.hartmann377@example.com,Merino Wool Beanie,Black,1,32.51,0.0,32.51,paid,AT,online_store
#3749,2025-07-17 14:17:57,CUST-00254,ben.schmidt615@example.com,Recycled Glass Vase,Amber,1,41.16,0.0,41.16,paid,DE,online_store
#3749,2025-07-17 14:17:57,CUST-00254,ben.schmidt615@example.com,Aurora Ceramic Mug,Sage / 350ml,1,17.73,0.0,17.73,paid,DE,online_store
#3336,2025-07-17 16:19:53,CUST-01339,marie.mueller475@example.com,Aurora Ceramic Mug,White / 350ml,1,18.04,0.0,18.04,paid,FR,online_store
#4304,2025-07-17 17:16:22,CUST-01078,noah.koch870@example.com,Recycled Glass Vase,Smoke,2,43.24,0.0,86.48,paid,GB,instagram
#3590,2025-07-17 19:00:55,CUST-00164,laura.richter506@example.com,Merino Wool Beanie,Black,1,32.63,0.0,32.63,paid,US,online_store
#2156,2025-07-17 21:45:08,CUST-00465,julia.klein939@example.com,Aurora Ceramic Mug,Black / 350ml,1,17.8,0.0,17.8,refunded,FR,instagram
#1403,2025-07-18 09:51:42,CUST-01527,tom.wolf136@example.com,Recycled Glass Vase,Amber,1,40.9,0.0,40.9,paid,DE,pos
#1403,2025-07-18 09:51:42,CUST-01527,tom.wolf136@example.com,Linen Throw Blanket,Natural,1,80.72,0.0,80.72,paid,DE,pos
#4248,2025-07-18 11:53:35,CUST-00185,nina.hartmann458@example.com,Aurora Ceramic Mug,White / 350ml,2,18.2,0.0,36.4,paid,US,online_store
#4248,2025-07-18 11:53:35,CUST-00185,nina.hartmann458@example.com,Aurora Ceramic Mug,Sage / 350ml,1,18.54,0.0,18.54,paid,US,online_store
#4205,2025-07-18 12:10:45,CUST-01234,clara.braun591@example.com,Brass Pour-Over Stand,Standard,1,68.89,0.0,68.89,paid,US,pos
#4205,2025-07-18 12:10:45,CUST-01234,clara.braun591@example.com,Stoneware Dinner Plate Set,Set of 6,1,93.72,0.0,93.72,PAID,US,pos
#1127,2025-07-18 13:49:44,CUST-01337,emma.braun136@example.com,Merino Wool Beanie,Oat,1,31.95,0.0,31.95,paid,US,online_store
#2539,2025-07-18 14:46:13,CUST-00700,noah.hartmann592@example.com,Merino Wool Beanie,Black,1,32.84,0.0,32.84,paid,GB,online_store
#2539,2025-07-18 14:46:13,CUST-00700,noah.hartmann592@example.com,Botanical Print A3,Fern,1,28.62,0.0,28.62,paid,GB,online_store
#3271,2025-07-18 15:30:38,CUST-00500,nina.koch232@example.com,Aurora Ceramic Mug,Sage / 350ml,1,17.86,0.0,17.86,paid,DE,online_store
#3271,2025-07-18 15:30:38,CUST-00500,nina.koch232@example.com,Merino Wool Beanie,Forest,1,31.75,0.0,31.75,paid,DE,online_store
#3271,2025-07-18 15:30:38,CUST-00500,nina.koch232@example.com,Soy Wax Candle — Cedar,Single,1,23.72,0.0,23.72,paid,DE,online_store
#1002,2025-07-18 16:40:32,CUST-00296,felix.richter673@example.com,Organic Cotton Tote,Navy,1,15.37,0.0,15.37,pending,CH,draft_order
#3873,2025-07-18 20:59:25,CUST-00060,mia.hoffmann136@example.com,Organic Cotton Tote,Navy,2,14.61,0.0,29.22,paid,AT,online_store
#3050,2025-07-19 07:49:00,CUST-00075,jonas.becker831@example.com,Aurora Ceramic Mug,Black / 350ml,1,17.97,0.0,17.97,paid,DE,online_store
#3573,2025-07-19 13:48:03,CUST-01634,laura.schwarz599@example.com,Organic Cotton Tote,Cream,1,14.69,0.0,14.69,refunded,US,pos
#3573,2025-07-19 13:48:03,CUST-01634,laura.schwarz599@example.com,Walnut Serving Board,Small,1,54.31,0.0,,refunded,US,pos
#1135,2025-07-19 13:50:30,CUST-00070,noah.fischer708@example.com,Soy Wax Candle — Cedar,Single,1,24.32,0.0,24.32,paid,AT,online_store
#1135,2025-07-19 13:50:30,CUST-00070,noah.fischer708@example.com,Soy Wax Candle — Cedar,Set of 3,1,23.42,0.0,23.42,paid,AT,online_store
#1135,2025-07-19 13:50:30,CUST-00070,noah.fischer708@example.com,Linen Throw Blanket,Rust,2,79.02,0.0,158.04,paid,AT,online_store
#4263,2025-07-19 15:28:25,CUST-01298,mia.weber610@example.com,Walnut Serving Board,Small,1,53.57,0.0,53.57,paid,FR,online_store
#1394,2025-07-19 17:00:58,CUST-01431,mia.hartmann377@example.com,Linen Throw Blanket,Charcoal,1,80.61,0.0,80.61,paid,DE,online_store
#1394,2025-07-19 17:00:58,CUST-01431,mia.hartmann377@example.com,Aurora Ceramic Mug,Black / 350ml,1,17.8,0.0,17.8,paid,DE,online_store
#3868,2025-07-19 17:09:24,CUST-00211,sofia.richter739@example.com,Soy Wax Candle — Cedar,Set of 3,1,23.53,0.0,23.53,paid,,online_store
#3226,2025-07-19 17:21:12,CUST-00208,felix.mueller675@example.com,Merino Wool Beanie,Forest,1,31.71,0.0,31.71,paid,US,online_store
#3226,2025-07-19 17:21:12,CUST-00208,felix.mueller675@example.com,Brass Pour-Over Stand,Standard,3,67.25,0.0,201.75,paid,US,online_store
#2570,2025-07-19 18:45:03,CUST-00334,paul.krueger491@example.com,Recycled Glass Vase,Amber,1,40.97,8.76,32.21,paid,GB,draft_order
#4173,2025-07-19 19:06:07,CUST-00010,jonas.klein876@example.com,Linen Throw Blanket,Charcoal,1,78.1,0.0,78.1,refunded,DE,online_store
#3797,2025-07-20 13:00:11,CUST-00941,max.richter407@example.com,Linen Throw Blanket,Natural,1,80.64,0.0,80.64,paid,FR,online_store
#3909,2025-07-20 15:29:21,CUST-00338,clara.schmidt196@example.com,Aurora Ceramic Mug,Black / 350ml,2,18.5,0.0,37.0,paid,DE,online_store
#3909,2025-07-20 15:29:21,CUST-00338,clara.schmidt196@example.com,Aurora Ceramic Mug,Sage / 350ml,1,17.78,0.0,17.78,paid,DE,online_store
#1192,2025-07-20 16:08:39,CUST-01517,sofia.hoffmann290@example.com,Merino Wool Beanie,Forest,2,31.14,0.0,62.28,paid,FR,instagram
#3777,2025-07-20 16:46:12,CUST-01639,luis.neumann122@example.com,Aurora Ceramic Mug,White / 350ml,1,18.54,0.0,18.54,paid,GB,online_store
#3777,2025-07-20 16:46:12,CUST-01639,luis.neumann122@example.com,Stoneware Dinner Plate Set,Set of 6,2,94.25,0.0,188.5,paid,GB,online_store
#3777,2025-07-20 16:46:12,CUST-01639,luis.neumann122@example.com,Stoneware Dinner Plate Set,Set of 6,1,96.74,0.0,96.74,paid,GB,online_store
#2265,2025-07-20 16:54:44,CUST-01163,nina.neumann630@example.com,Botanical Print A3,Eucalyptus,1,27.51,0.0,27.51,paid,GB,online_store
#2265,2025-07-20 16:54:44,CUST-01163,nina.neumann630@example.com,Brass Pour-Over Stand,Standard,1,67.7,0.0,67.7,paid,GB,online_store
#4242,2025-07-20 18:25:04,CUST-00376,emma.hartmann559@example.com,Merino Wool Beanie,Oat,1,31.09,7.21,23.88,pending,DE,pos
#3146,2025-07-20 20:39:44,CUST-01044,marie.richter614@example.com,Recycled Glass Vase,Smoke,1,42.91,0.0,42.91,paid,AT,online_store
#2713,2025-07-20 23:13:11,CUST-01337,emma.braun136@example.com,Recycled Glass Vase,Smoke,1,41.32,7.44,33.88,paid,US,online_store
#2713,2025-07-20 23:13:11,CUST-01337,emma.braun136@example.com,Aurora Ceramic Mug,Black / 350ml,1,18.42,4.4,14.02,paid,US,online_store
#1357,2025-07-21 10:40:11,CUST-01236,mia.wagner540@example.com,Organic Cotton Tote,Cream,1,14.7,0.0,14.7,paid,CH,online_store
#1357,2025-07-21 10:40:11,CUST-01236,mia.wagner540@example.com,Soy Wax Candle — Cedar,Set of 3,1,24.12,0.0,24.12,paid,CH,online_store
#2016,2025-07-21 10:44:15,CUST-01600,marie.weber801@example.com,Soy Wax Candle — Cedar,Single,3,23.33,0.0,69.99,paid,GB,online_store
#1458,2025-07-21 11:31:21,CUST-00852,max.hoffmann988@example.com,Merino Wool Beanie,Forest,1,31.48,0.0,31.48,paid,DE,online_store
#1106,2025-07-21 14:03:24,CUST-00651,anna.wolf240@example.com,Organic Cotton Tote,Navy,1,15.13,0.0,15.13,paid,DE,online_store
#2349,2025-07-21 16:16:13,CUST-01580,liam.wolf646@example.com,Soy Wax Candle — Cedar,Single,1,24.16,0.0,24.16,paid,NL,online_store
#2902,2025-07-21 16:56:00,CUST-00187,anna.hoffmann245@example.com,Recycled Glass Vase,Amber,3,41.53,25.92,98.67,paid,GB,draft_order
#2902,2025-07-21 16:56:00,CUST-00187,anna.hoffmann245@example.com,Brass Pour-Over Stand,Standard,2,66.73,32.47,100.99,paid,GB,draft_order
#3487,2025-07-21 18:52:35,CUST-01567,marie.richter941@example.com,Organic Cotton Tote,Navy,1,14.64,0.0,14.64,PAID,NL,online_store
#1988,2025-07-21 21:47:58,CUST-01545,emma.wolf672@example.com,Soy Wax Candle — Cedar,Single,1,24.31,0.0,24.31,paid,GB,online_store
#1988,2025-07-21 21:47:58,CUST-01545,emma.wolf672@example.com,Soy Wax Candle — Cedar,Single,3,23.41,0.0,70.23,paid,GB,online_store
#1694,2025-07-21 22:53:57,CUST-01653,mia.hoffmann555@example.com,Aurora Ceramic Mug,Sage / 350ml,1,18.46,0.0,18.46,paid,GB,online_store
#4229,2025-07-22 06:52:06,CUST-00010,jonas.klein876@example.com,Linen Throw Blanket,Rust,1,80.29,0.0,80.29,paid,DE,online_store
#4339,2025-07-22 13:59:25,CUST-00859,anna.koch534@example.com,Linen Throw Blanket,Natural,1,81.07,0.0,81.07,paid,DE,instagram
#3413,2025-07-22 14:07:20,CUST-01061,paul.braun785@example.com,Botanical Print A3,Fern,2,27.33,10.57,44.09,paid,GB,online_store
#3052,2025-07-22 14:09:49,CUST-01209,jonas.becker394@example.com,Merino Wool Beanie,Black,1,31.6,0.0,31.6,paid,DE,online_store
#3079,2025-07-22 14:31:53,CUST-01175,liam.klein695@example.com,Merino Wool Beanie,Forest,1,31.93,0.0,31.93,paid,DE,online_store
#4255,2025-07-22 18:13:42,CUST-01198,marie.neumann838@example.com,Merino Wool Beanie,Oat,1,32.47,0.0,32.47,paid,DE,instagram
#4255,2025-07-22 18:13:42,CUST-01198,marie.neumann838@example.com,Walnut Serving Board,Small,1,53.41,0.0,53.41,paid,DE,instagram
#3938,2025-07-22 23:33:56,CUST-00184,anna.richter290@example.com,Soy Wax Candle — Cedar,Set of 3,1,23.96,0.0,23.96,paid,FR,online_store
#3938,2025-07-22 23:33:56,CUST-00184,anna.richter290@example.com,Walnut Serving Board,Large,1,54.63,0.0,54.63,paid,FR,online_store
#2197,2025-07-23 08:45:57,CUST-00675,nina.koch103@example.com,Soy Wax Candle — Cedar,Set of 3,1,23.78,3.8,19.98,paid,DE,online_store
#1662,2025-07-23 09:21:49,CUST-01378,mia.schwarz326@example.com,Soy Wax Candle — Cedar,Single,1,23.46,0.0,23.46,paid,GB,online_store
#3040,2025-07-23 11:47:19,CUST-00478,luis.hoffmann891@example.com,Botanical Print A3,Olive,2,28.54,0.0,57.08,paid,AT,online_store
#3040,2025-07-23 11:47:19,CUST-00478,luis.hoffmann891@example.com,Soy Wax Candle — Cedar,Single,1,24.51,0.0,24.51,paid,AT,online_store
#4325,2025-07-23 12:25:50,CUST-00218,lena.koch742@example.com,Soy Wax Candle — Cedar,Single,1,23.63,0.0,23.63,paid,GB,online_store
#3601,2025-07-23 13:17:43,CUST-01045,luis.becker159@example.com,Aurora Ceramic Mug,Sage / 350ml,1,17.51,3.67,13.84,paid,US,instagram
#3601,2025-07-23 13:17:43,CUST-01045,luis.becker159@example.com,Linen Throw Blanket,Rust,1,78.35,12.4,65.95,paid,US,instagram
#3601,2025-07-23 13:17:43,CUST-01045,luis.becker159@example.com,Soy Wax Candle — Cedar,Single,2,23.48,9.78,37.18,paid,US,instagram
#4071,2025-07-23 13:47:29,CUST-00551,noah.mueller664@example.com,Organic Cotton Tote,Navy,1,14.91,0.0,14.91,paid,DE,draft_order
#4071,2025-07-23 13:47:29,CUST-00551,noah.mueller664@example.com,Walnut Serving Board,Small,1,52.98,0.0,52.98,paid,DE,draft_order
#4071,2025-07-23 13:47:29,CUST-00551,noah.mueller664@example.com,Soy Wax Candle — Cedar,Set of 3,3,23.94,0.0,71.82,paid,DE,draft_order
#4204,2025-07-23 14:09:39,CUST-01592,tom.wagner161@example.com,Walnut Serving Board,Small,1,53.06,0.0,53.06,refunded,GB,pos
#3228,2025-07-23 14:16:10,CUST-01179,erik.schwarz120@example.com,Soy Wax Candle — Cedar,Single,1,23.88,0.0,23.88,paid,NL,online_store
#1737,2025-07-23 14:16:25,CUST-00289,liam.krueger586@example.com,Linen Throw Blanket,Rust,1,78.32,0.0,78.32,paid,,online_store
#1737,2025-07-23 14:16:25,CUST-00289,liam.krueger586@example.com,Merino Wool Beanie,Oat,1,32.07,0.0,32.07,paid,GB,online_store
#1316,2025-07-23 14:55:28,CUST-00526,clara.koch508@example.com,Linen Throw Blanket,Rust,1,80.26,13.71,66.55,paid,GB,online_store
#1316,2025-07-23 14:55:28,CUST-00526,clara.koch508@example.com,Soy Wax Candle — Cedar,Single,1,24.16,4.49,19.67,paid,GB,online_store
#1956,2025-07-23 15:13:46,CUST-01265,liam.mueller59@example.com,Aurora Ceramic Mug,Sage / 350ml,2,17.98,0.0,35.96,paid,AT,online_store
#2693,2025-07-23 16:16:13,CUST-01661,felix.braun61@example.com,Aurora Ceramic Mug,Black / 350ml,1,18.52,0.0,18.52,paid,GB,online_store
#2693,2025-07-23 16:16:13,CUST-01661,felix.braun61@example.com,Botanical Print A3,Fern,1,27.42,0.0,27.42,paid,GB,online_store
#2585,2025-07-23 17:27:56,CUST-01431,mia.hartmann377@example.com,Merino Wool Beanie,Oat,3,32.79,0.0,98.37,paid,DE,online_store
#3875,2025-07-23 21:13:53,CUST-01044,marie.richter614@example.com,Organic Cotton Tote,Navy,1,14.85,0.0,14.85,paid,AT,online_store
#3875,2025-07-23 21:13:53,CUST-01044,marie.richter614@example.com,Organic Cotton Tote,Cream,2,15.44,0.0,30.88,paid,AT,online_store
#2070,2025-07-24 09:47:28,CUST-01081,liam.schwarz771@example.com,Botanical Print A3,Olive,1,27.68,0.0,27.68,paid,GB,online_store
#3453,2025-07-24 15:39:02,CUST-00543,laura.wolf441@example.com,Walnut Serving Board,Large,1,55.13,0.0,55.13,paid,DE,online_store
#2424,2025-07-24 18:01:31,CUST-01160,liam.weber645@example.com,Merino Wool Beanie,Black,3,31.55,0.0,94.65,paid,US,online_store
#3388,2025-07-24 18:55:41,CUST-00454,ben.neumann392@example.com,Brass Pour-Over Stand,Standard,1,67.06,16.45,50.61,paid,US,online_store
#3057,2025-07-25 09:27:11,CUST-01639,luis.neumann122@example.com,Aurora Ceramic Mug,Black / 350ml,1,18.04,0.0,18.04,paid,GB,draft_order
#4415,2025-07-25 09:53:24,CUST-00935,nina.weber261@example.com,Aurora Ceramic Mug,Sage / 350ml,1,18.33,0.0,18.33,paid,US,instagram
#1878,2025-07-25 12:24:13,CUST-00074,max.braun768@example.com,Aurora Ceramic Mug,White / 350ml,2,18.3,0.0,36.6,paid,DE,online_store
#1078,2025-07-25 13:20:48,CUST-01310,liam.becker627@example.com,Stoneware Dinner Plate Set,Set of 6,1,95.67,0.0,95.67,refunded,CH,pos
#2495,2025-07-25 14:21:53,CUST-00228,ben.weber631@example.com,Stoneware Dinner Plate Set,Set of 6,3,98.51,0.0,295.53,paid,US,online_store
#2885,2025-07-25 14:55:28,CUST-00046,liam.mueller949@example.com,Stoneware Dinner Plate Set,Set of 6,3,98.26,0.0,294.78,paid,FR,online_store
#2151,2025-07-25 17:57:45,CUST-00706,ben.becker340@example.com,Walnut Serving Board,Large,1,53.43,0.0,53.43,paid,DE,draft_order
#2151,2025-07-25 17:57:45,CUST-00706,ben.becker340@example.com,Soy Wax Candle — Cedar,Set of 3,2,24.41,0.0,48.82,paid,DE,draft_order
#2244,2025-07-25 19:35:15,CUST-00628,clara.weber31@example.com,Organic Cotton Tote,Navy,1,14.87,0.0,14.87,paid,DE,pos
#2244,2025-07-25 19:35:15,CUST-00628,clara.weber31@example.com,Organic Cotton Tote,Navy,1,14.95,0.0,14.95,paid,DE,pos
#1355,2025-07-25 21:46:29,CUST-01404,luis.neumann14@example.com,Linen Throw Blanket,Rust,1,78.8,0.0,78.8,paid,DE,online_store
#1355,2025-07-25 21:46:29,CUST-01404,luis.neumann14@example.com,Organic Cotton Tote,Cream,1,15.26,0.0,15.26,paid,DE,online_store
#1784,2025-07-26 09:10:06,CUST-01613,lena.schmidt731@example.com,Linen Throw Blanket,Rust,1,78.9,11.46,67.44,paid,FR,draft_order
#1784,2025-07-26 09:10:06,CUST-01613,lena.schmidt731@example.com,Merino Wool Beanie,Forest,1,31.59,6.52,25.07,paid,FR,draft_order
#2011,2025-07-26 09:30:09,CUST-01239,mia.klein926@example.com,Merino Wool Beanie,Forest,1,31.63,0.0,31.63,refunded,US,online_store
#2011,2025-07-26 09:30:09,CUST-01239,mia.klein926@example.com,Soy Wax Candle — Cedar,Single,1,23.52,0.0,23.52,refunded,US,online_store
#1718,2025-07-26 11:28:45,CUST-00279,anna.becker649@example.com,Recycled Glass Vase,Amber,1,42.36,0.0,42.36,paid,DE,online_store
#2249,2025-07-26 14:06:15,CUST-00853,marie.becker77@example.com,Organic Cotton Tote,Navy,1,15.21,3.53,11.68,paid,DE,online_store
#2041,2025-07-26 15:23:27,CUST-00782,sofia.becker941@example.com,Brass Pour-Over Stand,Standard,1,66.82,0.0,66.82,paid,NL,online_store
#2041,2025-07-26 15:23:27,CUST-00782,sofia.becker941@example.com,Linen Throw Blanket,Rust,1,76.82,0.0,76.82,paid,NL,online_store
#2943,2025-07-26 15:32:07,CUST-00167,nina.mueller689@example.com,Soy Wax Candle — Cedar,Single,1,23.42,0.0,23.42,paid,NL,online_store
#2943,2025-07-26 15:32:07,CUST-00167,nina.mueller689@example.com,Aurora Ceramic Mug,White / 350ml,1,18.4,0.0,18.4,paid,NL,online_store
#2943,2025-07-26 15:32:07,CUST-00167,nina.mueller689@example.com,Walnut Serving Board,Small,1,53.14,0.0,53.14,paid,NL,online_store
#2454,2025-07-26 16:42:52,CUST-00809,lena.hartmann116@example.com,Merino Wool Beanie,Forest,1,31.79,0.0,,paid,AT,online_store
#1491,2025-07-26 20:09:34,CUST-00675,nina.koch103@example.com,Aurora Ceramic Mug,Black / 350ml,1,17.77,0.0,17.77,paid,DE,pos
#1491,2025-07-26 20:09:34,CUST-00675,nina.koch103@example.com,Aurora Ceramic Mug,Sage / 350ml,1,18.45,0.0,18.45,paid,DE,pos
#1491,2025-07-26 20:09:34,CUST-00675,nina.koch103@example.com,Organic Cotton Tote,Cream,1,15.06,0.0,15.06,paid,DE,pos
#3741,2025-07-27 04:37:11,CUST-00165,erik.schmidt753@example.com,Aurora Ceramic Mug,Sage / 350ml,1,17.86,0.0,17.86,paid,DE,online_store
#4334,2025-07-27 05:12:12,CUST-00479,felix.mueller195@example.com,Linen Throw Blanket,Charcoal,1,80.96,0.0,80.96,paid,CH,online_store
#4334,2025-07-27 05:12:12,CUST-00479,felix.mueller195@example.com,Stoneware Dinner Plate Set,Set of 4,1,98.27,0.0,98.27,paid,,online_store
#4334,2025-07-27 05:12:12,CUST-00479,felix.mueller195@example.com,Merino Wool Beanie,Oat,1,32.38,0.0,32.38,paid,CH,online_store
#1304,2025-07-27 09:54:16,CUST-01239,mia.klein926@example.com,Stoneware Dinner Plate Set,Set of 6,1,95.9,0.0,95.9,paid,US,online_store
#1304,2025-07-27 09:54:16,CUST-01239,mia.klein926@example.com,Aurora Ceramic Mug,White / 350ml,1,18.15,0.0,18.15,paid,US,online_store
#3231,2025-07-27 14:06:43,CUST-00180,noah.wagner734@example.com,Stoneware Dinner Plate Set,Set of 4,1,95.74,0.0,95.74,paid,DE,online_store
#2845,2025-07-27 14:13:03,CUST-01294,lena.koch38@example.com,Linen Throw Blanket,Charcoal,1,78.64,0.0,78.64,paid,FR,online_store
#2860,2025-07-27 16:26:58,CUST-01342,liam.klein277@example.com,Recycled Glass Vase,Smoke,1,40.99,5.1,35.89,paid,GB,online_store
#2860,2025-07-27 16:26:58,CUST-01342,liam.klein277@example.com,Soy Wax Candle — Cedar,Single,1,23.39,2.77,20.62,paid,GB,online_store
#2860,2025-07-27 16:26:58,CUST-01342,liam.klein277@example.com,Soy Wax Candle — Cedar,Single,1,23.39,2.77,20.62,paid,GB,online_store
#3344,2025-07-27 16:36:32,CUST-01074,sofia.fischer812@example.com,Soy Wax Candle — Cedar,Single,1,24.7,0.0,24.7,paid,US,pos
#2148,2025-07-27 19:18:58,CUST-01441,tom.mueller392@example.com,Recycled Glass Vase,Amber,1,42.03,0.0,42.03,paid,GB,draft_order
#4190,2025-07-27 19:59:09,CUST-01023,lena.krueger239@example.com,Aurora Ceramic Mug,White / 350ml,1,18.18,0.0,18.18,refunded,DE,instagram
#4190,2025-07-27 19:59:09,CUST-01023,lena.krueger239@example.com,Walnut Serving Board,Small,1,54.69,0.0,54.69,refunded,DE,instagram
#1531,2025-07-27 20:45:08,CUST-00328,nina.braun685@example.com,Walnut Serving Board,Large,1,53.29,10.03,43.26,paid,DE,online_store
#2117,2025-07-28 02:14:15,CUST-00646,liam.wagner96@example.com,Botanical Print A3,Fern,1,28.44,0.0,28.44,paid,DE,online_store
#4105,2025-07-28 12:27:21,CUST-01205,noah.neumann867@example.com,Recycled Glass Vase,Amber,2,40.86,12.15,69.57,PAID,DE,online_store
#3023,2025-07-28 15:26:02,CUST-01155,erik.becker768@example.com,Stoneware Dinner Plate Set,Set of 4,1,98.06,0.0,98.06,refunded,GB,online_store
#2269,2025-07-28 15:38:44,CUST-01210,sofia.braun446@example.com,Botanical Print A3,Fern,1,27.99,0.0,27.99,paid,GB,online_store
#2269,2025-07-28 15:38:44,CUST-01210,sofia.braun446@example.com,Botanical Print A3,Eucalyptus,2,28.68,0.0,57.36,paid,,online_store
#1339,2025-07-28 15:42:19,CUST-00500,nina.koch232@example.com,Merino Wool Beanie,Forest,1,31.29,0.0,31.29,paid,DE,draft_order
#1363,2025-07-28 16:22:45,CUST-01147,erik.richter510@example.com,Merino Wool Beanie,Oat,1,32.17,0.0,32.17,paid,NL,draft_order
#1363,2025-07-28 16:22:45,CUST-01147,erik.richter510@example.com,Organic Cotton Tote,Navy,3,14.7,0.0,44.1,paid,NL,draft_order
#3495,2025-07-28 16:58:36,CUST-01466,mia.weber280@example.com,Recycled Glass Vase,Smoke,1,42.96,0.0,42.96,paid,DE,pos
#1405,2025-07-28 19:12:58,CUST-01222,luis.schmidt574@example.com,Recycled Glass Vase,Smoke,1,40.87,4.57,36.3,refunded,,online_store
#3699,2025-07-28 20:49:43,CUST-01624,ben.weber862@example.com,Organic Cotton Tote,Cream,1,14.9,0.0,14.9,paid,US,online_store
#3699,2025-07-28 20:49:43,CUST-01624,ben.weber862@example.com,Botanical Print A3,Olive,3,27.22,0.0,81.66,paid,US,online_store
#3699,2025-07-28 20:49:43,CUST-01624,ben.weber862@example.com,Aurora Ceramic Mug,Black / 350ml,3,17.49,0.0,52.47,paid,US,online_store
#4040,2025-07-28 21:41:02,CUST-00403,nina.koch598@example.com,Organic Cotton Tote,Cream,1,14.58,0.0,14.58,paid,US,online_store
#3031,2025-07-29 05:24:31,CUST-00108,mia.wagner393@example.com,Aurora Ceramic Mug,Sage / 350ml,1,18.15,0.0,18.15,refunded,GB,online_store
#3542,2025-07-29 07:49:23,CUST-00808,erik.mueller902@example.com,Soy Wax Candle — Cedar,Single,1,23.98,0.0,23.98,paid,NL,online_store
#3542,2025-07-29 07:49:23,CUST-00808,erik.mueller902@example.com,Merino Wool Beanie,Black,1,31.89,0.0,31.89,paid,NL,online_store
#1536,2025-07-29 08:48:10,CUST-00312,julia.braun837@example.com,Linen Throw Blanket,Rust,1,79.26,0.0,79.26,paid,DE,online_store
#1493,2025-07-29 10:33:04,CUST-01381,max.klein896@example.com,Stoneware Dinner Plate Set,Set of 4,1,93.67,0.0,93.67,paid,GB,online_store
#2440,2025-07-29 12:18:35,CUST-00765,ben.wolf600@example.com,Aurora Ceramic Mug,White / 350ml,2,17.82,0.0,35.64,paid,DE,online_store
#2440,2025-07-29 12:18:35,CUST-00765,ben.wolf600@example.com,Soy Wax Candle — Cedar,Set of 3,1,24.72,0.0,24.72,paid,DE,online_store
#3560,2025-07-29 12:27:44,CUST-01377,clara.hoffmann552@example.com,Recycled Glass Vase,Smoke,1,40.82,4.69,36.13,paid,NL,online_store
#3109,2025-07-29 13:37:46,CUST-00704,luis.fischer629@example.com,Walnut Serving Board,Large,3,53.19,0.0,159.57,paid,AT,online_store
#3149,2025-07-29 16:48:55,CUST-01493,emma.schmidt679@example.com,Botanical Print A3,Olive,1,27.43,0.0,27.43,paid,FR,online_store
#3149,2025-07-29 16:48:55,CUST-01493,emma.schmidt679@example.com,Stoneware Dinner Plate Set,Set of 6,2,97.53,0.0,195.06,paid,FR,online_store
#3149,2025-07-29 16:48:55,CUST-01493,emma.schmidt679@example.com,Walnut Serving Board,Large,1,54.14,0.0,54.14,paid,FR,online_store
#2800,2025-07-29 18:12:21,CUST-00189,laura.schwarz812@example.com,Merino Wool Beanie,Forest,1,31.98,0.0,31.98,paid,NL,online_store
#2800,2025-07-29 18:12:21,CUST-00189,laura.schwarz812@example.com,Aurora Ceramic Mug,Sage / 350ml,1,18.02,0.0,18.02,paid,NL,online_store
#2240,2025-07-29 21:16:08,CUST-00757,emma.hartmann266@example.com,Aurora Ceramic Mug,White / 350ml,1,17.78,0.0,17.78,paid,AT,instagram
#2177,2025-07-30 08:23:57,CUST-00010,jonas.klein876@example.com,Botanical Print A3,Olive,1,28.6,0.0,28.6,paid,DE,online_store
#1107,2025-07-30 08:45:26,CUST-00360,paul.neumann125@example.com,Soy Wax Candle — Cedar,Single,1,23.68,0.0,23.68,paid,,pos
#1061,2025-07-30 08:52:09,CUST-00407,erik.hartmann754@example.com,Aurora Ceramic Mug,Black / 350ml,1,18.3,2.98,15.32,paid,,online_store
#1061,2025-07-30 08:52:09,CUST-00407,erik.hartmann754@example.com,Organic Cotton Tote,Navy,1,15.21,1.91,13.3,paid,FR,online_store
#2375,2025-07-30 11:20:45,CUST-01517,sofia.hoffmann290@example.com,Linen Throw Blanket,Rust,1,76.79,0.0,76.79,paid,FR,instagram
#1565,2025-07-30 11:48:35,CUST-01055,mia.mueller214@example.com,Recycled Glass Vase,Amber,1,41.35,0.0,41.35,paid,GB,online_store
#2661,2025-07-30 13:41:04,CUST-00861,max.koch680@example.com,Stoneware Dinner Plate Set,Set of 4,1,97.03,0.0,97.03,paid,DE,pos
#3596,2025-07-30 14:33:44,CUST-01120,emma.richter628@example.com,Recycled Glass Vase,Amber,1,42.55,0.0,42.55,paid,DE,online_store
#3596,2025-07-30 14:33:44,CUST-01120,emma.richter628@example.com,Botanical Print A3,Olive,1,27.78,0.0,27.78,paid,DE,online_store
#1526,2025-07-30 15:46:23,CUST-00840,max.wagner666@example.com,Recycled Glass Vase,Amber,1,42.17,0.0,42.17,paid,CH,online_store
#1560,2025-07-30 18:18:14,CUST-00342,julia.richter745@example.com,Botanical Print A3,Eucalyptus,1,28.53,0.0,28.53,paid,US,online_store
#4297,2025-07-30 20:51:29,CUST-00958,max.neumann284@example.com,Organic Cotton Tote,Cream,1,14.91,0.0,14.91,paid,DE,online_store
#4221,2025-07-30 23:15:25,CUST-00454,ben.neumann392@example.com,Soy Wax Candle — Cedar,Single,1,23.31,0.0,23.31,paid,US,pos
#4221,2025-07-30 23:15:25,CUST-00454,ben.neumann392@example.com,Stoneware Dinner Plate Set,Set of 6,1,96.59,0.0,96.59,paid,US,pos
#2587,2025-07-31 13:01:48,CUST-01483,erik.klein923@example.com,Aurora Ceramic Mug,Black / 350ml,1,18.29,0.0,18.29,paid,CH,online_store
#2587,2025-07-31 13:01:48,CUST-01483,erik.klein923@example.com,Organic Cotton Tote,Navy,1,15.19,0.0,15.19,paid,CH,online_store
#2587,2025-07-31 13:01:48,CUST-01483,erik.klein923@example.com,Linen Throw Blanket,Charcoal,1,79.96,0.0,79.96,paid,,online_store
#2822,2025-07-31 13:33:05,CUST-00702,felix.mueller975@example.com,Walnut Serving Board,Large,2,53.38,0.0,106.76,paid,DE,pos
#2822,2025-07-31 13:33:05,CUST-00702,felix.mueller975@example.com,Linen Throw Blanket,Charcoal,1,80.67,0.0,80.67,paid,DE,pos
#3803,2025-07-31 14:06:40,CUST-01406,paul.weber516@example.com,Stoneware Dinner Plate Set,Set of 6,3,93.51,0.0,280.53,paid,DE,online_store
#3803,2025-07-31 14:06:40,CUST-01406,paul.weber516@example.com,Walnut Serving Board,Small,1,54.44,0.0,54.44,paid,DE,online_store
#3841,2025-07-31 15:09:42,CUST-01445,luis.mueller33@example.com,Stoneware Dinner Plate Set,Set of 6,1,94.07,0.0,94.07,paid,CH,draft_order
#2232,2025-07-31 15:15:42,CUST-00547,felix.braun88@example.com,Merino Wool Beanie,Oat,1,32.34,0.0,32.34,paid,DE,online_store
#2232,2025-07-31 15:15:42,CUST-00547,felix.braun88@example.com,Merino Wool Beanie,Black,2,31.7,0.0,63.4,paid,DE,online_store
#2232,2025-07-31 15:15:42,CUST-00547,felix.braun88@example.com,Aurora Ceramic Mug,White / 350ml,1,17.85,0.0,17.85,paid,DE,online_store
#1285,2025-07-31 16:48:24,CUST-01445,luis.mueller33@example.com,Linen Throw Blanket,Charcoal,1,79.54,0.0,79.54,refunded,CH,online_store
#1151,2025-08-01 16:11:35,CUST-00954,jonas.mueller89@example.com,Organic Cotton Tote,Cream,1,15.11,0.0,15.11,paid,CH,online_store
#3544,2025-08-01 18:00:28,CUST-01250,liam.wolf991@example.com,Soy Wax Candle — Cedar,Set of 3,1,23.72,0.0,23.72,paid,DE,draft_order
#1767,2025-08-01 18:50:31,CUST-00415,laura.neumann824@example.com,Organic Cotton Tote,Navy,1,14.66,0.0,14.66,paid,DE,instagram
#1901,2025-08-01 19:11:14,CUST-00080,jonas.mueller409@example.com,Organic Cotton Tote,Cream,1,14.58,0.0,,paid,DE,online_store
#2870,2025-08-02 06:23:28,CUST-01306,mia.mueller949@example.com,Organic Cotton Tote,Cream,1,14.94,0.0,14.94,paid,DE,online_store
#2740,2025-08-02 11:21:23,CUST-00941,max.richter407@example.com,Organic Cotton Tote,Navy,1,15.26,0.0,15.26,paid,FR,online_store
#3091,2025-08-02 20:30:44,CUST-00284,nina.wolf643@example.com,Organic Cotton Tote,Navy,2,15.01,0.0,30.02,paid,DE,online_store
#2705,2025-08-03 13:39:06,CUST-01381,max.klein896@example.com,Merino Wool Beanie,Black,1,32.61,0.0,32.61,paid,GB,online_store
#4310,2025-08-03 13:47:43,CUST-01511,erik.koch998@example.com,Merino Wool Beanie,Oat,1,31.72,0.0,31.72,paid,US,online_store
#3838,2025-08-03 14:14:14,CUST-01322,jonas.braun385@example.com,Aurora Ceramic Mug,Black / 350ml,1,18.14,0.0,18.14,refunded,,online_store
#3838,2025-08-03 14:14:14,CUST-01322,jonas.braun385@example.com,Linen Throw Blanket,Natural,1,78.84,0.0,78.84,refunded,AT,online_store
#3119,2025-08-03 14:54:32,CUST-00291,noah.wolf87@example.com,Soy Wax Candle — Cedar,Set of 3,1,23.48,0.0,23.48,paid,US,online_store
#3119,2025-08-03 14:54:32,CUST-00291,noah.wolf87@example.com,Merino Wool Beanie,Black,1,31.72,0.0,31.72,paid,US,online_store
#1030,2025-08-03 16:23:02,CUST-00867,liam.klein198@example.com,Recycled Glass Vase,Amber,2,41.22,0.0,82.44,paid,DE,online_store
#1912,2025-08-03 16:25:03,CUST-00471,laura.becker485@example.com,Organic Cotton Tote,Navy,1,15.21,0.0,15.21,paid,DE,instagram
#3404,2025-08-03 16:41:53,CUST-00978,max.schwarz795@example.com,Merino Wool Beanie,Forest,2,31.09,0.0,62.18,paid,DE,online_store
#3002,2025-08-03 17:26:07,CUST-01434,noah.becker999@example.com,Linen Throw Blanket,Natural,1,78.39,0.0,78.39,paid,DE,online_store
#3194,2025-08-03 17:57:14,CUST-01068,laura.mueller292@example.com,Aurora Ceramic Mug,White / 350ml,1,17.87,0.0,17.87,paid,GB,online_store
#1573,2025-08-03 18:39:27,CUST-00523,jonas.becker174@example.com,Soy Wax Candle — Cedar,Set of 3,1,23.66,0.0,23.66,paid,DE,online_store
#1573,2025-08-03 18:39:27,CUST-00523,jonas.becker174@example.com,Stoneware Dinner Plate Set,Set of 4,1,95.11,0.0,95.11,paid,DE,online_store
#1324,2025-08-03 20:26:27,CUST-00626,paul.hartmann536@example.com,Organic Cotton Tote,Cream,1,14.94,0.0,14.94,paid,US,online_store
#4254,2025-08-04 09:28:21,CUST-00595,emma.braun706@example.com,Botanical Print A3,Eucalyptus,1,27.65,0.0,27.65,paid,,draft_order
#4254,2025-08-04 09:28:21,CUST-00595,emma.braun706@example.com,Aurora Ceramic Mug,Black / 350ml,1,18.51,0.0,18.51,paid,AT,draft_order
#2475,2025-08-04 10:40:45,CUST-00332,mia.neumann673@example.com,Stoneware Dinner Plate Set,Set of 4,1,95.56,12.27,83.29,paid,GB,online_store
#1690,2025-08-04 11:35:05,CUST-01348,noah.hartmann771@example.com,Recycled Glass Vase,Amber,2,41.47,12.27,70.67,paid,GB,online_store
#1621,2025-08-04 14:47:56,CUST-00792,sofia.hoffmann852@example.com,Soy Wax Candle — Cedar,Set of 3,2,24.11,11.72,36.5,paid,US,online_store
#3443,2025-08-04 14:53:50,CUST-00023,julia.richter882@example.com,Merino Wool Beanie,Forest,1,32.42,0.0,32.42,paid,AT,online_store
#3443,2025-08-04 14:53:50,CUST-00023,julia.richter882@example.com,Organic Cotton Tote,Cream,1,15.22,0.0,15.22,paid,AT,online_store
#1303,2025-08-04 15:34:45,CUST-00033,sofia.hoffmann409@example.com,Merino Wool Beanie,Black,1,32.42,0.0,32.42,paid,CH,online_store
#1303,2025-08-04 15:34:45,CUST-00033,sofia.hoffmann409@example.com,Recycled Glass Vase,Amber,1,41.85,0.0,41.85,paid,CH,online_store
#3887,2025-08-04 16:58:57,CUST-00867,liam.klein198@example.com,Walnut Serving Board,Large,1,53.62,0.0,53.62,paid,DE,online_store
#1451,2025-08-04 17:42:12,CUST-00710,liam.neumann90@example.com,Recycled Glass Vase,Amber,1,41.78,7.69,34.09,paid,DE,draft_order
#1188,2025-08-05 10:31:19,CUST-00010,jonas.klein876@example.com,Merino Wool Beanie,Black,1,32.88,0.0,32.88,paid,DE,online_store
#1188,2025-08-05 10:31:19,CUST-00010,jonas.klein876@example.com,Recycled Glass Vase,Smoke,1,40.96,0.0,40.96,paid,DE,online_store
#2359,2025-08-05 12:21:02,CUST-00833,liam.braun495@example.com,Aurora Ceramic Mug,White / 350ml,2,17.57,0.0,35.14,paid,AT,online_store
#2359,2025-08-05 12:21:02,CUST-00833,liam.braun495@example.com,Organic Cotton Tote,Cream,1,15.1,0.0,15.1,paid,AT,online_store
#2359,2025-08-05 12:21:02,CUST-00833,liam.braun495@example.com,Linen Throw Blanket,Natural,1,76.82,0.0,76.82,paid,AT,online_store
#3958,2025-08-05 16:32:36,CUST-01504,paul.krueger140@example.com,Recycled Glass Vase,Smoke,1,42.89,0.0,42.89,paid,DE,pos
#3717,2025-08-05 16:45:36,CUST-00454,ben.neumann392@example.com,Aurora Ceramic Mug,Black / 350ml,1,18.21,2.16,16.05,paid,US,online_store
#3717,2025-08-05 16:45:36,CUST-00454,ben.neumann392@example.com,Brass Pour-Over Stand,Standard,1,67.52,16.7,50.82,paid,US,online_store
#3247,2025-08-05 17:07:16,CUST-00143,luis.wolf465@example.com,Aurora Ceramic Mug,Sage / 350ml,1,17.99,0.0,17.99,paid,DE,online_store
#1860,2025-08-05 20:18:20,CUST-00095,erik.wolf975@example.com,Merino Wool Beanie,Black,2,32.57,0.0,65.14,paid,FR,online_store
#2560,2025-08-06 08:28:59,CUST-01449,laura.hartmann583@example.com,Stoneware Dinner Plate Set,Set of 6,1,95.83,0.0,95.83,paid,GB,online_store
#2114,2025-08-06 12:19:11,CUST-00805,paul.weber744@example.com,Aurora Ceramic Mug,Black / 350ml,1,17.92,0.0,17.92,paid,DE,online_store
#2114,2025-08-06 12:19:11,CUST-00805,paul.weber744@example.com,Linen Throw Blanket,Rust,1,76.89,0.0,76.89,paid,DE,online_store
#1193,2025-08-06 12:48:55,CUST-00833,liam.braun495@example.com,Aurora Ceramic Mug,Sage / 350ml,1,18.35,0.0,18.35,PAID,AT,instagram
#1548,2025-08-06 14:03:17,CUST-01332,ben.koch445@example.com,Merino Wool Beanie,Black,1,31.54,0.0,31.54,paid,GB,pos
#1548,2025-08-06 14:03:17,CUST-01332,ben.koch445@example.com,Merino Wool Beanie,Oat,1,32.69,0.0,32.69,paid,GB,pos
#2343,2025-08-06 14:47:13,CUST-00459,luis.braun844@example.com,Walnut Serving Board,Small,1,53.2,0.0,53.2,paid,DE,online_store
#2625,2025-08-06 14:48:40,CUST-00922,laura.mueller746@example.com,Merino Wool Beanie,Forest,1,32.81,0.0,32.81,paid,GB,draft_order
#2738,2025-08-06 17:32:28,CUST-00208,felix.mueller675@example.com,Organic Cotton Tote,Navy,1,14.99,0.0,14.99,paid,US,online_store
#1053,2025-08-06 17:50:59,CUST-00298,max.klein716@example.com,Linen Throw Blanket,Charcoal,1,79.5,0.0,79.5,PAID,GB,online_store
#1839,2025-08-06 17:59:40,CUST-01059,sofia.weber237@example.com,Merino Wool Beanie,Forest,1,32.55,0.0,32.55,paid,US,online_store
#1839,2025-08-06 17:59:40,CUST-01059,sofia.weber237@example.com,Soy Wax Candle — Cedar,Set of 3,1,24.15,0.0,24.15,paid,,online_store
#1951,2025-08-06 18:17:05,CUST-00228,ben.weber631@example.com,Soy Wax Candle — Cedar,Single,2,24.15,0.0,48.3,paid,US,online_store
#1260,2025-08-06 20:33:37,CUST-01055,mia.mueller214@example.com,Botanical Print A3,Fern,1,28.19,0.0,28.19,paid,GB,online_store
#2848,2025-08-07 10:41:39,CUST-00578,erik.braun143@example.com,Stoneware Dinner Plate Set,Set of 4,3,94.17,0.0,282.51,paid,FR,online_store
#3193,2025-08-07 11:25:11,CUST-01260,clara.schwarz692@example.com,Organic Cotton Tote,Navy,1,14.83,0.0,14.83,paid,FR,online_store
#3193,2025-08-07 11:25:11,CUST-01260,clara.schwarz692@example.com,Recycled Glass Vase,Smoke,1,42.14,0.0,42.14,paid,FR,online_store
#2954,2025-08-07 12:09:42,CUST-00298,max.klein716@example.com,Organic Cotton Tote,Navy,1,15.14,0.0,15.14,paid,GB,online_store
#2954,2025-08-07 12:09:42,CUST-00298,max.klein716@example.com,Merino Wool Beanie,Oat,2,32.44,0.0,64.88,paid,GB,online_store
#1069,2025-08-07 15:43:35,CUST-01644,felix.hoffmann758@example.com,Organic Cotton Tote,Cream,1,15.4,0.0,15.4,refunded,US,online_store
#1069,2025-08-07 15:43:35,CUST-01644,felix.hoffmann758@example.com,Linen Throw Blanket,Natural,1,81.34,0.0,81.34,refunded,US,online_store
#2037,2025-08-08 07:23:32,CUST-00571,paul.krueger792@example.com,Linen Throw Blanket,Natural,1,80.46,11.86,68.6,paid,FR,online_store
#2037,2025-08-08 07:23:32,CUST-00571,paul.krueger792@example.com,Recycled Glass Vase,Amber,1,41.85,4.57,37.28,paid,FR,online_store
#2037,2025-08-08 07:23:32,CUST-00571,paul.krueger792@example.com,Botanical Print A3,Olive,1,27.67,3.64,24.03,paid,FR,online_store
#2953,2025-08-08 08:06:30,CUST-00057,anna.koch135@example.com,Botanical Print A3,Eucalyptus,1,28.75,0.0,28.75,paid,GB,online_store
#2660,2025-08-08 13:02:41,CUST-00340,laura.krueger396@example.com,Aurora Ceramic Mug,White / 350ml,1,18.19,0.0,18.19,pending,DE,online_store
#3634,2025-08-08 13:03:29,CUST-00061,mia.koch162@example.com,Soy Wax Candle — Cedar,Set of 3,1,23.8,4.24,19.56,paid,US,pos
#3634,2025-08-08 13:03:29,CUST-00061,mia.koch162@example.com,Recycled Glass Vase,Smoke,1,40.84,6.63,34.21,paid,US,pos
#2597,2025-08-08 13:21:22,CUST-01490,tom.neumann116@example.com,Organic Cotton Tote,Navy,1,14.64,0.0,14.64,paid,DE,online_store
#1551,2025-08-08 13:27:13,CUST-00155,marie.klein440@example.com,Soy Wax Candle — Cedar,Set of 3,2,24.19,5.97,42.41,paid,DE,draft_order
#4498,2025-08-08 14:59:35,CUST-00037,jonas.fischer881@example.com,Soy Wax Candle — Cedar,Set of 3,1,23.96,0.0,23.96,paid,DE,online_store
#4498,2025-08-08 14:59:35,CUST-00037,jonas.fischer881@example.com,Aurora Ceramic Mug,White / 350ml,1,17.89,0.0,17.89,paid,DE,online_store
#4498,2025-08-08 14:59:35,CUST-00037,jonas.fischer881@example.com,Brass Pour-Over Stand,Standard,2,67.41,0.0,134.82,paid,DE,online_store
#3555,2025-08-08 15:58:29,CUST-00622,mia.klein748@example.com,Organic Cotton Tote,Navy,2,14.78,7.04,22.52,paid,CH,online_store
#3378,2025-08-08 16:21:28,CUST-00211,sofia.richter739@example.com,Organic Cotton Tote,Cream,1,15.11,0.0,15.11,paid,FR,draft_order
#1246,2025-08-08 16:34:01,CUST-01593,noah.braun506@example.com,Soy Wax Candle — Cedar,Single,1,23.37,0.0,23.37,paid,DE,online_store
#2671,2025-08-08 18:05:07,CUST-01241,anna.braun818@example.com,Recycled Glass Vase,Smoke,1,41.42,0.0,,paid,DE,online_store
#2671,2025-08-08 18:05:07,CUST-01241,anna.braun818@example.com,Soy Wax Candle — Cedar,Set of 3,2,24.14,0.0,48.28,paid,DE,online_store
#2671,2025-08-08 18:05:07,CUST-01241,anna.braun818@example.com,Recycled Glass Vase,Smoke,1,41.42,0.0,41.42,paid,,online_store
#4367,2025-08-08 18:36:23,CUST-00353,clara.koch27@example.com,Recycled Glass Vase,Smoke,1,42.31,0.0,42.31,paid,FR,online_store
#4367,2025-08-08 18:36:23,CUST-00353,clara.koch27@example.com,Aurora Ceramic Mug,Sage / 350ml,3,17.85,0.0,53.55,paid,FR,online_store
#1611,2025-08-08 20:52:07,CUST-01327,liam.richter873@example.com,Aurora Ceramic Mug,Sage / 350ml,1,18.14,0.0,18.14,paid,US,pos
#2403,2025-08-09 09:01:49,CUST-00152,mia.schmidt831@example.com,Linen Throw Blanket,Charcoal,2,78.52,0.0,157.04,paid,GB,online_store
#2403,2025-08-09 09:01:49,CUST-00152,mia.schmidt831@example.com,Aurora Ceramic Mug,Black / 350ml,1,18.29,0.0,18.29,paid,GB,online_store
#2849,2025-08-09 12:14:52,CUST-00538,jonas.richter733@example.com,Soy Wax Candle — Cedar,Single,1,24.01,0.0,24.01,paid,US,online_store
#2075,2025-08-09 14:30:07,CUST-00719,julia.braun704@example.com,Linen Throw Blanket,Natural,1,79.35,0.0,79.35,pending,NL,online_store
#1837,2025-08-09 14:30:17,CUST-01081,liam.schwarz771@example.com,Soy Wax Candle — Cedar,Single,1,23.34,0.0,23.34,refunded,GB,draft_order
#4118,2025-08-09 17:03:46,CUST-01008,luis.richter139@example.com,Merino Wool Beanie,Oat,3,31.7,0.0,95.1,paid,CH,online_store
#1103,2025-08-09 21:08:09,CUST-00529,anna.krueger836@example.com,Organic Cotton Tote,Navy,1,14.98,0.0,14.98,paid,NL,online_store
#1103,2025-08-09 21:08:09,CUST-00529,anna.krueger836@example.com,Walnut Serving Board,Small,1,54.85,0.0,54.85,paid,NL,online_store
#1734,2025-08-10 04:09:03,CUST-00373,erik.wolf578@example.com,Aurora Ceramic Mug,White / 350ml,1,18.03,0.0,18.03,paid,DE,online_store
#3216,2025-08-10 07:29:42,CUST-01102,laura.koch521@example.com,Stoneware Dinner Plate Set,Set of 6,1,96.29,0.0,96.29,paid,CH,draft_order
#1362,2025-08-10 10:55:52,CUST-01641,julia.wagner313@example.com,Recycled Glass Vase,Smoke,1,41.94,0.0,41.94,paid,CH,online_store
#4180,2025-08-10 12:25:26,CUST-01109,laura.mueller972@example.com,Merino Wool Beanie,Forest,1,32.92,0.0,32.92,paid,DE,online_store
#2031,2025-08-10 12:44:12,CUST-01255,luis.koch723@example.com,Linen Throw Blanket,Natural,1,79.71,0.0,79.71,paid,US,online_store
#2395,2025-08-10 12:53:03,CUST-00046,liam.mueller949@example.com,Organic Cotton Tote,Cream,2,14.77,0.0,29.54,paid,FR,online_store
#2395,2025-08-10 12:53:03,CUST-00046,liam.mueller949@example.com,Soy Wax Candle — Cedar,Single,3,24.19,0.0,72.57,paid,FR,online_store
#2395,2025-08-10 12:53:03,CUST-00046,liam.mueller949@example.com,Organic Cotton Tote,Navy,1,14.88,0.0,14.88,paid,FR,online_store
#4150,2025-08-10 13:12:43,CUST-00271,ben.becker546@example.com,Aurora Ceramic Mug,White / 350ml,1,17.79,0.0,17.79,paid,FR,instagram
#2490,2025-08-10 15:15:20,CUST-00056,nina.wolf210@example.com,Stoneware Dinner Plate Set,Set of 6,1,98.17,0.0,98.17,paid,GB,instagram
#1961,2025-08-10 15:32:17,CUST-00630,nina.fischer524@example.com,Linen Throw Blanket,Rust,1,80.78,0.0,80.78,paid,US,online_store
#1028,2025-08-10 16:05:18,CUST-00706,ben.becker340@example.com,Organic Cotton Tote,Navy,1,14.92,0.0,14.92,paid,DE,online_store
#2442,2025-08-10 17:24:06,CUST-00618,liam.schmidt408@example.com,Linen Throw Blanket,Charcoal,1,79.38,0.0,79.38,paid,US,online_store
#2442,2025-08-10 17:24:06,CUST-00618,liam.schmidt408@example.com,Stoneware Dinner Plate Set,Set of 6,1,94.03,0.0,94.03,paid,US,online_store
#1191,2025-08-11 11:59:43,CUST-01165,jonas.klein2@example.com,Aurora Ceramic Mug,Black / 350ml,1,18.49,0.0,18.49,paid,DE,online_store
#1017,2025-08-11 17:37:27,CUST-00826,felix.neumann47@example.com,Aurora Ceramic Mug,Black / 350ml,1,18.11,0.0,18.11,paid,AT,online_store
#2606,2025-08-11 20:05:47,CUST-01229,tom.braun140@example.com,Aurora Ceramic Mug,White / 350ml,1,18.5,0.0,18.5,refunded,DE,online_store
#2606,2025-08-11 20:05:47,CUST-01229,tom.braun140@example.com,Soy Wax Candle — Cedar,Single,1,24.62,0.0,24.62,refunded,DE,online_store
#1129,2025-08-11 21:24:46,CUST-00037,jonas.fischer881@example.com,Aurora Ceramic Mug,White / 350ml,2,18.4,0.0,36.8,paid,DE,draft_order
#4043,2025-08-11 23:46:30,CUST-00691,emma.schwarz790@example.com,Linen Throw Blanket,Rust,1,76.73,0.0,76.73,paid,CH,instagram
#3553,2025-08-12 08:33:30,CUST-00033,sofia.hoffmann409@example.com,Soy Wax Candle — Cedar,Single,1,24.3,0.0,24.3,paid,CH,online_store
#2231,2025-08-12 11:43:43,CUST-01090,felix.becker632@example.com,Recycled Glass Vase,Amber,1,42.75,0.0,42.75,paid,NL,online_store
#4404,2025-08-12 15:11:50,CUST-00125,noah.mueller590@example.com,Aurora Ceramic Mug,White / 350ml,1,17.47,0.0,17.47,paid,GB,online_store
#2477,2025-08-12 16:56:40,CUST-01334,liam.schmidt752@example.com,Linen Throw Blanket,Charcoal,1,79.59,0.0,79.59,paid,FR,instagram
#2477,2025-08-12 16:56:40,CUST-01334,liam.schmidt752@example.com,Walnut Serving Board,Small,2,52.92,0.0,105.84,paid,FR,instagram
#2043,2025-08-12 18:01:36,CUST-00146,nina.klein853@example.com,Recycled Glass Vase,Amber,1,41.44,0.0,41.44,paid,DE,online_store
#2043,2025-08-12 18:01:36,CUST-00146,nina.klein853@example.com,Recycled Glass Vase,Amber,1,41.44,0.0,41.44,paid,DE,online_store
#3848,2025-08-12 18:18:29,CUST-01394,emma.weber505@example.com,Merino Wool Beanie,Forest,1,31.9,0.0,31.9,paid,CH,online_store
#3848,2025-08-12 18:18:29,CUST-01394,emma.weber505@example.com,Botanical Print A3,Olive,1,28.12,0.0,28.12,paid,CH,online_store
#2971,2025-08-12 19:25:48,CUST-00596,felix.becker898@example.com,Linen Throw Blanket,Natural,1,76.92,0.0,76.92,REFUNDED,DE,online_store
#4466,2025-08-12 19:34:45,CUST-00821,erik.klein576@example.com,Merino Wool Beanie,Forest,1,32.83,0.0,32.83,refunded,DE,online_store
#4466,2025-08-12 19:34:45,CUST-00821,erik.klein576@example.com,Organic Cotton Tote,Cream,1,14.92,0.0,14.92,refunded,DE,online_store
#4466,2025-08-12 19:34:45,CUST-00821,erik.klein576@example.com,Merino Wool Beanie,Forest,1,32.83,0.0,32.83,refunded,DE,online_store
#2894,2025-08-13 11:00:27,CUST-00120,luis.schmidt359@example.com,Linen Throw Blanket,Rust,2,78.85,0.0,157.7,paid,DE,online_store
#1929,2025-08-13 12:01:29,CUST-00297,erik.wagner597@example.com,Recycled Glass Vase,Amber,1,43.25,0.0,43.25,paid,GB,instagram
#1189,2025-08-13 14:58:05,CUST-00444,mia.krueger371@example.com,Soy Wax Candle — Cedar,Set of 3,2,24.61,0.0,49.22,paid,DE,online_store
#1189,2025-08-13 14:58:05,CUST-00444,mia.krueger371@example.com,Soy Wax Candle — Cedar,Set of 3,1,23.91,0.0,23.91,PAID,DE,online_store
#1189,2025-08-13 14:58:05,CUST-00444,mia.krueger371@example.com,Merino Wool Beanie,Oat,2,31.31,0.0,62.62,paid,DE,online_store
#1391,2025-08-13 19:19:57,CUST-01381,max.klein896@example.com,Organic Cotton Tote,Navy,1,14.9,0.0,14.9,paid,GB,instagram
#1373,2025-08-13 19:50:25,CUST-00063,emma.klein107@example.com,Stoneware Dinner Plate Set,Set of 6,2,93.64,0.0,187.28,paid,AT,online_store
#1373,2025-08-13 19:50:25,CUST-00063,emma.klein107@example.com,Recycled Glass Vase,Smoke,2,42.16,0.0,84.32,paid,AT,online_store
#1373,2025-08-13 19:50:25,CUST-00063,emma.klein107@example.com,Walnut Serving Board,Large,1,54.46,0.0,54.46,paid,AT,online_store
#2668,2025-08-13 22:17:05,CUST-00458,emma.mueller475@example.com,Botanical Print A3,Fern,3,27.9,0.0,83.7,paid,GB,online_store
#4106,2025-08-13 22:58:29,CUST-01204,anna.wolf31@example.com,Aurora Ceramic Mug,White / 350ml,1,18.08,0.0,18.08,paid,DE,online_store
#3839,2025-08-14 08:26:15,CUST-00358,anna.neumann564@example.com,Organic Cotton Tote,Cream,1,14.7,3.09,11.61,paid,US,online_store
#3839,2025-08-14 08:26:15,CUST-00358,anna.neumann564@example.com,Aurora Ceramic Mug,Black / 350ml,1,17.52,2.49,15.03,paid,US,online_store
#2420,2025-08-14 12:32:31,CUST-00366,julia.neumann849@example.com,Recycled Glass Vase,Amber,1,42.36,0.0,42.36,paid,FR,instagram
#1876,2025-08-14 13:17:34,CUST-01594,sofia.schmidt368@example.com,Soy Wax Candle — Cedar,Single,2,23.87,0.0,47.74,paid,AT,online_store
#1876,2025-08-14 13:17:34,CUST-01594,sofia.schmidt368@example.com,Linen Throw Blanket,Charcoal,1,77.0,0.0,77.0,paid,AT,online_store
#2158,2025-08-14 14:50:21,CUST-01099,erik.richter671@example.com,Stoneware Dinner Plate Set,Set of 4,2,93.92,29.68,158.16,PAID,AT,online_store
#3970,2025-08-14 15:42:16,CUST-00787,emma.schmidt427@example.com,Botanical Print A3,Eucalyptus,1,28.78,0.0,28.78,paid,US,online_store
#1765,2025-08-14 23:44:09,CUST-00193,lena.fischer993@example.com,Walnut Serving Board,Small,1,54.2,10.87,43.33,paid,DE,online_store
#1765,2025-08-14 23:44:09,CUST-00193,lena.fischer993@example.com,Linen Throw Blanket,Natural,1,79.78,16.18,63.6,paid,DE,online_store
#1130,2025-08-15 13:09:05,CUST-00357,paul.krueger830@example.com,Organic Cotton Tote,Navy,1,15.4,0.0,15.4,paid,GB,online_store
#1130,2025-08-15 13:09:05,CUST-00357,paul.krueger830@example.com,Aurora Ceramic Mug,Sage / 350ml,1,17.82,0.0,17.82,paid,GB,online_store
#1721,2025-08-15 14:03:26,CUST-01605,marie.braun7@example.com,Organic Cotton Tote,Cream,2,15.29,0.0,30.58,paid,DE,online_store
#4380,2025-08-15 14:23:08,CUST-01158,felix.hartmann712@example.com,Recycled Glass Vase,Amber,1,41.81,0.0,41.81,paid,NL,instagram
#3210,2025-08-15 14:57:27,CUST-01601,noah.schmidt172@example.com,Soy Wax Candle — Cedar,Set of 3,1,23.33,3.46,19.87,paid,GB,online_store
#3210,2025-08-15 14:57:27,CUST-01601,noah.schmidt172@example.com,Aurora Ceramic Mug,Sage / 350ml,2,18.42,6.43,30.41,paid,GB,online_store
#1969,2025-08-15 15:55:56,CUST-00291,noah.wolf87@example.com,Soy Wax Candle — Cedar,Single,1,23.91,0.0,,refunded,US,online_store
#3951,2025-08-15 17:24:51,CUST-00500,nina.koch232@example.com,Linen Throw Blanket,Charcoal,1,78.73,0.0,78.73,paid,DE,online_store
#3951,2025-08-15 17:24:51,CUST-00500,nina.koch232@example.com,Aurora Ceramic Mug,White / 350ml,1,17.56,0.0,17.56,paid,DE,online_store
#3951,2025-08-15 17:24:51,CUST-00500,nina.koch232@example.com,Recycled Glass Vase,Smoke,1,41.19,0.0,41.19,paid,DE,online_store
#3114,2025-08-16 09:43:46,CUST-01190,sofia.wolf294@example.com,Organic Cotton Tote,Navy,1,15.29,0.0,15.29,paid,DE,online_store
#3114,2025-08-16 09:43:46,CUST-01190,sofia.wolf294@example.com,Merino Wool Beanie,Forest,1,32.37,0.0,32.37,paid,DE,online_store
#1804,2025-08-16 10:07:24,CUST-00248,luis.hoffmann910@example.com,Soy Wax Candle — Cedar,Single,2,24.35,0.0,48.7,paid,DE,online_store
#1804,2025-08-16 10:07:24,CUST-00248,luis.hoffmann910@example.com,Botanical Print A3,Eucalyptus,1,28.53,0.0,28.53,paid,DE,online_store
#1118,2025-08-16 11:30:05,CUST-00797,mia.weber660@example.com,Botanical Print A3,Eucalyptus,1,27.68,0.0,,paid,DE,online_store
#1118,2025-08-16 11:30:05,CUST-00797,mia.weber660@example.com,Linen Throw Blanket,Natural,2,79.89,0.0,159.78,paid,DE,online_store
#2381,2025-08-16 12:36:21,CUST-00576,mia.krueger121@example.com,Botanical Print A3,Olive,1,28.43,0.0,28.43,paid,FR,draft_order
#3995,2025-08-16 12:46:34,CUST-00548,lena.neumann467@example.com,Organic Cotton Tote,Cream,1,14.79,0.0,14.79,paid,FR,draft_order
#1772,2025-08-16 16:04:12,CUST-00915,jonas.fischer288@example.com,Organic Cotton Tote,Navy,1,14.92,0.0,14.92,refunded,DE,instagram
#1184,2025-08-16 16:26:54,CUST-00327,lena.klein630@example.com,Brass Pour-Over Stand,Standard,1,66.8,0.0,66.8,paid,US,draft_order
#1768,2025-08-16 16:56:42,CUST-00115,paul.krueger638@example.com,Soy Wax Candle — Cedar,Set of 3,1,24.1,0.0,24.1,paid,US,instagram
#3985,2025-08-16 17:55:58,CUST-00594,emma.weber162@example.com,Botanical Print A3,Fern,1,27.39,0.0,27.39,paid,US,online_store
#3985,2025-08-16 17:55:58,CUST-00594,emma.weber162@example.com,Aurora Ceramic Mug,Black / 350ml,1,18.38,0.0,18.38,paid,US,online_store
#3985,2025-08-16 17:55:58,CUST-00594,emma.weber162@example.com,Botanical Print A3,Fern,1,27.39,0.0,27.39,paid,US,online_store
#3985,2025-08-16 17:55:58,CUST-00594,emma.weber162@example.com,Botanical Print A3,Fern,1,27.39,0.0,27.39,paid,US,online_store
#2324,2025-08-17 03:05:40,CUST-01337,emma.braun136@example.com,Merino Wool Beanie,Oat,1,31.77,0.0,31.77,paid,US,online_store
#2877,2025-08-17 06:32:28,CUST-01007,max.wolf479@example.com,Organic Cotton Tote,Navy,1,15.42,0.0,15.42,paid,,online_store
#1740,2025-08-17 13:05:51,CUST-01441,tom.mueller392@example.com,Soy Wax Candle — Cedar,Set of 3,2,24.68,8.03,41.33,paid,GB,draft_order
#2806,2025-08-17 13:39:57,CUST-00811,julia.koch686@example.com,Botanical Print A3,Fern,1,27.77,0.0,27.77,paid,NL,online_store
#1393,2025-08-17 13:47:08,CUST-01250,liam.wolf991@example.com,Stoneware Dinner Plate Set,Set of 4,1,93.68,0.0,93.68,paid,DE,online_store
#4272,2025-08-17 15:02:10,CUST-01171,nina.mueller199@example.com,Botanical Print A3,Olive,1,28.5,0.0,28.5,paid,DE,pos
#4272,2025-08-17 15:02:10,CUST-01171,nina.mueller199@example.com,Walnut Serving Board,Small,1,54.1,0.0,54.1,paid,DE,pos
#3451,2025-08-17 15:18:07,CUST-00790,clara.wagner921@example.com,Soy Wax Candle — Cedar,Single,2,24.23,0.0,48.46,paid,DE,instagram
#1282,2025-08-17 21:19:24,CUST-01098,nina.schmidt62@example.com,Soy Wax Candle — Cedar,Single,1,23.43,0.0,23.43,refunded,DE,online_store
#4316,2025-08-17 21:45:36,CUST-00580,luis.becker721@example.com,Walnut Serving Board,Large,1,52.73,0.0,52.73,paid,DE,online_store
#4316,2025-08-17 21:45:36,CUST-00580,luis.becker721@example.com,Botanical Print A3,Olive,1,28.11,0.0,28.11,paid,DE,online_store
#4078,2025-08-18 10:01:24,CUST-00845,paul.klein150@example.com,Merino Wool Beanie,Black,1,31.28,0.0,31.28,paid,NL,online_store
#3565,2025-08-18 10:16:20,CUST-00181,clara.braun484@example.com,Aurora Ceramic Mug,Black / 350ml,1,18.05,0.0,18.05,paid,DE,online_store
#4032,2025-08-18 14:04:41,CUST-00772,liam.mueller215@example.com,Organic Cotton Tote,Cream,1,14.83,0.0,14.83,paid,FR,pos
#3381,2025-08-18 18:47:38,CUST-00023,julia.richter882@example.com,Walnut Serving Board,Large,2,53.83,0.0,107.66,paid,AT,online_store
#3381,2025-08-18 18:47:38,CUST-00023,julia.richter882@example.com,Aurora Ceramic Mug,Black / 350ml,3,17.85,0.0,53.55,paid,AT,online_store
#4157,2025-08-18 22:42:27,CUST-00969,nina.richter765@example.com,Soy Wax Candle — Cedar,Set of 3,1,23.85,0.0,23.85,paid,GB,online_store
#4157,2025-08-18 22:42:27,CUST-00969,nina.richter765@example.com,Organic Cotton Tote,Cream,1,15.32,0.0,15.32,paid,GB,online_store
#2992,2025-08-19 10:59:59,CUST-01517,sofia.hoffmann290@example.com,Linen Throw Blanket,Rust,1,79.94,0.0,79.94,pending,FR,online_store
#3896,2025-08-19 12:50:45,CUST-00970,sofia.hartmann241@example.com,Merino Wool Beanie,Black,1,31.53,0.0,31.53,paid,FR,online_store
#2277,2025-08-19 13:48:23,CUST-00010,jonas.klein876@example.com,Aurora Ceramic Mug,Sage / 350ml,1,18.02,0.0,18.02,paid,DE,online_store
#2915,2025-08-19 15:00:40,CUST-00082,luis.wolf119@example.com,Recycled Glass Vase,Amber,1,41.14,0.0,41.14,paid,NL,online_store
#3736,2025-08-19 15:31:52,CUST-00393,luis.richter639@example.com,Organic Cotton Tote,Navy,2,14.92,0.0,29.84,paid,GB,online_store
#3065,2025-08-19 16:42:57,CUST-00871,ben.fischer158@example.com,Botanical Print A3,Fern,1,27.35,0.0,27.35,paid,DE,online_store
#3664,2025-08-19 18:12:18,CUST-00634,lena.becker879@example.com,Botanical Print A3,Fern,1,28.53,0.0,28.53,paid,DE,draft_order
#4475,2025-08-20 11:39:11,CUST-00394,noah.wagner404@example.com,Aurora Ceramic Mug,Sage / 350ml,1,18.0,0.0,18.0,paid,US,online_store
#3363,2025-08-20 11:52:49,CUST-01509,max.becker387@example.com,Organic Cotton Tote,Cream,1,15.23,1.67,13.56,paid,AT,online_store
#3432,2025-08-20 13:24:22,CUST-00990,sofia.richter645@example.com,Linen Throw Blanket,Natural,1,78.95,0.0,78.95,paid,DE,online_store
#2804,2025-08-20 13:37:58,CUST-00967,mia.schwarz841@example.com,Linen Throw Blanket,Rust,1,78.35,0.0,78.35,paid,US,online_store
#1696,2025-08-20 14:38:29,CUST-01295,tom.mueller941@example.com,Stoneware Dinner Plate Set,Set of 6,1,96.17,0.0,96.17,paid,GB,online_store
#2903,2025-08-20 16:55:51,CUST-00572,luis.weber275@example.com,Recycled Glass Vase,Smoke,1,41.51,0.0,41.51,paid,FR,online_store
#1113,2025-08-20 16:56:59,CUST-01309,marie.braun179@example.com,Linen Throw Blanket,Natural,1,77.44,0.0,77.44,paid,GB,online_store
#1113,2025-08-20 16:56:59,CUST-01309,marie.braun179@example.com,Brass Pour-Over Stand,Standard,1,67.15,0.0,67.15,paid,GB,online_store
#1807,2025-08-20 19:26:14,CUST-00406,lena.braun421@example.com,Merino Wool Beanie,Oat,1,31.07,0.0,31.07,paid,US,online_store
#4192,2025-08-20 20:56:02,CUST-00760,luis.hartmann688@example.com,Botanical Print A3,Eucalyptus,1,27.29,0.0,27.29,paid,US,online_store
#1070,2025-08-21 11:59:20,CUST-01512,clara.becker633@example.com,Merino Wool Beanie,Black,1,31.3,0.0,31.3,paid,US,instagram
#3744,2025-08-21 12:21:10,CUST-01165,jonas.klein2@example.com,Organic Cotton Tote,Navy,1,15.41,0.0,15.41,paid,DE,draft_order
#3744,2025-08-21 12:21:10,CUST-01165,jonas.klein2@example.com,Aurora Ceramic Mug,Sage / 350ml,1,17.5,0.0,17.5,paid,DE,draft_order
#1673,2025-08-21 15:18:11,CUST-01604,max.wolf126@example.com,Organic Cotton Tote,Cream,1,15.24,0.0,15.24,paid,NL,instagram
#1509,2025-08-21 16:30:59,CUST-01237,clara.krueger536@example.com,Aurora Ceramic Mug,White / 350ml,1,18.34,0.0,18.34,PAID,AT,online_store
#2994,2025-08-21 16:34:11,CUST-00855,clara.wagner867@example.com,Stoneware Dinner Plate Set,Set of 6,1,98.65,22.15,76.5,paid,DE,online_store
#2994,2025-08-21 16:34:11,CUST-00855,clara.wagner867@example.com,Merino Wool Beanie,Black,3,31.78,19.91,75.43,paid,DE,online_store
#1928,2025-08-21 16:46:24,CUST-00023,julia.richter882@example.com,Soy Wax Candle — Cedar,Set of 3,1,24.39,0.0,24.39,paid,AT,online_store
#2485,2025-08-21 18:54:10,CUST-00298,max.klein716@example.com,Linen Throw Blanket,Natural,1,79.04,0.0,79.04,paid,GB,online_store
#3869,2025-08-21 20:20:18,CUST-01403,felix.richter705@example.com,Soy Wax Candle — Cedar,Set of 3,1,24.45,0.0,24.45,paid,US,instagram
#4398,2025-08-21 20:46:30,CUST-01632,ben.fischer436@example.com,Recycled Glass Vase,Amber,2,41.06,10.39,71.73,paid,AT,online_store
#2417,2025-08-22 09:53:50,CUST-01604,max.wolf126@example.com,Brass Pour-Over Stand,Standard,1,69.21,0.0,69.21,paid,NL,online_store
#4292,2025-08-22 12:17:11,CUST-01102,laura.koch521@example.com,Aurora Ceramic Mug,Black / 350ml,1,18.32,0.0,18.32,paid,CH,online_store
#3823,2025-08-22 13:21:11,CUST-00167,nina.mueller689@example.com,Merino Wool Beanie,Oat,1,32.61,0.0,32.61,paid,NL,instagram
#3823,2025-08-22 13:21:11,CUST-00167,nina.mueller689@example.com,Recycled Glass Vase,Smoke,2,41.69,0.0,83.38,paid,NL,instagram
#1905,2025-08-22 14:43:08,CUST-01369,laura.hartmann971@example.com,Soy Wax Candle — Cedar,Set of 3,1,24.45,5.87,18.58,paid,US,online_store
#1424,2025-08-22 15:45:15,CUST-00142,felix.neumann544@example.com,Aurora Ceramic Mug,Black / 350ml,1,17.53,0.0,17.53,paid,US,online_store
#2285,2025-08-22 15:57:59,CUST-00840,max.wagner666@example.com,Organic Cotton Tote,Navy,1,14.56,0.0,14.56,paid,CH,online_store
#1020,2025-08-22 16:29:56,CUST-01305,erik.schwarz17@example.com,Linen Throw Blanket,Rust,1,77.76,0.0,77.76,paid,NL,online_store
#1831,2025-08-22 17:25:25,CUST-00442,luis.hartmann822@example.com,Organic Cotton Tote,Cream,1,15.02,0.0,15.02,paid,GB,online_store
#1331,2025-08-22 17:47:38,CUST-00555,erik.hoffmann440@example.com,Organic Cotton Tote,Cream,1,15.01,3.63,11.38,paid,US,draft_order
#1607,2025-08-22 17:51:58,CUST-01336,noah.krueger86@example.com,Organic Cotton Tote,Navy,1,14.95,0.0,14.95,paid,US,online_store
#1920,2025-08-22 17:52:07,CUST-00618,liam.schmidt408@example.com,Organic Cotton Tote,Navy,1,14.57,0.0,14.57,paid,US,online_store
#1920,2025-08-22 17:52:07,CUST-00618,liam.schmidt408@example.com,Merino Wool Beanie,Forest,1,31.72,0.0,31.72,paid,US,online_store
#1920,2025-08-22 17:52:07,CUST-00618,liam.schmidt408@example.com,Linen Throw Blanket,Rust,1,77.19,0.0,77.19,paid,US,online_store
#1649,2025-08-23 04:42:08,CUST-00037,jonas.fischer881@example.com,Linen Throw Blanket,Natural,1,76.89,0.0,76.89,PAID,DE,online_store
#3616,2025-08-23 12:10:10,CUST-00266,ben.hartmann425@example.com,Recycled Glass Vase,Smoke,1,43.11,0.0,43.11,paid,DE,online_store
#2049,2025-08-23 12:36:59,CUST-00006,sofia.wolf390@example.com,Brass Pour-Over Stand,Standard,1,69.97,13.65,56.32,paid,DE,pos
#2049,2025-08-23 12:36:59,CUST-00006,sofia.wolf390@example.com,Linen Throw Blanket,Rust,2,80.4,38.89,121.91,paid,DE,pos
#4031,2025-08-23 12:54:29,CUST-00971,clara.hoffmann855@example.com,Soy Wax Candle — Cedar,Single,2,24.09,0.0,48.18,paid,DE,online_store
#4068,2025-08-23 13:59:09,CUST-01198,marie.neumann838@example.com,Soy Wax Candle — Cedar,Set of 3,1,23.88,0.0,23.88,refunded,DE,online_store
#4068,2025-08-23 13:59:09,CUST-01198,marie.neumann838@example.com,Soy Wax Candle — Cedar,Set of 3,1,23.9,0.0,23.9,refunded,DE,online_store
#1543,2025-08-23 14:05:05,CUST-01117,emma.wolf424@example.com,Stoneware Dinner Plate Set,Set of 4,1,98.7,0.0,98.7,paid,CH,online_store
#1543,2025-08-23 14:05:05,CUST-01117,emma.wolf424@example.com,Aurora Ceramic Mug,Black / 350ml,1,18.53,0.0,18.53,paid,CH,online_store
#2312,2025-08-23 15:46:14,CUST-01293,julia.krueger892@example.com,Botanical Print A3,Fern,1,28.43,4.58,23.85,paid,NL,online_store
#4402,2025-08-23 15:57:21,CUST-01403,felix.richter705@example.com,Linen Throw Blanket,Charcoal,2,77.87,0.0,155.74,paid,US,pos
#1492,2025-08-23 18:19:21,CUST-00153,felix.fischer122@example.com,Botanical Print A3,Fern,1,28.67,6.41,22.26,paid,US,draft_order
#1095,2025-08-23 21:35:59,CUST-00792,sofia.hoffmann852@example.com,Recycled Glass Vase,Amber,3,42.98,0.0,128.94,paid,US,pos
#1095,2025-08-23 21:35:59,CUST-00792,sofia.hoffmann852@example.com,Organic Cotton Tote,Cream,1,15.1,0.0,15.1,paid,US,pos
#1095,2025-08-23 21:35:59,CUST-00792,sofia.hoffmann852@example.com,Organic Cotton Tote,Navy,1,15.18,0.0,15.18,paid,US,pos
#2653,2025-08-24 10:12:50,CUST-00834,paul.becker132@example.com,Soy Wax Candle — Cedar,Single,1,24.67,0.0,24.67,paid,DE,online_store
#2653,2025-08-24 10:12:50,CUST-00834,paul.becker132@example.com,Soy Wax Candle — Cedar,Set of 3,2,24.08,0.0,48.16,paid,DE,online_store
#1510,2025-08-24 10:39:40,CUST-00774,lena.braun414@example.com,Merino Wool Beanie,Forest,1,32.11,0.0,32.11,pending,US,online_store
#1510,2025-08-24 10:39:40,CUST-00774,lena.braun414@example.com,Botanical Print A3,Eucalyptus,1,28.24,0.0,28.24,pending,US,online_store
#4216,2025-08-24 11:05:01,CUST-00018,marie.wagner253@example.com,Merino Wool Beanie,Black,2,32.65,0.0,65.3,paid,FR,online_store
#1350,2025-08-24 13:45:44,CUST-01439,noah.weber510@example.com,Recycled Glass Vase,Smoke,3,42.92,17.54,111.22,paid,DE,online_store
#1973,2025-08-24 14:21:50,CUST-00289,liam.krueger586@example.com,Aurora Ceramic Mug,Sage / 350ml,1,17.78,0.0,17.78,paid,GB,instagram
#2079,2025-08-24 16:16:35,CUST-00823,marie.wolf635@example.com,Brass Pour-Over Stand,Standard,1,66.58,0.0,66.58,paid,GB,online_store
#1253,2025-08-24 18:15:05,CUST-00192,noah.krueger148@example.com,Linen Throw Blanket,Charcoal,1,77.82,0.0,77.82,paid,US,online_store
#1253,2025-08-24 18:15:05,CUST-00192,noah.krueger148@example.com,Linen Throw Blanket,Charcoal,1,77.82,0.0,77.82,paid,US,online_store
#2944,2025-08-25 10:02:39,CUST-00920,paul.wagner41@example.com,Stoneware Dinner Plate Set,Set of 4,2,93.19,0.0,186.38,refunded,AT,online_store
#2944,2025-08-25 10:02:39,CUST-00920,paul.wagner41@example.com,Aurora Ceramic Mug,White / 350ml,1,18.02,0.0,18.02,refunded,AT,online_store
#3924,2025-08-25 13:47:53,CUST-00179,mia.koch935@example.com,Recycled Glass Vase,Amber,1,41.77,0.0,41.77,paid,DE,online_store
#1840,2025-08-25 15:54:52,CUST-01348,noah.hartmann771@example.com,Aurora Ceramic Mug,Sage / 350ml,1,17.84,2.06,15.78,paid,GB,online_store
#2275,2025-08-25 18:17:06,CUST-01117,emma.wolf424@example.com,Aurora Ceramic Mug,Black / 350ml,1,18.25,0.0,18.25,paid,CH,online_store
#2275,2025-08-25 18:17:06,CUST-01117,emma.wolf424@example.com,Stoneware Dinner Plate Set,Set of 4,1,98.31,0.0,98.31,paid,CH,online_store
#3939,2025-08-25 20:12:18,CUST-00179,mia.koch935@example.com,Recycled Glass Vase,Smoke,1,42.23,0.0,42.23,paid,DE,instagram
#1996,2025-08-25 20:30:25,CUST-00618,liam.schmidt408@example.com,Walnut Serving Board,Large,1,54.44,12.01,42.43,paid,US,online_store
#4239,2025-08-26 12:07:05,CUST-01058,clara.schmidt855@example.com,Organic Cotton Tote,Cream,1,14.88,0.0,14.88,paid,DE,online_store
#3218,2025-08-26 12:17:48,CUST-00675,nina.koch103@example.com,Merino Wool Beanie,Forest,1,31.07,0.0,31.07,paid,DE,online_store
#3218,2025-08-26 12:17:48,CUST-00675,nina.koch103@example.com,Soy Wax Candle — Cedar,Set of 3,1,24.06,0.0,24.06,paid,DE,online_store
#3218,2025-08-26 12:17:48,CUST-00675,nina.koch103@example.com,Stoneware Dinner Plate Set,Set of 6,1,98.16,0.0,98.16,paid,DE,online_store
#3814,2025-08-26 16:21:52,CUST-01381,max.klein896@example.com,Linen Throw Blanket,Rust,1,76.89,0.0,76.89,refunded,,online_store
#2610,2025-08-26 18:45:57,CUST-01040,luis.neumann450@example.com,Recycled Glass Vase,Amber,2,42.99,0.0,85.98,paid,FR,pos
#3008,2025-08-26 19:00:26,CUST-00274,nina.braun727@example.com,Soy Wax Candle — Cedar,Set of 3,1,23.7,0.0,23.7,paid,GB,online_store
#1994,2025-08-26 19:55:49,CUST-00454,ben.neumann392@example.com,Merino Wool Beanie,Forest,1,32.03,6.37,25.66,paid,,online_store
#3431,2025-08-27 10:02:04,CUST-01337,emma.braun136@example.com,Recycled Glass Vase,Amber,1,41.32,0.0,41.32,paid,US,pos
#3389,2025-08-27 14:17:00,CUST-01609,ben.braun975@example.com,Botanical Print A3,Eucalyptus,1,28.59,0.0,28.59,paid,NL,draft_order
#3389,2025-08-27 14:17:00,CUST-01609,ben.braun975@example.com,Aurora Ceramic Mug,Black / 350ml,1,17.91,0.0,17.91,paid,NL,draft_order
#3617,2025-08-27 16:01:24,CUST-00197,felix.koch445@example.com,Botanical Print A3,Fern,2,28.31,0.0,56.62,paid,CH,online_store
#3617,2025-08-27 16:01:24,CUST-00197,felix.koch445@example.com,Merino Wool Beanie,Forest,1,31.37,0.0,31.37,paid,CH,online_store
#4238,2025-08-27 16:05:38,CUST-00746,nina.hoffmann663@example.com,Aurora Ceramic Mug,Sage / 350ml,1,17.6,0.0,17.6,paid,DE,online_store
#1434,2025-08-27 17:07:05,CUST-01183,sofia.fischer26@example.com,Aurora Ceramic Mug,White / 350ml,1,18.21,0.0,18.21,paid,FR,online_store
#1434,2025-08-27 17:07:05,CUST-01183,sofia.fischer26@example.com,Walnut Serving Board,Small,1,54.58,0.0,54.58,paid,FR,online_store
#1301,2025-08-27 23:20:08,CUST-00449,ben.krueger573@example.com,Walnut Serving Board,Large,3,54.96,0.0,164.88,paid,US,pos
#4262,2025-08-28 08:40:23,CUST-00745,clara.fischer396@example.com,Aurora Ceramic Mug,Sage / 350ml,1,17.68,0.0,17.68,paid,DE,online_store
#2648,2025-08-28 11:07:11,CUST-01353,mia.hoffmann469@example.com,Aurora Ceramic Mug,Black / 350ml,1,17.51,0.0,17.51,paid,DE,online_store
#1616,2025-08-28 11:11:57,CUST-00543,laura.wolf441@example.com,Linen Throw Blanket,Rust,1,77.36,0.0,77.36,pending,DE,online_store
#4035,2025-08-28 12:13:52,CUST-01315,tom.hartmann687@example.com,Soy Wax Candle — Cedar,Set of 3,1,23.61,0.0,23.61,paid,AT,online_store
#4035,2025-08-28 12:13:52,CUST-01315,tom.hartmann687@example.com,Organic Cotton Tote,Cream,2,15.42,0.0,30.84,paid,AT,online_store
#2812,2025-08-28 12:18:53,CUST-01117,emma.wolf424@example.com,Soy Wax Candle — Cedar,Set of 3,1,24.45,0.0,24.45,paid,CH,online_store
#2812,2025-08-28 12:18:53,CUST-01117,emma.wolf424@example.com,Aurora Ceramic Mug,Black / 350ml,3,17.62,0.0,52.86,paid,CH,online_store
#1296,2025-08-28 13:10:49,CUST-01279,anna.schwarz528@example.com,Soy Wax Candle — Cedar,Set of 3,1,23.74,0.0,23.74,paid,FR,instagram
#1766,2025-08-28 13:22:25,CUST-00082,luis.wolf119@example.com,Soy Wax Candle — Cedar,Set of 3,1,24.48,0.0,24.48,pending,NL,online_store
#1766,2025-08-28 13:22:25,CUST-00082,luis.wolf119@example.com,Aurora Ceramic Mug,Sage / 350ml,2,17.72,0.0,35.44,pending,NL,online_store
#2166,2025-08-28 13:30:41,CUST-01500,tom.hartmann949@example.com,Aurora Ceramic Mug,Sage / 350ml,1,17.81,0.0,17.81,paid,NL,online_store
#4139,2025-08-28 14:24:58,CUST-01600,marie.weber801@example.com,Aurora Ceramic Mug,White / 350ml,2,18.09,0.0,36.18,paid,GB,online_store
#3410,2025-08-28 15:09:43,CUST-00469,liam.neumann688@example.com,Aurora Ceramic Mug,White / 350ml,1,18.01,0.0,18.01,paid,US,online_store
#3410,2025-08-28 15:09:43,CUST-00469,liam.neumann688@example.com,Linen Throw Blanket,Rust,1,78.35,0.0,78.35,paid,US,online_store
#3410,2025-08-28 15:09:43,CUST-00469,liam.neumann688@example.com,Botanical Print A3,Eucalyptus,1,27.3,0.0,27.3,paid,US,online_store
#3956,2025-08-28 20:58:03,CUST-00046,liam.mueller949@example.com,Recycled Glass Vase,Smoke,2,41.44,20.43,62.45,paid,FR,instagram
#2500,2025-08-28 21:57:14,CUST-00577,jonas.hoffmann603@example.com,Soy Wax Candle — Cedar,Set of 3,1,23.79,0.0,23.79,paid,,online_store
#2500,2025-08-28 21:57:14,CUST-00577,jonas.hoffmann603@example.com,Merino Wool Beanie,Black,1,31.89,0.0,31.89,paid,GB,online_store
#2500,2025-08-28 21:57:14,CUST-00577,jonas.hoffmann603@example.com,Aurora Ceramic Mug,White / 350ml,1,18.38,0.0,18.38,paid,GB,online_store
#3084,2025-08-29 12:26:15,CUST-00467,julia.koch282@example.com,Botanical Print A3,Eucalyptus,2,27.86,0.0,55.72,paid,DE,online_store
#2176,2025-08-29 14:14:47,CUST-00482,felix.schwarz665@example.com,Merino Wool Beanie,Black,2,31.18,0.0,62.36,paid,US,online_store
#2423,2025-08-29 15:54:11,CUST-00209,emma.schmidt764@example.com,Soy Wax Candle — Cedar,Single,1,23.61,0.0,23.61,paid,US,instagram
#2423,2025-08-29 15:54:11,CUST-00209,emma.schmidt764@example.com,Recycled Glass Vase,Amber,1,40.92,0.0,40.92,paid,US,instagram
#2423,2025-08-29 15:54:11,CUST-00209,emma.schmidt764@example.com,Organic Cotton Tote,Navy,1,15.29,0.0,15.29,paid,US,instagram
#1080,2025-08-29 17:03:07,CUST-01634,laura.schwarz599@example.com,Soy Wax Candle — Cedar,Set of 3,1,23.63,0.0,23.63,refunded,US,online_store
#2935,2025-08-29 17:37:06,CUST-00568,tom.braun426@example.com,Stoneware Dinner Plate Set,Set of 4,1,93.15,0.0,93.15,paid,FR,online_store
#2935,2025-08-29 17:37:06,CUST-00568,tom.braun426@example.com,Brass Pour-Over Stand,Standard,1,67.94,0.0,67.94,paid,FR,online_store
#2935,2025-08-29 17:37:06,CUST-00568,tom.braun426@example.com,Brass Pour-Over Stand,Standard,1,68.2,0.0,68.2,paid,FR,online_store
#1392,2025-08-29 18:28:01,CUST-01126,sofia.hoffmann950@example.com,Walnut Serving Board,Small,1,53.68,0.0,53.68,paid,CH,online_store
#2669,2025-08-29 18:40:34,CUST-00437,felix.mueller369@example.com,Soy Wax Candle — Cedar,Set of 3,1,23.84,0.0,23.84,paid,GB,online_store
#3362,2025-08-29 20:45:08,CUST-00521,erik.wolf13@example.com,Botanical Print A3,Eucalyptus,1,28.0,0.0,28.0,refunded,DE,online_store
#2013,2025-08-29 20:53:39,CUST-01219,felix.klein960@example.com,Linen Throw Blanket,Charcoal,1,80.1,0.0,80.1,paid,US,online_store
#2013,2025-08-29 20:53:39,CUST-01219,felix.klein960@example.com,Organic Cotton Tote,Navy,2,14.83,0.0,29.66,PAID,US,online_store
#1143,2025-08-29 22:25:49,CUST-00684,anna.schmidt601@example.com,Linen Throw Blanket,Charcoal,1,77.17,0.0,77.17,paid,FR,online_store
#1461,2025-08-30 12:15:25,CUST-00776,max.mueller776@example.com,Walnut Serving Board,Large,1,55.51,0.0,55.51,paid,NL,online_store
#3688,2025-08-30 14:16:31,CUST-00646,liam.wagner96@example.com,Brass Pour-Over Stand,Standard,1,67.05,13.4,53.65,paid,DE,draft_order
#3688,2025-08-30 14:16:31,CUST-00646,liam.wagner96@example.com,Aurora Ceramic Mug,Black / 350ml,1,17.61,2.97,14.64,paid,DE,draft_order
#3688,2025-08-30 14:16:31,CUST-00646,liam.wagner96@example.com,Merino Wool Beanie,Oat,1,31.41,4.63,26.78,paid,DE,draft_order
#2961,2025-08-30 15:02:18,CUST-00415,laura.neumann824@example.com,Stoneware Dinner Plate Set,Set of 4,1,94.79,0.0,94.79,paid,DE,online_store
#2961,2025-08-30 15:02:18,CUST-00415,laura.neumann824@example.com,Soy Wax Candle — Cedar,Set of 3,1,23.43,0.0,23.43,paid,DE,online_store
#1953,2025-08-30 15:05:36,CUST-00296,felix.richter673@example.com,Linen Throw Blanket,Natural,1,79.96,0.0,79.96,paid,CH,online_store
#3485,2025-08-30 16:40:03,CUST-00214,felix.wolf180@example.com,Botanical Print A3,Eucalyptus,2,28.69,0.0,57.38,paid,DE,draft_order
#3485,2025-08-30 16:40:03,CUST-00214,felix.wolf180@example.com,Organic Cotton Tote,Navy,1,15.42,0.0,15.42,paid,DE,draft_order
#2694,2025-08-30 20:01:55,CUST-00613,jonas.hartmann247@example.com,Aurora Ceramic Mug,White / 350ml,1,18.24,0.0,18.24,paid,US,online_store
#1062,2025-08-31 11:08:12,CUST-00780,felix.krueger611@example.com,Linen Throw Blanket,Natural,1,80.47,0.0,80.47,paid,US,online_store
#3048,2025-08-31 11:33:06,CUST-00913,laura.neumann354@example.com,Recycled Glass Vase,Amber,1,42.74,0.0,42.74,paid,US,pos
#3048,2025-08-31 11:33:06,CUST-00913,laura.neumann354@example.com,Botanical Print A3,Eucalyptus,2,28.34,0.0,56.68,paid,US,pos
#2733,2025-08-31 11:43:26,CUST-01268,nina.becker713@example.com,Walnut Serving Board,Small,1,55.42,0.0,55.42,paid,DE,instagram
#3721,2025-08-31 12:03:53,CUST-01568,paul.hoffmann765@example.com,Merino Wool Beanie,Oat,1,32.48,0.0,32.48,refunded,CH,online_store
#3721,2025-08-31 12:03:53,CUST-01568,paul.hoffmann765@example.com,Walnut Serving Board,Large,1,53.47,0.0,53.47,refunded,CH,online_store
#3767,2025-08-31 13:24:31,CUST-00345,paul.krueger44@example.com,Merino Wool Beanie,Oat,1,31.71,0.0,31.71,paid,FR,online_store
#3767,2025-08-31 13:24:31,CUST-00345,paul.krueger44@example.com,Aurora Ceramic Mug,Black / 350ml,1,18.3,0.0,18.3,paid,FR,online_store
#3125,2025-08-31 15:52:33,CUST-00679,max.mueller361@example.com,Aurora Ceramic Mug,Sage / 350ml,1,18.15,0.0,18.15,paid,AT,online_store
#1407,2025-08-31 17:12:16,CUST-00196,tom.schmidt241@example.com,Aurora Ceramic Mug,Sage / 350ml,3,17.64,0.0,52.92,paid,GB,online_store
#1407,2025-08-31 17:12:16,CUST-00196,tom.schmidt241@example.com,Linen Throw Blanket,Charcoal,2,78.04,0.0,156.08,paid,GB,online_store
#1407,2025-08-31 17:12:16,CUST-00196,tom.schmidt241@example.com,Soy Wax Candle — Cedar,Set of 3,1,23.69,0.0,23.69,paid,GB,online_store
#4274,2025-08-31 17:42:53,CUST-00956,julia.mueller71@example.com,Soy Wax Candle — Cedar,Set of 3,1,23.77,0.0,23.77,paid,AT,online_store
#4274,2025-08-31 17:42:53,CUST-00956,julia.mueller71@example.com,Linen Throw Blanket,Rust,1,77.57,0.0,77.57,PAID,AT,online_store
#2046,2025-08-31 17:48:27,CUST-01653,mia.hoffmann555@example.com,Organic Cotton Tote,Cream,1,14.62,0.0,14.62,paid,GB,instagram
#3859,2025-08-31 19:52:40,CUST-01615,luis.klein322@example.com,Brass Pour-Over Stand,Standard,3,67.83,0.0,203.49,paid,AT,instagram
#3129,2025-08-31 22:33:19,CUST-00682,jonas.koch490@example.com,Merino Wool Beanie,Black,1,32.08,0.0,32.08,paid,DE,online_store
#3129,2025-08-31 22:33:19,CUST-00682,jonas.koch490@example.com,Brass Pour-Over Stand,Standard,2,66.68,0.0,133.36,paid,DE,online_store
#2392,2025-09-01 10:50:02,CUST-00650,felix.richter949@example.com,Linen Throw Blanket,Natural,1,80.31,0.0,80.31,paid,NL,draft_order
#2942,2025-09-01 14:28:24,CUST-00223,anna.koch651@example.com,Aurora Ceramic Mug,Sage / 350ml,1,18.24,2.28,15.96,paid,NL,online_store
#2942,2025-09-01 14:28:24,CUST-00223,anna.koch651@example.com,Organic Cotton Tote,Cream,1,15.35,2.67,12.68,paid,NL,online_store
#2942,2025-09-01 14:28:24,CUST-00223,anna.koch651@example.com,Aurora Ceramic Mug,Sage / 350ml,1,18.24,2.28,15.96,paid,NL,online_store
#2942,2025-09-01 14:28:24,CUST-00223,anna.koch651@example.com,Aurora Ceramic Mug,Sage / 350ml,1,18.24,2.28,15.96,paid,NL,online_store
#3401,2025-09-01 14:49:02,CUST-00910,clara.richter584@example.com,Walnut Serving Board,Small,1,55.6,0.0,55.6,paid,DE,online_store
#3401,2025-09-01 14:49:02,CUST-00910,clara.richter584@example.com,Soy Wax Candle — Cedar,Single,1,24.52,0.0,24.52,paid,DE,online_store
#3452,2025-09-01 15:47:05,CUST-00719,julia.braun704@example.com,Soy Wax Candle — Cedar,Single,1,23.81,0.0,23.81,paid,NL,online_store
#2985,2025-09-01 16:24:57,CUST-00543,laura.wolf441@example.com,Aurora Ceramic Mug,White / 350ml,3,17.53,0.0,52.59,paid,DE,online_store
#2985,2025-09-01 16:24:57,CUST-00543,laura.wolf441@example.com,Aurora Ceramic Mug,White / 350ml,2,18.33,0.0,36.66,paid,DE,online_store
#4500,2025-09-01 17:25:56,CUST-00958,max.neumann284@example.com,Organic Cotton Tote,Navy,1,14.74,0.0,14.74,paid,DE,online_store
#4500,2025-09-01 17:25:56,CUST-00958,max.neumann284@example.com,Merino Wool Beanie,Oat,1,32.87,0.0,32.87,paid,DE,online_store
#1175,2025-09-01 17:37:48,CUST-00845,paul.klein150@example.com,Aurora Ceramic Mug,Black / 350ml,2,17.7,0.0,35.4,paid,NL,pos
#1175,2025-09-01 17:37:48,CUST-00845,paul.klein150@example.com,Organic Cotton Tote,Cream,1,14.96,0.0,14.96,paid,NL,pos
#2675,2025-09-01 17:58:26,CUST-00021,mia.schmidt157@example.com,Linen Throw Blanket,Rust,1,77.22,0.0,77.22,paid,GB,online_store
#2675,2025-09-01 17:58:26,CUST-00021,mia.schmidt157@example.com,Aurora Ceramic Mug,Sage / 350ml,1,17.62,0.0,17.62,paid,GB,online_store
#4135,2025-09-01 21:04:35,CUST-01313,luis.koch642@example.com,Linen Throw Blanket,Rust,1,78.33,0.0,78.33,paid,GB,online_store
#4002,2025-09-01 22:43:41,CUST-00336,felix.hoffmann205@example.com,Organic Cotton Tote,Navy,1,15.16,2.05,13.11,paid,AT,online_store
#1789,2025-09-02 07:47:08,CUST-00048,laura.schmidt3@example.com,Linen Throw Blanket,Rust,1,78.06,0.0,78.06,paid,,online_store
#1787,2025-09-02 10:53:30,CUST-01605,marie.braun7@example.com,Walnut Serving Board,Large,2,53.23,0.0,106.46,paid,DE,online_store
#3858,2025-09-02 11:42:58,CUST-00941,max.richter407@example.com,Linen Throw Blanket,Charcoal,1,80.27,0.0,80.27,paid,,online_store
#3858,2025-09-02 11:42:58,CUST-00941,max.richter407@example.com,Soy Wax Candle — Cedar,Single,1,23.3,0.0,23.3,paid,FR,online_store
#3858,2025-09-02 11:42:58,CUST-00941,max.richter407@example.com,Stoneware Dinner Plate Set,Set of 4,2,98.14,0.0,196.28,paid,FR,online_store
#4510,2025-09-02 12:06:09,CUST-01055,mia.mueller214@example.com,Linen Throw Blanket,Rust,1,78.21,16.26,61.95,paid,GB,online_store
#4510,2025-09-02 12:06:09,CUST-01055,mia.mueller214@example.com,Stoneware Dinner Plate Set,Set of 6,1,96.71,12.75,83.96,paid,GB,online_store
#1111,2025-09-02 12:56:48,CUST-01412,jonas.klein134@example.com,Recycled Glass Vase,Amber,1,43.09,0.0,43.09,paid,CH,pos
#1111,2025-09-02 12:56:48,CUST-01412,jonas.klein134@example.com,Merino Wool Beanie,Oat,1,31.57,0.0,31.57,paid,CH,pos
#1111,2025-09-02 12:56:48,CUST-01412,jonas.klein134@example.com,Aurora Ceramic Mug,White / 350ml,1,18.49,0.0,18.49,paid,CH,pos
#4479,2025-09-02 13:16:07,CUST-01417,noah.hoffmann205@example.com,Organic Cotton Tote,Cream,1,15.37,2.84,12.53,paid,DE,online_store
#1186,2025-09-02 13:37:33,CUST-01146,paul.weber984@example.com,Recycled Glass Vase,Amber,1,41.02,0.0,41.02,paid,DE,instagram
#4459,2025-09-02 13:52:43,CUST-01098,nina.schmidt62@example.com,Merino Wool Beanie,Oat,3,32.47,15.53,81.88,paid,DE,pos
#4346,2025-09-02 15:39:15,CUST-01548,felix.wolf762@example.com,Organic Cotton Tote,Navy,1,15.26,0.0,15.26,paid,,instagram
#4061,2025-09-02 16:06:22,CUST-00141,emma.fischer415@example.com,Recycled Glass Vase,Smoke,1,41.1,0.0,41.1,paid,GB,online_store
#4061,2025-09-02 16:06:22,CUST-00141,emma.fischer415@example.com,Recycled Glass Vase,Smoke,1,41.1,0.0,41.1,paid,GB,online_store
#4444,2025-09-02 17:03:38,CUST-00103,luis.wolf913@example.com,Stoneware Dinner Plate Set,Set of 4,1,95.68,17.86,77.82,paid,US,online_store
#4444,2025-09-02 17:03:38,CUST-00103,luis.wolf913@example.com,Stoneware Dinner Plate Set,Set of 4,1,95.68,17.86,77.82,paid,US,online_store
#2482,2025-09-02 17:32:19,CUST-00115,paul.krueger638@example.com,Walnut Serving Board,Small,3,53.9,0.0,161.7,paid,US,instagram
#4137,2025-09-02 17:58:19,CUST-00619,julia.braun412@example.com,Recycled Glass Vase,Amber,1,41.7,0.0,41.7,paid,DE,online_store
#1390,2025-09-02 19:12:55,CUST-01196,tom.schmidt56@example.com,Recycled Glass Vase,Smoke,1,41.51,0.0,41.51,paid,DE,instagram
#1008,2025-09-02 22:52:39,CUST-01007,max.wolf479@example.com,Aurora Ceramic Mug,Sage / 350ml,1,18.22,0.0,18.22,pending,CH,instagram
#4003,2025-09-03 11:50:14,CUST-01590,ben.neumann819@example.com,Aurora Ceramic Mug,White / 350ml,1,18.52,0.0,18.52,paid,CH,instagram
#1110,2025-09-03 12:28:59,CUST-00153,felix.fischer122@example.com,Recycled Glass Vase,Amber,1,41.13,0.0,41.13,paid,US,draft_order
#2113,2025-09-03 12:33:24,CUST-01594,sofia.schmidt368@example.com,Soy Wax Candle — Cedar,Set of 3,2,24.26,0.0,48.52,paid,AT,online_store
#3220,2025-09-03 13:15:07,CUST-01334,liam.schmidt752@example.com,Aurora Ceramic Mug,Sage / 350ml,1,17.49,4.08,13.41,paid,FR,online_store
#1936,2025-09-03 13:41:47,CUST-00485,liam.koch17@example.com,Organic Cotton Tote,Cream,1,14.94,0.0,14.94,paid,DE,online_store
#1936,2025-09-03 13:41:47,CUST-00485,liam.koch17@example.com,Soy Wax Candle — Cedar,Single,1,24.52,0.0,24.52,paid,DE,online_store
#2863,2025-09-03 16:33:13,CUST-00968,luis.becker363@example.com,Aurora Ceramic Mug,Black / 350ml,1,17.87,0.0,17.87,paid,DE,instagram
#1185,2025-09-03 20:17:56,CUST-01011,max.hartmann825@example.com,Linen Throw Blanket,Rust,1,78.2,0.0,78.2,pending,DE,online_store
#1185,2025-09-03 20:17:56,CUST-01011,max.hartmann825@example.com,Merino Wool Beanie,Forest,1,32.95,0.0,32.95,pending,DE,online_store
#2957,2025-09-04 11:49:24,CUST-00432,paul.mueller810@example.com,Linen Throw Blanket,Rust,1,78.49,0.0,78.49,paid,DE,online_store
#2109,2025-09-04 13:12:03,CUST-00264,erik.fischer160@example.com,Soy Wax Candle — Cedar,Single,1,24.6,0.0,24.6,pending,DE,online_store
#2109,2025-09-04 13:12:03,CUST-00264,erik.fischer160@example.com,Brass Pour-Over Stand,Standard,1,68.98,0.0,68.98,pending,DE,online_store
#2662,2025-09-04 14:11:20,CUST-00553,luis.braun238@example.com,Aurora Ceramic Mug,White / 350ml,1,17.62,0.0,17.62,paid,FR,pos
#3155,2025-09-04 15:09:35,CUST-01281,mia.koch978@example.com,Botanical Print A3,Olive,1,27.9,0.0,27.9,paid,GB,online_store
#4063,2025-09-04 16:31:05,CUST-00301,julia.fischer434@example.com,Recycled Glass Vase,Amber,1,42.04,0.0,42.04,paid,US,online_store
#4063,2025-09-04 16:31:05,CUST-00301,julia.fischer434@example.com,Soy Wax Candle — Cedar,Single,1,24.55,0.0,24.55,paid,US,online_store
#1997,2025-09-04 17:17:13,CUST-00497,ben.becker99@example.com,Botanical Print A3,Eucalyptus,1,28.63,0.0,28.63,paid,US,online_store
#1858,2025-09-04 21:43:25,CUST-00023,julia.richter882@example.com,Aurora Ceramic Mug,Sage / 350ml,3,18.04,0.0,54.12,paid,AT,instagram
#2228,2025-09-05 07:11:58,CUST-01640,ben.weber586@example.com,Linen Throw Blanket,Rust,1,80.93,0.0,80.93,paid,DE,online_store
#2491,2025-09-05 08:36:07,CUST-01634,laura.schwarz599@example.com,Walnut Serving Board,Large,2,54.68,14.56,94.8,refunded,US,instagram
#3060,2025-09-05 08:53:40,CUST-01005,laura.klein756@example.com,Soy Wax Candle — Cedar,Set of 3,1,23.84,0.0,23.84,paid,,pos
#3060,2025-09-05 08:53:40,CUST-01005,laura.klein756@example.com,Aurora Ceramic Mug,Black / 350ml,1,17.77,0.0,,paid,DE,pos
#4062,2025-09-05 14:23:19,CUST-01472,marie.richter546@example.com,Stoneware Dinner Plate Set,Set of 4,1,96.39,0.0,96.39,paid,NL,online_store
#4062,2025-09-05 14:23:19,CUST-01472,marie.richter546@example.com,Stoneware Dinner Plate Set,Set of 6,1,97.85,0.0,97.85,paid,NL,online_store
#2592,2025-09-05 15:11:13,CUST-00454,ben.neumann392@example.com,Recycled Glass Vase,Amber,2,42.11,0.0,84.22,paid,US,pos
#2592,2025-09-05 15:11:13,CUST-00454,ben.neumann392@example.com,Soy Wax Candle — Cedar,Single,1,24.22,0.0,24.22,paid,US,pos
#2629,2025-09-05 15:43:07,CUST-01027,luis.hartmann918@example.com,Soy Wax Candle — Cedar,Set of 3,1,23.8,0.0,23.8,PAID,NL,online_store
#2629,2025-09-05 15:43:07,CUST-01027,luis.hartmann918@example.com,Recycled Glass Vase,Amber,2,42.32,0.0,84.64,paid,NL,online_store
#2886,2025-09-05 17:35:28,CUST-00125,noah.mueller590@example.com,Merino Wool Beanie,Forest,1,31.19,0.0,31.19,paid,GB,instagram
#2886,2025-09-05 17:35:28,CUST-00125,noah.mueller590@example.com,Organic Cotton Tote,Navy,2,15.19,0.0,30.38,paid,GB,instagram
#2638,2025-09-05 20:30:03,CUST-00827,tom.wagner761@example.com,Stoneware Dinner Plate Set,Set of 6,1,98.56,23.75,74.81,paid,FR,online_store
#4386,2025-09-06 08:34:29,CUST-00654,luis.neumann213@example.com,Aurora Ceramic Mug,Black / 350ml,1,18.48,0.0,18.48,paid,US,online_store
#3598,2025-09-06 11:31:44,CUST-00078,laura.schmidt228@example.com,Aurora Ceramic Mug,Black / 350ml,1,17.51,0.0,17.51,paid,DE,online_store
#4463,2025-09-06 11:52:59,CUST-01366,anna.wagner379@example.com,Botanical Print A3,Eucalyptus,1,27.24,0.0,27.24,REFUNDED,DE,online_store
#4463,2025-09-06 11:52:59,CUST-01366,anna.wagner379@example.com,Merino Wool Beanie,Black,1,31.42,0.0,31.42,refunded,DE,online_store
#4348,2025-09-06 13:41:04,CUST-01234,clara.braun591@example.com,Linen Throw Blanket,Charcoal,1,80.0,15.26,64.74,pending,US,online_store
#4348,2025-09-06 13:41:04,CUST-01234,clara.braun591@example.com,Soy Wax Candle — Cedar,Set of 3,3,24.01,10.66,61.37,pending,US,online_store
#4474,2025-09-06 14:14:48,CUST-00213,marie.schmidt750@example.com,Merino Wool Beanie,Oat,1,32.37,0.0,32.37,paid,DE,online_store
#1902,2025-09-06 15:57:08,CUST-00905,paul.wagner496@example.com,Aurora Ceramic Mug,White / 350ml,2,18.48,7.66,29.3,paid,AT,draft_order
#3221,2025-09-06 17:11:00,CUST-01403,felix.richter705@example.com,Brass Pour-Over Stand,Standard,1,66.49,0.0,66.49,paid,US,online_store
#3221,2025-09-06 17:11:00,CUST-01403,felix.richter705@example.com,Linen Throw Blanket,Natural,1,81.07,0.0,81.07,paid,US,online_store
#3221,2025-09-06 17:11:00,CUST-01403,felix.richter705@example.com,Botanical Print A3,Eucalyptus,1,27.32,0.0,27.32,paid,US,online_store
#1604,2025-09-06 17:13:46,CUST-00246,anna.schwarz544@example.com,Botanical Print A3,Fern,1,28.5,0.0,28.5,paid,DE,online_store
#1604,2025-09-06 17:13:46,CUST-00246,anna.schwarz544@example.com,Botanical Print A3,Fern,1,28.5,0.0,28.5,paid,DE,online_store
#1794,2025-09-07 08:00:14,CUST-00028,julia.mueller501@example.com,Aurora Ceramic Mug,Black / 350ml,2,18.31,0.0,36.62,paid,DE,online_store
#2844,2025-09-07 10:04:52,CUST-00513,marie.hartmann567@example.com,Aurora Ceramic Mug,Black / 350ml,1,17.87,0.0,17.87,paid,AT,online_store
#3342,2025-09-07 13:32:01,CUST-00553,luis.braun238@example.com,Recycled Glass Vase,Amber,3,41.11,0.0,123.33,paid,FR,draft_order
#2182,2025-09-07 14:48:13,CUST-00671,luis.mueller801@example.com,Aurora Ceramic Mug,Black / 350ml,3,18.04,0.0,54.12,paid,FR,online_store
#3836,2025-09-07 16:16:38,CUST-00394,noah.wagner404@example.com,Linen Throw Blanket,Rust,1,80.74,0.0,80.74,paid,,online_store
#2134,2025-09-07 17:34:24,CUST-00087,sofia.neumann972@example.com,Recycled Glass Vase,Amber,1,42.95,0.0,42.95,paid,GB,online_store
#1157,2025-09-07 18:40:49,CUST-00951,tom.krueger871@example.com,Soy Wax Candle — Cedar,Set of 3,1,23.93,4.66,19.27,refunded,GB,online_store
#1157,2025-09-07 18:40:49,CUST-00951,tom.krueger871@example.com,Recycled Glass Vase,Amber,1,42.38,5.65,,refunded,GB,online_store
#1452,2025-09-07 19:19:08,CUST-01223,max.weber887@example.com,Organic Cotton Tote,Cream,1,15.03,2.19,12.84,paid,DE,online_store
#1871,2025-09-07 20:48:33,CUST-01510,nina.koch24@example.com,Soy Wax Candle — Cedar,Single,1,24.33,0.0,24.33,paid,AT,online_store
#1668,2025-09-08 02:20:15,CUST-00655,marie.richter93@example.com,Soy Wax Candle — Cedar,Single,1,23.98,0.0,23.98,paid,DE,online_store
#1933,2025-09-08 11:58:25,CUST-00760,luis.hartmann688@example.com,Organic Cotton Tote,Cream,1,14.98,0.0,14.98,paid,US,online_store
#4490,2025-09-08 13:13:40,CUST-01264,marie.neumann291@example.com,Recycled Glass Vase,Smoke,1,41.66,0.0,41.66,paid,DE,instagram
#3010,2025-09-08 15:50:20,CUST-00183,lena.fischer809@example.com,Organic Cotton Tote,Cream,1,15.42,3.47,11.95,paid,NL,instagram
#3010,2025-09-08 15:50:20,CUST-00183,lena.fischer809@example.com,Brass Pour-Over Stand,Standard,1,67.71,15.14,52.57,paid,NL,instagram
#3620,2025-09-08 16:33:28,CUST-00815,tom.hartmann77@example.com,Merino Wool Beanie,Oat,1,31.69,0.0,31.69,paid,FR,draft_order
#1389,2025-09-09 08:29:46,CUST-00723,mia.braun843@example.com,Aurora Ceramic Mug,Sage / 350ml,1,17.73,0.0,17.73,paid,GB,draft_order
#3246,2025-09-09 13:05:11,CUST-00500,nina.koch232@example.com,Merino Wool Beanie,Forest,1,31.7,0.0,31.7,paid,DE,online_store
#3053,2025-09-09 13:43:33,CUST-01363,felix.schmidt292@example.com,Soy Wax Candle — Cedar,Set of 3,1,24.03,0.0,24.03,paid,US,draft_order
#2543,2025-09-09 14:20:09,CUST-01619,laura.hoffmann87@example.com,Botanical Print A3,Eucalyptus,2,28.03,12.34,43.72,paid,DE,instagram
#1884,2025-09-09 17:11:26,CUST-01049,luis.schwarz700@example.com,Aurora Ceramic Mug,Sage / 350ml,1,18.34,0.0,18.34,refunded,US,online_store
#1261,2025-09-09 17:13:05,CUST-01557,julia.wolf693@example.com,Aurora Ceramic Mug,Black / 350ml,3,17.61,11.68,41.15,paid,DE,online_store
#1009,2025-09-09 17:25:07,CUST-01445,luis.mueller33@example.com,Walnut Serving Board,Small,1,54.21,0.0,54.21,paid,CH,online_store
#3386,2025-09-09 23:46:35,CUST-00750,clara.braun873@example.com,Botanical Print A3,Eucalyptus,2,27.81,0.0,55.62,paid,US,online_store
#3386,2025-09-09 23:46:35,CUST-00750,clara.braun873@example.com,Soy Wax Candle — Cedar,Set of 3,1,24.59,0.0,24.59,paid,US,online_store
#1004,2025-09-10 05:53:32,CUST-00421,tom.weber141@example.com,Brass Pour-Over Stand,Standard,2,68.92,34.44,103.4,paid,DE,online_store
#3281,2025-09-10 07:31:54,CUST-01556,erik.becker437@example.com,Soy Wax Candle — Cedar,Set of 3,1,24.5,0.0,24.5,paid,DE,online_store
#3281,2025-09-10 07:31:54,CUST-01556,erik.becker437@example.com,Aurora Ceramic Mug,Sage / 350ml,1,17.69,0.0,17.69,paid,DE,online_store
#1005,2025-09-10 07:56:43,CUST-01587,sofia.hartmann238@example.com,Stoneware Dinner Plate Set,Set of 4,3,95.01,0.0,285.03,paid,US,online_store
#1005,2025-09-10 07:56:43,CUST-01587,sofia.hartmann238@example.com,Soy Wax Candle — Cedar,Set of 3,1,23.28,0.0,23.28,paid,US,online_store
#1005,2025-09-10 07:56:43,CUST-01587,sofia.hartmann238@example.com,Linen Throw Blanket,Natural,1,76.68,0.0,76.68,paid,US,online_store
#1495,2025-09-10 08:02:05,CUST-00087,sofia.neumann972@example.com,Recycled Glass Vase,Smoke,1,41.58,0.0,41.58,pending,GB,pos
#1257,2025-09-10 11:54:59,CUST-00189,laura.schwarz812@example.com,Aurora Ceramic Mug,White / 350ml,3,17.8,0.0,53.4,paid,NL,online_store
#1257,2025-09-10 11:54:59,CUST-00189,laura.schwarz812@example.com,Aurora Ceramic Mug,Black / 350ml,1,17.56,0.0,17.56,paid,NL,online_store
#3947,2025-09-10 12:25:18,CUST-01510,nina.koch24@example.com,Organic Cotton Tote,Navy,1,15.0,0.0,15.0,refunded,AT,online_store
#3421,2025-09-10 12:28:37,CUST-00941,max.richter407@example.com,Merino Wool Beanie,Black,1,31.39,0.0,31.39,paid,FR,online_store
#2977,2025-09-10 13:58:25,CUST-00021,mia.schmidt157@example.com,Aurora Ceramic Mug,Sage / 350ml,1,18.18,2.85,15.33,paid,GB,online_store
#2977,2025-09-10 13:58:25,CUST-00021,mia.schmidt157@example.com,Soy Wax Candle — Cedar,Single,1,23.43,2.43,21.0,paid,GB,online_store
#3347,2025-09-10 14:34:58,CUST-01405,felix.neumann422@example.com,Organic Cotton Tote,Navy,1,15.29,0.0,15.29,paid,US,pos
#1076,2025-09-10 14:46:59,CUST-01337,emma.braun136@example.com,Organic Cotton Tote,Cream,1,15.44,0.0,15.44,paid,US,online_store
#2789,2025-09-10 15:40:04,CUST-00357,paul.krueger830@example.com,Organic Cotton Tote,Navy,1,15.21,0.0,15.21,paid,GB,online_store
#3285,2025-09-10 17:11:00,CUST-01160,liam.weber645@example.com,Linen Throw Blanket,Charcoal,1,78.76,0.0,78.76,paid,US,draft_order
#2898,2025-09-10 19:04:59,CUST-00725,mia.fischer407@example.com,Botanical Print A3,Fern,1,27.71,0.0,27.71,paid,,online_store
#2044,2025-09-10 19:19:31,CUST-01074,sofia.fischer812@example.com,Stoneware Dinner Plate Set,Set of 6,1,94.97,10.7,84.27,paid,US,online_store
#1848,2025-09-10 19:20:46,CUST-00334,paul.krueger491@example.com,Merino Wool Beanie,Forest,1,31.4,0.0,31.4,paid,GB,instagram
#1848,2025-09-10 19:20:46,CUST-00334,paul.krueger491@example.com,Soy Wax Candle — Cedar,Set of 3,2,24.0,0.0,48.0,paid,GB,instagram
#3514,2025-09-10 19:40:27,CUST-00581,nina.richter527@example.com,Merino Wool Beanie,Forest,2,31.46,13.46,49.46,paid,CH,pos
#4048,2025-09-10 22:05:24,CUST-00227,luis.braun745@example.com,Merino Wool Beanie,Forest,1,31.53,0.0,31.53,paid,DE,online_store
#4048,2025-09-10 22:05:24,CUST-00227,luis.braun745@example.com,Aurora Ceramic Mug,Black / 350ml,1,18.12,0.0,18.12,paid,DE,online_store
#3133,2025-09-11 07:55:14,CUST-01444,tom.hartmann556@example.com,Recycled Glass Vase,Smoke,3,41.03,0.0,123.09,paid,US,online_store
#3133,2025-09-11 07:55:14,CUST-01444,tom.hartmann556@example.com,Aurora Ceramic Mug,Sage / 350ml,1,17.65,0.0,17.65,paid,US,online_store
#4093,2025-09-11 11:24:04,CUST-00760,luis.hartmann688@example.com,Organic Cotton Tote,Cream,1,15.03,0.0,15.03,paid,US,online_store
#4093,2025-09-11 11:24:04,CUST-00760,luis.hartmann688@example.com,Linen Throw Blanket,Rust,1,81.25,0.0,81.25,PAID,US,online_store
#4093,2025-09-11 11:24:04,CUST-00760,luis.hartmann688@example.com,Soy Wax Candle — Cedar,Set of 3,1,23.46,0.0,23.46,paid,US,online_store
#3765,2025-09-11 15:30:11,CUST-01324,lena.hoffmann466@example.com,Organic Cotton Tote,Cream,1,15.38,0.0,15.38,paid,DE,online_store
#3765,2025-09-11 15:30:11,CUST-01324,lena.hoffmann466@example.com,Stoneware Dinner Plate Set,Set of 4,1,96.04,0.0,96.04,paid,DE,online_store
#1145,2025-09-11 15:48:43,CUST-00671,luis.mueller801@example.com,Aurora Ceramic Mug,Black / 350ml,2,17.95,0.0,35.9,paid,FR,online_store
#3260,2025-09-11 16:57:14,CUST-00139,mia.koch501@example.com,Botanical Print A3,Olive,1,27.53,0.0,27.53,paid,US,online_store
#3260,2025-09-11 16:57:14,CUST-00139,mia.koch501@example.com,Botanical Print A3,Eucalyptus,1,27.51,0.0,27.51,paid,US,online_store
#3260,2025-09-11 16:57:14,CUST-00139,mia.koch501@example.com,Walnut Serving Board,Small,2,53.21,0.0,106.42,paid,US,online_store
#3305,2025-09-11 17:40:42,CUST-00070,noah.fischer708@example.com,Soy Wax Candle — Cedar,Single,1,24.47,0.0,24.47,paid,AT,pos
#3305,2025-09-11 17:40:42,CUST-00070,noah.fischer708@example.com,Linen Throw Blanket,Rust,2,77.39,0.0,154.78,paid,AT,pos
#3305,2025-09-11 17:40:42,CUST-00070,noah.fischer708@example.com,Soy Wax Candle — Cedar,Single,1,24.47,0.0,24.47,paid,AT,pos
#4405,2025-09-11 17:59:03,CUST-00271,ben.becker546@example.com,Soy Wax Candle — Cedar,Single,1,23.58,0.0,23.58,paid,FR,online_store
#3763,2025-09-12 10:11:31,CUST-01373,marie.wolf750@example.com,Recycled Glass Vase,Smoke,1,41.44,0.0,41.44,paid,US,online_store
#1098,2025-09-12 13:19:59,CUST-01560,felix.wagner701@example.com,Walnut Serving Board,Large,1,54.37,0.0,54.37,paid,AT,online_store
#1098,2025-09-12 13:19:59,CUST-01560,felix.wagner701@example.com,Organic Cotton Tote,Navy,1,14.65,0.0,14.65,paid,AT,online_store
#4210,2025-09-12 13:37:15,CUST-01026,mia.wagner795@example.com,Soy Wax Candle — Cedar,Set of 3,1,24.13,0.0,24.13,paid,US,online_store
#4210,2025-09-12 13:37:15,CUST-01026,mia.wagner795@example.com,Soy Wax Candle — Cedar,Set of 3,2,24.37,0.0,48.74,paid,US,online_store
#1447,2025-09-12 14:08:37,CUST-01431,mia.hartmann377@example.com,Organic Cotton Tote,Cream,2,15.14,0.0,30.28,paid,DE,instagram
#1447,2025-09-12 14:08:37,CUST-01431,mia.hartmann377@example.com,Brass Pour-Over Stand,Standard,1,66.44,0.0,66.44,paid,DE,instagram
#1447,2025-09-12 14:08:37,CUST-01431,mia.hartmann377@example.com,Soy Wax Candle — Cedar,Single,1,23.93,0.0,23.93,paid,DE,instagram
#4478,2025-09-12 15:16:28,CUST-00276,erik.krueger942@example.com,Soy Wax Candle — Cedar,Set of 3,1,24.36,0.0,24.36,paid,US,instagram
#1431,2025-09-12 15:53:11,CUST-01428,mia.wolf395@example.com,Botanical Print A3,Fern,1,28.1,0.0,28.1,paid,DE,online_store
#1431,2025-09-12 15:53:11,CUST-01428,mia.wolf395@example.com,Walnut Serving Board,Small,1,54.54,0.0,54.54,paid,DE,online_store
#1431,2025-09-12 15:53:11,CUST-01428,mia.wolf395@example.com,Aurora Ceramic Mug,White / 350ml,1,17.58,0.0,17.58,paid,DE,online_store
#4090,2025-09-12 16:45:05,CUST-01135,liam.wagner662@example.com,Merino Wool Beanie,Forest,1,31.49,0.0,31.49,paid,US,instagram
#3471,2025-09-12 17:05:16,CUST-00897,lena.hoffmann908@example.com,Recycled Glass Vase,Amber,1,41.25,0.0,41.25,paid,GB,online_store
#1773,2025-09-12 17:30:14,CUST-00120,luis.schmidt359@example.com,Stoneware Dinner Plate Set,Set of 6,3,97.13,0.0,291.39,paid,DE,online_store
#1773,2025-09-12 17:30:14,CUST-00120,luis.schmidt359@example.com,Aurora Ceramic Mug,White / 350ml,1,17.91,0.0,17.91,paid,DE,online_store
#4333,2025-09-12 18:50:35,CUST-00167,nina.mueller689@example.com,Linen Throw Blanket,Rust,1,80.21,0.0,80.21,paid,NL,online_store
#3941,2025-09-12 20:06:48,CUST-00183,lena.fischer809@example.com,Organic Cotton Tote,Navy,2,15.36,0.0,30.72,paid,NL,online_store
#2652,2025-09-12 20:08:54,CUST-00864,erik.koch699@example.com,Organic Cotton Tote,Cream,1,14.55,0.0,14.55,paid,AT,online_store
#4452,2025-09-12 21:47:30,CUST-00017,nina.wolf512@example.com,Soy Wax Candle — Cedar,Set of 3,1,23.53,0.0,23.53,paid,US,online_store
#4452,2025-09-12 21:47:30,CUST-00017,nina.wolf512@example.com,Merino Wool Beanie,Forest,1,32.46,0.0,32.46,paid,US,online_store
#1895,2025-09-13 07:46:53,CUST-00357,paul.krueger830@example.com,Aurora Ceramic Mug,Sage / 350ml,1,17.82,2.16,15.66,paid,GB,online_store
#1895,2025-09-13 07:46:53,CUST-00357,paul.krueger830@example.com,Walnut Serving Board,Small,3,53.38,39.38,120.76,paid,GB,online_store
#1895,2025-09-13 07:46:53,CUST-00357,paul.krueger830@example.com,Stoneware Dinner Plate Set,Set of 4,1,97.76,19.52,78.24,paid,GB,online_store
#1306,2025-09-13 08:23:36,CUST-00566,marie.schmidt975@example.com,Organic Cotton Tote,Cream,1,15.18,0.0,15.18,paid,DE,online_store
#1306,2025-09-13 08:23:36,CUST-00566,marie.schmidt975@example.com,Organic Cotton Tote,Navy,1,15.32,0.0,15.32,paid,DE,online_store
#1306,2025-09-13 08:23:36,CUST-00566,marie.schmidt975@example.com,Soy Wax Candle — Cedar,Single,1,23.32,0.0,23.32,paid,DE,online_store
#2919,2025-09-13 13:22:41,CUST-01305,erik.schwarz17@example.com,Merino Wool Beanie,Forest,1,31.61,0.0,31.61,paid,NL,instagram
#2169,2025-09-13 13:54:09,CUST-00965,jonas.koch423@example.com,Merino Wool Beanie,Black,1,31.51,0.0,31.51,refunded,CH,online_store
#2591,2025-09-13 14:06:47,CUST-01106,tom.schwarz19@example.com,Merino Wool Beanie,Forest,1,31.13,0.0,31.13,paid,US,online_store
#4491,2025-09-13 15:29:35,CUST-01503,anna.krueger781@example.com,Walnut Serving Board,Small,1,53.09,0.0,53.09,paid,DE,online_store
#3648,2025-09-13 15:37:38,CUST-01061,paul.braun785@example.com,Organic Cotton Tote,Navy,1,15.19,0.0,15.19,paid,GB,online_store
#2814,2025-09-13 17:42:06,CUST-01334,liam.schmidt752@example.com,Stoneware Dinner Plate Set,Set of 6,1,95.77,0.0,95.77,paid,FR,online_store
#2814,2025-09-13 17:42:06,CUST-01334,liam.schmidt752@example.com,Botanical Print A3,Olive,1,27.96,0.0,27.96,paid,FR,online_store
#2814,2025-09-13 17:42:06,CUST-01334,liam.schmidt752@example.com,Walnut Serving Board,Small,2,53.27,0.0,106.54,paid,FR,online_store
#3822,2025-09-13 18:45:50,CUST-01350,ben.richter382@example.com,Aurora Ceramic Mug,Sage / 350ml,1,17.46,3.84,13.62,paid,US,online_store
#2684,2025-09-13 19:40:52,CUST-00179,mia.koch935@example.com,Walnut Serving Board,Large,2,53.62,0.0,107.24,refunded,DE,instagram
#2202,2025-09-13 20:18:32,CUST-00804,clara.schwarz490@example.com,Soy Wax Candle — Cedar,Set of 3,1,24.1,0.0,24.1,paid,FR,online_store
#3910,2025-09-13 21:50:24,CUST-01090,felix.becker632@example.com,Linen Throw Blanket,Rust,2,80.08,0.0,160.16,paid,NL,instagram
#3910,2025-09-13 21:50:24,CUST-01090,felix.becker632@example.com,Recycled Glass Vase,Amber,1,41.99,0.0,41.99,paid,NL,instagram
#2727,2025-09-13 22:10:58,CUST-00358,anna.neumann564@example.com,Linen Throw Blanket,Charcoal,1,79.68,9.37,70.31,paid,US,pos
#2564,2025-09-13 23:08:49,CUST-00741,liam.koch52@example.com,Merino Wool Beanie,Oat,2,32.81,0.0,65.62,paid,AT,instagram
#1601,2025-09-14 08:23:06,CUST-00333,nina.wolf361@example.com,Soy Wax Candle — Cedar,Set of 3,3,23.99,0.0,71.97,paid,US,draft_order
#3207,2025-09-14 08:58:39,CUST-01055,mia.mueller214@example.com,Merino Wool Beanie,Black,2,32.12,0.0,64.24,paid,GB,online_store
#3968,2025-09-14 11:09:11,CUST-00534,laura.neumann578@example.com,Soy Wax Candle — Cedar,Set of 3,1,24.28,0.0,24.28,PAID,DE,online_store
#3256,2025-09-14 12:13:28,CUST-00095,erik.wolf975@example.com,Soy Wax Candle — Cedar,Single,1,24.51,0.0,24.51,paid,FR,online_store
#2575,2025-09-14 13:20:08,CUST-01209,jonas.becker394@example.com,Organic Cotton Tote,Cream,1,15.03,3.7,11.33,paid,DE,online_store
#2866,2025-09-14 13:42:51,CUST-00906,liam.koch238@example.com,Organic Cotton Tote,Cream,2,14.75,0.0,29.5,paid,DE,online_store
#2353,2025-09-14 15:42:31,CUST-00153,felix.fischer122@example.com,Aurora Ceramic Mug,White / 350ml,1,18.39,0.0,18.39,paid,,pos
#2353,2025-09-14 15:42:31,CUST-00153,felix.fischer122@example.com,Walnut Serving Board,Small,1,55.45,0.0,55.45,paid,US,pos
#2320,2025-09-14 16:12:03,CUST-01334,liam.schmidt752@example.com,Aurora Ceramic Mug,Sage / 350ml,1,18.54,0.0,18.54,paid,FR,online_store
#1779,2025-09-14 16:37:29,CUST-01172,anna.hartmann817@example.com,Soy Wax Candle — Cedar,Single,1,23.71,0.0,23.71,paid,DE,online_store
#4065,2025-09-14 17:31:00,CUST-01631,max.krueger729@example.com,Linen Throw Blanket,Charcoal,1,80.36,15.76,64.6,paid,US,online_store
#3025,2025-09-14 18:30:00,CUST-00736,anna.richter620@example.com,Merino Wool Beanie,Oat,1,31.59,0.0,31.59,paid,GB,online_store
#2083,2025-09-14 18:59:54,CUST-00691,emma.schwarz790@example.com,Soy Wax Candle — Cedar,Set of 3,1,24.02,0.0,24.02,refunded,CH,online_store
#2083,2025-09-14 18:59:54,CUST-00691,emma.schwarz790@example.com,Soy Wax Candle — Cedar,Single,2,24.41,0.0,48.82,refunded,CH,online_store
#1916,2025-09-14 20:33:10,CUST-01155,erik.becker768@example.com,Merino Wool Beanie,Oat,1,31.94,0.0,31.94,paid,GB,online_store
#1916,2025-09-14 20:33:10,CUST-01155,erik.becker768@example.com,Organic Cotton Tote,Navy,1,14.97,0.0,14.97,paid,GB,online_store
#1916,2025-09-14 20:33:10,CUST-01155,erik.becker768@example.com,Aurora Ceramic Mug,Sage / 350ml,1,17.49,0.0,17.49,paid,GB,online_store
#2927,2025-09-14 21:43:36,CUST-01032,luis.weber654@example.com,Soy Wax Candle — Cedar,Set of 3,1,24.04,0.0,24.04,paid,DE,online_store
#4364,2025-09-14 22:22:06,CUST-00454,ben.neumann392@example.com,Organic Cotton Tote,Cream,1,14.72,0.0,14.72,paid,US,online_store
#3335,2025-09-15 09:02:36,CUST-01560,felix.wagner701@example.com,Botanical Print A3,Fern,1,27.49,6.09,21.4,paid,AT,online_store
#1210,2025-09-15 13:22:27,CUST-00761,felix.becker898@example.com,Aurora Ceramic Mug,Black / 350ml,1,18.12,0.0,18.12,paid,US,instagram
#1210,2025-09-15 13:22:27,CUST-00761,felix.becker898@example.com,Recycled Glass Vase,Smoke,1,42.6,0.0,42.6,paid,US,instagram
#1309,2025-09-15 15:38:49,CUST-01194,lena.klein176@example.com,Stoneware Dinner Plate Set,Set of 4,1,97.42,0.0,97.42,paid,DE,online_store
#3100,2025-09-15 15:55:08,CUST-00213,marie.schmidt750@example.com,Organic Cotton Tote,Cream,1,14.84,0.0,14.84,paid,DE,instagram
#2364,2025-09-15 18:25:54,CUST-01090,felix.becker632@example.com,Organic Cotton Tote,Navy,2,14.61,0.0,29.22,paid,NL,online_store
#1753,2025-09-15 20:01:01,CUST-00853,marie.becker77@example.com,Botanical Print A3,Fern,1,27.36,0.0,27.36,refunded,DE,online_store
#1171,2025-09-15 20:51:23,CUST-01343,erik.hoffmann83@example.com,Merino Wool Beanie,Forest,1,31.13,4.53,26.6,paid,GB,online_store
#2394,2025-09-15 20:58:00,CUST-00633,emma.koch373@example.com,Soy Wax Candle — Cedar,Single,1,24.14,0.0,24.14,PAID,US,online_store
#1472,2025-09-16 05:19:10,CUST-00838,julia.klein561@example.com,Recycled Glass Vase,Amber,3,43.11,0.0,129.33,PAID,NL,online_store
#1449,2025-09-16 09:58:07,CUST-00153,felix.fischer122@example.com,Organic Cotton Tote,Navy,1,14.57,0.0,14.57,refunded,US,online_store
#1449,2025-09-16 09:58:07,CUST-00153,felix.fischer122@example.com,Soy Wax Candle — Cedar,Set of 3,1,23.43,0.0,23.43,refunded,,online_store
#2405,2025-09-16 13:47:42,CUST-00851,marie.koch722@example.com,Soy Wax Candle — Cedar,Set of 3,1,24.09,4.2,19.89,paid,FR,online_store
#4347,2025-09-16 14:23:38,CUST-00280,julia.hoffmann358@example.com,Aurora Ceramic Mug,Black / 350ml,1,17.74,0.0,17.74,paid,US,online_store
#1311,2025-09-16 14:38:17,CUST-00877,mia.neumann109@example.com,Merino Wool Beanie,Black,1,31.16,4.18,26.98,paid,DE,online_store
#3067,2025-09-16 14:58:38,CUST-00100,noah.braun824@example.com,Brass Pour-Over Stand,Standard,1,66.15,0.0,66.15,paid,CH,pos
#1981,2025-09-16 15:27:37,CUST-00817,jonas.schwarz241@example.com,Aurora Ceramic Mug,White / 350ml,1,18.22,0.0,18.22,paid,DE,online_store
#2054,2025-09-16 16:01:00,CUST-01144,paul.wagner730@example.com,Merino Wool Beanie,Black,1,31.41,0.0,31.41,paid,DE,online_store
#1516,2025-09-17 08:17:19,CUST-01391,marie.koch3@example.com,Organic Cotton Tote,Navy,1,15.17,0.0,15.17,paid,DE,online_store
#3359,2025-09-17 11:02:03,CUST-01197,laura.becker913@example.com,Stoneware Dinner Plate Set,Set of 4,1,97.72,0.0,97.72,paid,GB,online_store
#1539,2025-09-17 11:07:35,CUST-00763,luis.becker922@example.com,Organic Cotton Tote,Cream,1,14.76,0.0,14.76,paid,DE,pos
#4495,2025-09-17 12:23:08,CUST-00758,laura.schwarz598@example.com,Aurora Ceramic Mug,White / 350ml,1,18.06,0.0,18.06,paid,FR,online_store
#3925,2025-09-17 13:20:55,CUST-00246,anna.schwarz544@example.com,Linen Throw Blanket,Rust,2,80.6,0.0,161.2,PAID,DE,online_store
#3261,2025-09-17 13:29:00,CUST-01268,nina.becker713@example.com,Aurora Ceramic Mug,White / 350ml,1,17.61,1.9,15.71,paid,DE,online_store
#2627,2025-09-17 19:54:52,CUST-00323,luis.braun296@example.com,Aurora Ceramic Mug,Sage / 350ml,2,18.23,0.0,36.46,paid,DE,online_store
#3479,2025-09-17 20:31:35,CUST-00042,noah.schmidt348@example.com,Soy Wax Candle — Cedar,Single,3,24.5,0.0,73.5,paid,NL,online_store
#2895,2025-09-18 08:17:02,CUST-00096,felix.koch151@example.com,Linen Throw Blanket,Natural,1,77.4,0.0,77.4,paid,DE,instagram
#4472,2025-09-18 11:29:41,CUST-00127,jonas.weber309@example.com,Organic Cotton Tote,Cream,2,15.37,0.0,30.74,paid,NL,pos
#4472,2025-09-18 11:29:41,CUST-00127,jonas.weber309@example.com,Recycled Glass Vase,Smoke,1,41.3,0.0,41.3,paid,NL,pos
#4166,2025-09-18 11:40:02,CUST-00853,marie.becker77@example.com,Soy Wax Candle — Cedar,Single,1,24.33,0.0,24.33,paid,DE,pos
#3732,2025-09-18 13:07:26,CUST-01498,felix.hoffmann165@example.com,Merino Wool Beanie,Forest,1,32.34,0.0,32.34,paid,AT,draft_order
#1925,2025-09-18 13:20:01,CUST-01353,mia.hoffmann469@example.com,Botanical Print A3,Olive,1,28.54,0.0,28.54,paid,DE,pos
#2774,2025-09-18 19:59:28,CUST-00046,liam.mueller949@example.com,Recycled Glass Vase,Amber,1,41.02,0.0,41.02,paid,FR,online_store
#1592,2025-09-19 10:39:38,CUST-00861,max.koch680@example.com,Botanical Print A3,Olive,1,28.76,0.0,28.76,refunded,DE,instagram
#1592,2025-09-19 10:39:38,CUST-00861,max.koch680@example.com,Merino Wool Beanie,Black,1,32.31,0.0,32.31,refunded,DE,instagram
#1801,2025-09-19 11:26:51,CUST-01538,paul.becker843@example.com,Organic Cotton Tote,Navy,1,15.29,0.0,15.29,paid,DE,online_store
#1620,2025-09-19 13:10:20,CUST-01069,julia.wagner310@example.com,Linen Throw Blanket,Charcoal,1,78.09,0.0,78.09,paid,DE,online_store
#3915,2025-09-19 13:59:46,CUST-01382,sofia.krueger426@example.com,Recycled Glass Vase,Amber,2,42.24,0.0,84.48,paid,NL,online_store
#3984,2025-09-19 14:24:53,CUST-00452,luis.schmidt71@example.com,Botanical Print A3,Eucalyptus,1,27.91,0.0,27.91,paid,CH,online_store
#2465,2025-09-19 17:36:55,CUST-00458,emma.mueller475@example.com,Recycled Glass Vase,Smoke,1,42.62,0.0,42.62,paid,GB,online_store
#2465,2025-09-19 17:36:55,CUST-00458,emma.mueller475@example.com,Botanical Print A3,Fern,2,27.79,0.0,55.58,paid,GB,online_store
#3708,2025-09-19 21:41:49,CUST-00931,luis.mueller794@example.com,Aurora Ceramic Mug,Sage / 350ml,3,17.63,0.0,52.89,paid,GB,online_store
#3708,2025-09-19 21:41:49,CUST-00931,luis.mueller794@example.com,Merino Wool Beanie,Black,2,31.68,0.0,63.36,paid,GB,online_store
#1212,2025-09-20 08:05:37,CUST-00014,laura.richter656@example.com,Aurora Ceramic Mug,White / 350ml,2,17.73,0.0,35.46,paid,GB,online_store
#1212,2025-09-20 08:05:37,CUST-00014,laura.richter656@example.com,Merino Wool Beanie,Oat,1,31.28,0.0,31.28,paid,GB,online_store
#1040,2025-09-20 08:55:10,CUST-00412,felix.koch305@example.com,Recycled Glass Vase,Amber,1,41.98,0.0,41.98,refunded,FR,online_store
#3457,2025-09-20 13:43:21,CUST-00191,nina.wolf896@example.com,Recycled Glass Vase,Amber,1,43.17,0.0,43.17,paid,NL,online_store
#3457,2025-09-20 13:43:21,CUST-00191,nina.wolf896@example.com,Soy Wax Candle — Cedar,Single,1,23.55,0.0,23.55,paid,NL,online_store
#3457,2025-09-20 13:43:21,CUST-00191,nina.wolf896@example.com,Walnut Serving Board,Small,2,54.88,0.0,109.76,paid,NL,online_store
#3339,2025-09-20 14:12:00,CUST-00421,tom.weber141@example.com,Organic Cotton Tote,Navy,1,14.64,0.0,14.64,PAID,DE,instagram
#2366,2025-09-20 15:46:30,CUST-01337,emma.braun136@example.com,Organic Cotton Tote,Cream,1,15.4,0.0,15.4,paid,US,draft_order
#2366,2025-09-20 15:46:30,CUST-01337,emma.braun136@example.com,Recycled Glass Vase,Amber,1,41.06,0.0,41.06,paid,US,draft_order
#3745,2025-09-20 16:36:21,CUST-00616,max.becker978@example.com,Recycled Glass Vase,Smoke,1,41.62,6.64,34.98,paid,CH,instagram
#1138,2025-09-20 17:39:38,CUST-00120,luis.schmidt359@example.com,Aurora Ceramic Mug,White / 350ml,2,18.05,0.0,36.1,paid,DE,online_store
#4175,2025-09-20 18:10:46,CUST-00174,luis.krueger193@example.com,Aurora Ceramic Mug,Sage / 350ml,2,17.73,7.73,27.73,paid,US,instagram
#2429,2025-09-20 20:00:29,CUST-00690,laura.klein302@example.com,Walnut Serving Board,Large,1,55.0,0.0,55.0,paid,DE,online_store
#3647,2025-09-20 20:42:41,CUST-01090,felix.becker632@example.com,Aurora Ceramic Mug,White / 350ml,1,17.71,0.0,17.71,paid,NL,draft_order
#3937,2025-09-20 21:47:31,CUST-01101,max.weber889@example.com,Linen Throw Blanket,Natural,1,79.75,0.0,79.75,paid,AT,online_store
#1846,2025-09-20 22:41:33,CUST-01539,nina.hoffmann995@example.com,Organic Cotton Tote,Cream,1,15.37,0.0,15.37,paid,DE,draft_order
#1540,2025-09-21 05:03:32,CUST-01423,noah.hoffmann872@example.com,Organic Cotton Tote,Cream,1,14.79,2.7,12.09,paid,FR,online_store
#2604,2025-09-21 08:52:33,CUST-01015,felix.koch562@example.com,Organic Cotton Tote,Navy,1,14.93,0.0,14.93,paid,US,online_store
#1556,2025-09-21 11:05:40,CUST-01102,laura.koch521@example.com,Aurora Ceramic Mug,White / 350ml,1,17.5,0.0,17.5,paid,,online_store
#2559,2025-09-21 11:10:52,CUST-00984,paul.wagner703@example.com,Merino Wool Beanie,Forest,1,31.07,0.0,31.07,paid,DE,online_store
#2559,2025-09-21 11:10:52,CUST-00984,paul.wagner703@example.com,Linen Throw Blanket,Charcoal,2,79.11,0.0,158.22,paid,DE,online_store
#4060,2025-09-21 13:01:00,CUST-00291,noah.wolf87@example.com,Soy Wax Candle — Cedar,Single,1,23.64,0.0,23.64,paid,US,pos
#1527,2025-09-21 13:48:42,CUST-01558,lena.hartmann663@example.com,Stoneware Dinner Plate Set,Set of 4,3,93.14,0.0,279.42,refunded,US,pos
#1352,2025-09-21 14:31:14,CUST-00948,mia.richter82@example.com,Walnut Serving Board,Large,2,53.6,0.0,107.2,paid,GB,online_store
#1320,2025-09-21 15:20:46,CUST-00763,luis.becker922@example.com,Stoneware Dinner Plate Set,Set of 6,1,98.36,17.02,81.34,pending,DE,instagram
#1914,2025-09-21 15:48:44,CUST-00797,mia.weber660@example.com,Aurora Ceramic Mug,White / 350ml,2,18.28,0.0,36.56,paid,DE,online_store
#1914,2025-09-21 15:48:44,CUST-00797,mia.weber660@example.com,Recycled Glass Vase,Amber,1,43.11,0.0,43.11,paid,DE,online_store
#3240,2025-09-21 16:17:44,CUST-00330,julia.mueller482@example.com,Organic Cotton Tote,Navy,1,15.15,0.0,15.15,paid,DE,draft_order
#3240,2025-09-21 16:17:44,CUST-00330,julia.mueller482@example.com,Walnut Serving Board,Small,1,55.46,0.0,55.46,paid,DE,draft_order
#2968,2025-09-21 21:28:58,CUST-00469,liam.neumann688@example.com,Organic Cotton Tote,Navy,3,15.12,0.0,45.36,paid,US,online_store
#2968,2025-09-21 21:28:58,CUST-00469,liam.neumann688@example.com,Organic Cotton Tote,Navy,1,14.93,0.0,14.93,paid,US,online_store
#2624,2025-09-21 22:39:58,CUST-01167,ben.braun359@example.com,Recycled Glass Vase,Smoke,1,41.83,0.0,41.83,paid,GB,online_store
#2624,2025-09-21 22:39:58,CUST-01167,ben.braun359@example.com,Aurora Ceramic Mug,Black / 350ml,1,17.62,0.0,17.62,paid,GB,online_store
#2624,2025-09-21 22:39:58,CUST-01167,ben.braun359@example.com,Soy Wax Candle — Cedar,Single,1,23.97,0.0,23.97,paid,GB,online_store
#3063,2025-09-22 08:40:59,CUST-01229,tom.braun140@example.com,Linen Throw Blanket,Natural,1,77.57,0.0,77.57,paid,DE,pos
#3184,2025-09-22 09:25:24,CUST-00015,jonas.wolf795@example.com,Soy Wax Candle — Cedar,Single,1,23.83,3.94,19.89,paid,DE,online_store
#3600,2025-09-22 11:23:25,CUST-00416,liam.klein81@example.com,Botanical Print A3,Eucalyptus,1,27.45,0.0,27.45,paid,US,online_store
#2246,2025-09-22 11:31:35,CUST-00981,clara.becker243@example.com,Aurora Ceramic Mug,Black / 350ml,1,17.95,0.0,17.95,paid,DE,pos
#2246,2025-09-22 11:31:35,CUST-00981,clara.becker243@example.com,Walnut Serving Board,Small,1,54.48,0.0,54.48,paid,DE,pos
#1559,2025-09-22 11:44:31,CUST-00395,anna.neumann204@example.com,Soy Wax Candle — Cedar,Set of 3,1,23.81,0.0,23.81,paid,GB,online_store
#1559,2025-09-22 11:44:31,CUST-00395,anna.neumann204@example.com,Aurora Ceramic Mug,Black / 350ml,1,17.52,0.0,17.52,paid,GB,online_store
#1559,2025-09-22 11:44:31,CUST-00395,anna.neumann204@example.com,Walnut Serving Board,Large,1,55.0,0.0,55.0,paid,GB,online_store
#1966,2025-09-22 16:48:12,CUST-00858,felix.hartmann564@example.com,Botanical Print A3,Fern,1,28.59,5.84,22.75,paid,US,online_store
#1480,2025-09-22 17:09:57,CUST-01046,clara.neumann795@example.com,Merino Wool Beanie,Forest,2,31.19,0.0,62.38,paid,GB,online_store
#1096,2025-09-22 17:47:42,CUST-01594,sofia.schmidt368@example.com,Walnut Serving Board,Small,1,55.24,0.0,55.24,paid,AT,instagram
#1096,2025-09-22 17:47:42,CUST-01594,sofia.schmidt368@example.com,Botanical Print A3,Eucalyptus,1,27.78,0.0,27.78,paid,AT,instagram
#4164,2025-09-22 18:23:45,CUST-01647,laura.hartmann854@example.com,Walnut Serving Board,Large,1,53.29,0.0,53.29,paid,GB,online_store
#4164,2025-09-22 18:23:45,CUST-01647,laura.hartmann854@example.com,Aurora Ceramic Mug,Black / 350ml,1,17.53,0.0,17.53,paid,GB,online_store
#4164,2025-09-22 18:23:45,CUST-01647,laura.hartmann854@example.com,Walnut Serving Board,Large,1,53.29,0.0,53.29,paid,GB,online_store
#2305,2025-09-22 22:41:42,CUST-00671,luis.mueller801@example.com,Aurora Ceramic Mug,Sage / 350ml,1,18.45,0.0,18.45,refunded,FR,online_store
#2305,2025-09-22 22:41:42,CUST-00671,luis.mueller801@example.com,Soy Wax Candle — Cedar,Single,1,24.52,0.0,24.52,refunded,FR,online_store
#2305,2025-09-22 22:41:42,CUST-00671,luis.mueller801@example.com,Botanical Print A3,Olive,1,27.21,0.0,27.21,refunded,FR,online_store
#2857,2025-09-23 11:33:16,CUST-01589,marie.wagner741@example.com,Botanical Print A3,Fern,1,28.48,0.0,28.48,paid,FR,draft_order
#2712,2025-09-23 14:38:24,CUST-00458,emma.mueller475@example.com,Aurora Ceramic Mug,Black / 350ml,1,17.69,0.0,17.69,refunded,GB,instagram
#1781,2025-09-23 21:55:57,CUST-01579,jonas.hoffmann850@example.com,Recycled Glass Vase,Amber,1,41.05,0.0,41.05,paid,NL,online_store
#1240,2025-09-23 23:37:24,CUST-01447,marie.schmidt571@example.com,Linen Throw Blanket,Rust,1,77.25,0.0,77.25,paid,GB,online_store
#1190,2025-09-24 10:26:35,CUST-00291,noah.wolf87@example.com,Linen Throw Blanket,Natural,1,80.58,0.0,80.58,refunded,US,online_store
#2752,2025-09-24 11:51:20,CUST-00500,nina.koch232@example.com,Aurora Ceramic Mug,Sage / 350ml,1,17.87,0.0,17.87,paid,DE,online_store
#2768,2025-09-24 12:20:21,CUST-00517,laura.wolf94@example.com,Soy Wax Candle — Cedar,Single,1,24.32,0.0,24.32,PAID,DE,online_store
#2768,2025-09-24 12:20:21,CUST-00517,laura.wolf94@example.com,Merino Wool Beanie,Forest,1,32.75,0.0,32.75,paid,DE,online_store
#2768,2025-09-24 12:20:21,CUST-00517,laura.wolf94@example.com,Recycled Glass Vase,Smoke,2,42.87,0.0,85.74,PAID,DE,online_store
#1521,2025-09-24 14:15:47,CUST-00071,luis.schmidt597@example.com,Aurora Ceramic Mug,White / 350ml,1,17.69,0.0,17.69,refunded,US,online_store
#3006,2025-09-24 15:15:00,CUST-01576,sofia.fischer475@example.com,Aurora Ceramic Mug,White / 350ml,1,17.68,0.0,17.68,paid,DE,online_store
#4165,2025-09-24 17:02:04,CUST-00072,ben.wagner374@example.com,Merino Wool Beanie,Black,1,31.39,0.0,31.39,paid,AT,online_store
#1163,2025-09-24 17:45:17,CUST-01602,sofia.neumann300@example.com,Linen Throw Blanket,Rust,1,78.74,0.0,78.74,paid,FR,online_store
#1163,2025-09-24 17:45:17,CUST-01602,sofia.neumann300@example.com,Recycled Glass Vase,Amber,1,42.8,0.0,42.8,paid,FR,online_store
#2438,2025-09-24 17:48:05,CUST-00810,marie.schmidt671@example.com,Aurora Ceramic Mug,Black / 350ml,1,17.84,0.0,17.84,paid,DE,pos
#4376,2025-09-24 18:03:50,CUST-00959,sofia.krueger589@example.com,Brass Pour-Over Stand,Standard,1,68.35,0.0,68.35,paid,DE,online_store
#3851,2025-09-24 19:35:18,CUST-00214,felix.wolf180@example.com,Walnut Serving Board,Small,2,53.48,0.0,106.96,paid,DE,online_store
#3275,2025-09-25 11:34:14,CUST-00264,erik.fischer160@example.com,Linen Throw Blanket,Rust,1,77.23,0.0,77.23,paid,DE,pos
#1408,2025-09-25 15:22:47,CUST-00357,paul.krueger830@example.com,Aurora Ceramic Mug,White / 350ml,1,18.43,0.0,18.43,paid,GB,online_store
#1408,2025-09-25 15:22:47,CUST-00357,paul.krueger830@example.com,Aurora Ceramic Mug,White / 350ml,1,18.34,0.0,18.34,paid,GB,online_store
#2598,2025-09-25 16:05:23,CUST-00698,liam.schwarz430@example.com,Merino Wool Beanie,Forest,1,31.27,0.0,31.27,paid,CH,online_store
#2598,2025-09-25 16:05:23,CUST-00698,liam.schwarz430@example.com,Aurora Ceramic Mug,White / 350ml,1,17.49,0.0,17.49,paid,CH,online_store
#3644,2025-09-25 17:03:32,CUST-00973,mia.hartmann783@example.com,Linen Throw Blanket,Charcoal,1,77.09,0.0,77.09,paid,NL,online_store
#1524,2025-09-25 20:27:29,CUST-00218,lena.koch742@example.com,Linen Throw Blanket,Natural,1,77.97,0.0,77.97,paid,GB,instagram
#1524,2025-09-25 20:27:29,CUST-00218,lena.koch742@example.com,Aurora Ceramic Mug,Sage / 350ml,1,17.47,0.0,17.47,paid,GB,instagram
#1183,2025-09-26 07:19:45,CUST-00505,nina.hartmann947@example.com,Organic Cotton Tote,Cream,1,15.02,0.0,15.02,paid,DE,online_store
#1059,2025-09-26 07:53:10,CUST-00014,laura.richter656@example.com,Walnut Serving Board,Small,2,54.06,0.0,108.12,refunded,GB,instagram
#3997,2025-09-26 10:02:21,CUST-00634,lena.becker879@example.com,Merino Wool Beanie,Black,1,31.05,0.0,31.05,paid,DE,online_store
#3159,2025-09-26 10:28:34,CUST-01337,emma.braun136@example.com,Recycled Glass Vase,Smoke,1,41.29,0.0,41.29,paid,US,instagram
#3159,2025-09-26 10:28:34,CUST-01337,emma.braun136@example.com,Soy Wax Candle — Cedar,Set of 3,2,23.92,0.0,47.84,paid,US,instagram
#3159,2025-09-26 10:28:34,CUST-01337,emma.braun136@example.com,Recycled Glass Vase,Smoke,3,41.24,0.0,123.72,paid,US,instagram
#4055,2025-09-26 13:18:45,CUST-01018,jonas.richter761@example.com,Merino Wool Beanie,Black,2,31.81,0.0,63.62,REFUNDED,US,online_store
#3234,2025-09-26 13:30:20,CUST-01460,emma.wolf400@example.com,Organic Cotton Tote,Navy,1,14.93,0.0,14.93,paid,DE,online_store
#3234,2025-09-26 13:30:20,CUST-01460,emma.wolf400@example.com,Aurora Ceramic Mug,White / 350ml,1,17.54,0.0,17.54,paid,,online_store
#3234,2025-09-26 13:30:20,CUST-01460,emma.wolf400@example.com,Botanical Print A3,Fern,1,28.02,0.0,28.02,paid,DE,online_store
#3662,2025-09-26 15:46:45,CUST-01399,paul.schmidt430@example.com,Stoneware Dinner Plate Set,Set of 6,3,93.48,0.0,280.44,paid,GB,online_store
#3662,2025-09-26 15:46:45,CUST-01399,paul.schmidt430@example.com,Aurora Ceramic Mug,Sage / 350ml,1,17.7,0.0,17.7,paid,GB,online_store
#3480,2025-09-26 16:28:06,CUST-01653,mia.hoffmann555@example.com,Soy Wax Candle — Cedar,Set of 3,1,23.92,0.0,23.92,pending,GB,pos
#2000,2025-09-26 19:48:05,CUST-01144,paul.wagner730@example.com,Aurora Ceramic Mug,Sage / 350ml,1,18.22,0.0,18.22,paid,DE,instagram
#2000,2025-09-26 19:48:05,CUST-01144,paul.wagner730@example.com,Linen Throw Blanket,Rust,1,77.19,0.0,77.19,paid,DE,instagram
#3400,2025-09-27 07:13:29,CUST-00540,laura.braun810@example.com,Botanical Print A3,Olive,1,27.59,0.0,27.59,paid,CH,online_store
#4110,2025-09-27 09:53:10,CUST-01319,noah.fischer739@example.com,Merino Wool Beanie,Oat,1,32.83,0.0,32.83,paid,US,instagram
#4275,2025-09-27 12:03:27,CUST-00758,laura.schwarz598@example.com,Aurora Ceramic Mug,White / 350ml,1,17.66,0.0,17.66,paid,FR,online_store
#2896,2025-09-27 13:03:12,CUST-00134,clara.wolf851@example.com,Merino Wool Beanie,Forest,1,32.71,0.0,32.71,paid,AT,online_store
#2896,2025-09-27 13:03:12,CUST-00134,clara.wolf851@example.com,Merino Wool Beanie,Forest,1,31.81,0.0,31.81,paid,AT,online_store
#2896,2025-09-27 13:03:12,CUST-00134,clara.wolf851@example.com,Aurora Ceramic Mug,Sage / 350ml,1,17.81,0.0,17.81,paid,AT,online_store
#2283,2025-09-27 13:47:33,CUST-00596,felix.becker898@example.com,Merino Wool Beanie,Oat,2,31.38,0.0,62.76,paid,DE,pos
#1865,2025-09-27 17:04:02,CUST-01496,laura.mueller403@example.com,Merino Wool Beanie,Forest,2,32.26,0.0,64.52,refunded,AT,online_store
#1865,2025-09-27 17:04:02,CUST-01496,laura.mueller403@example.com,Soy Wax Candle — Cedar,Set of 3,1,23.66,0.0,23.66,refunded,AT,online_store
#2794,2025-09-27 17:12:36,CUST-00153,felix.fischer122@example.com,Merino Wool Beanie,Forest,1,31.81,0.0,31.81,PAID,US,online_store
#2794,2025-09-27 17:12:36,CUST-00153,felix.fischer122@example.com,Organic Cotton Tote,Navy,1,15.38,0.0,15.38,paid,US,online_store
#3284,2025-09-27 18:58:17,CUST-01560,felix.wagner701@example.com,Stoneware Dinner Plate Set,Set of 6,1,97.92,0.0,97.92,paid,AT,online_store
#3126,2025-09-27 21:30:41,CUST-01033,max.schmidt224@example.com,Aurora Ceramic Mug,Sage / 350ml,1,17.73,0.0,17.73,paid,CH,instagram
#3126,2025-09-27 21:30:41,CUST-01033,max.schmidt224@example.com,Aurora Ceramic Mug,Black / 350ml,1,18.06,0.0,18.06,paid,CH,instagram
#1368,2025-09-28 10:12:14,CUST-00543,laura.wolf441@example.com,Linen Throw Blanket,Rust,2,76.92,28.24,125.6,paid,DE,online_store
#2966,2025-09-28 12:47:12,CUST-01660,felix.wagner787@example.com,Soy Wax Candle — Cedar,Set of 3,3,24.35,0.0,73.05,paid,DE,online_store
#1600,2025-09-28 13:43:43,CUST-01532,tom.wagner946@example.com,Linen Throw Blanket,Natural,1,81.22,0.0,81.22,paid,GB,online_store
#1600,2025-09-28 13:43:43,CUST-01532,tom.wagner946@example.com,Botanical Print A3,Olive,1,28.15,0.0,28.15,paid,GB,online_store
#1600,2025-09-28 13:43:43,CUST-01532,tom.wagner946@example.com,Botanical Print A3,Olive,1,28.15,0.0,28.15,paid,GB,online_store
#2851,2025-09-28 15:08:22,CUST-00256,noah.neumann377@example.com,Recycled Glass Vase,Amber,1,41.72,0.0,41.72,paid,DE,online_store
#3764,2025-09-28 15:31:52,CUST-00662,mia.richter77@example.com,Botanical Print A3,Olive,1,28.63,0.0,28.63,paid,DE,pos
#1850,2025-09-28 16:57:21,CUST-00075,jonas.becker831@example.com,Aurora Ceramic Mug,White / 350ml,1,17.83,2.39,15.44,paid,DE,online_store
#4311,2025-09-28 17:27:07,CUST-01445,luis.mueller33@example.com,Organic Cotton Tote,Navy,2,14.57,3.41,25.73,paid,CH,online_store
#4311,2025-09-28 17:27:07,CUST-01445,luis.mueller33@example.com,Recycled Glass Vase,Smoke,1,41.58,6.6,34.98,paid,CH,online_store
#1636,2025-09-28 17:55:10,CUST-01373,marie.wolf750@example.com,Soy Wax Candle — Cedar,Set of 3,1,23.46,0.0,23.46,paid,US,online_store
#1063,2025-09-28 18:40:58,CUST-01005,laura.klein756@example.com,Soy Wax Candle — Cedar,Set of 3,1,24.12,0.0,24.12,paid,DE,pos
#1755,2025-09-28 18:43:31,CUST-00074,max.braun768@example.com,Merino Wool Beanie,Forest,1,32.06,0.0,32.06,paid,DE,online_store
#2841,2025-09-28 19:06:51,CUST-00746,nina.hoffmann663@example.com,Aurora Ceramic Mug,White / 350ml,1,17.77,0.0,17.77,paid,DE,online_store
#2841,2025-09-28 19:06:51,CUST-00746,nina.hoffmann663@example.com,Soy Wax Candle — Cedar,Single,1,24.04,0.0,24.04,paid,DE,online_store
#1245,2025-09-28 19:14:21,CUST-01037,mia.koch94@example.com,Organic Cotton Tote,Navy,1,14.65,0.0,14.65,paid,GB,online_store
#1833,2025-09-28 22:35:22,CUST-00661,liam.koch844@example.com,Soy Wax Candle — Cedar,Single,1,23.28,0.0,23.28,refunded,US,pos
#3723,2025-09-29 05:42:10,CUST-00902,felix.wagner523@example.com,Stoneware Dinner Plate Set,Set of 6,1,94.11,0.0,94.11,paid,DE,online_store
#2086,2025-09-29 10:19:23,CUST-01637,marie.wagner526@example.com,Merino Wool Beanie,Oat,3,32.29,19.88,76.99,paid,NL,online_store
#3074,2025-09-29 14:09:00,CUST-00890,felix.fischer326@example.com,Stoneware Dinner Plate Set,Set of 6,1,98.06,0.0,98.06,paid,US,online_store
#2761,2025-09-29 15:11:45,CUST-00894,max.wagner340@example.com,Linen Throw Blanket,Rust,2,79.81,0.0,159.62,paid,NL,pos
#2717,2025-09-29 15:55:41,CUST-00581,nina.richter527@example.com,Aurora Ceramic Mug,Sage / 350ml,2,17.83,0.0,35.66,paid,CH,online_store
#3551,2025-09-29 17:13:26,CUST-00367,nina.becker133@example.com,Organic Cotton Tote,Cream,1,15.23,0.0,15.23,pending,US,online_store
#4198,2025-09-29 18:19:50,CUST-00526,clara.koch508@example.com,Recycled Glass Vase,Amber,2,41.28,0.0,82.56,paid,GB,online_store
#4198,2025-09-29 18:19:50,CUST-00526,clara.koch508@example.com,Aurora Ceramic Mug,White / 350ml,1,18.18,0.0,18.18,paid,GB,online_store
#3039,2025-09-30 10:11:24,CUST-00491,liam.schmidt77@example.com,Walnut Serving Board,Large,1,55.45,0.0,55.45,paid,AT,instagram
#2089,2025-09-30 12:26:30,CUST-00922,laura.mueller746@example.com,Soy Wax Candle — Cedar,Single,3,24.45,0.0,73.35,pending,GB,online_store
#2089,2025-09-30 12:26:30,CUST-00922,laura.mueller746@example.com,Merino Wool Beanie,Black,1,32.84,0.0,32.84,pending,GB,online_store
#1624,2025-09-30 12:35:31,CUST-00965,jonas.koch423@example.com,Walnut Serving Board,Large,1,54.78,0.0,54.78,paid,CH,draft_order
#1624,2025-09-30 12:35:31,CUST-00965,jonas.koch423@example.com,Soy Wax Candle — Cedar,Single,1,23.79,0.0,23.79,paid,CH,draft_order
#1486,2025-09-30 14:30:50,CUST-00104,julia.braun562@example.com,Aurora Ceramic Mug,Black / 350ml,1,18.52,0.0,18.52,refunded,US,online_store
#1486,2025-09-30 14:30:50,CUST-00104,julia.braun562@example.com,Organic Cotton Tote,Navy,3,14.78,0.0,44.34,refunded,US,online_store
#1486,2025-09-30 14:30:50,CUST-00104,julia.braun562@example.com,Merino Wool Beanie,Oat,1,31.67,0.0,31.67,refunded,US,online_store
#1682,2025-09-30 16:57:14,CUST-00500,nina.koch232@example.com,Brass Pour-Over Stand,Standard,1,66.38,0.0,66.38,paid,DE,online_store
#3195,2025-09-30 17:05:57,CUST-00663,mia.hoffmann455@example.com,Organic Cotton Tote,Cream,1,14.86,0.0,14.86,PAID,NL,online_store
#2836,2025-09-30 17:59:48,CUST-01404,luis.neumann14@example.com,Soy Wax Candle — Cedar,Single,2,24.05,0.0,48.1,paid,DE,online_store
#2836,2025-09-30 17:59:48,CUST-01404,luis.neumann14@example.com,Organic Cotton Tote,Cream,1,15.36,0.0,15.36,paid,DE,online_store
#2836,2025-09-30 17:59:48,CUST-01404,luis.neumann14@example.com,Botanical Print A3,Eucalyptus,3,28.5,0.0,85.5,paid,DE,online_store
#2962,2025-09-30 18:36:16,CUST-00450,felix.mueller837@example.com,Aurora Ceramic Mug,White / 350ml,1,18.24,0.0,18.24,paid,DE,online_store
#2795,2025-09-30 20:04:01,CUST-00454,ben.neumann392@example.com,Linen Throw Blanket,Natural,1,77.17,0.0,77.17,paid,US,pos
#2795,2025-09-30 20:04:01,CUST-00454,ben.neumann392@example.com,Soy Wax Candle — Cedar,Single,1,24.04,0.0,24.04,paid,US,pos
#2538,2025-10-01 06:29:43,CUST-01125,emma.richter228@example.com,Soy Wax Candle — Cedar,Single,1,23.73,0.0,23.73,paid,FR,online_store
#2538,2025-10-01 06:29:43,CUST-01125,emma.richter228@example.com,Walnut Serving Board,Large,1,53.62,0.0,53.62,paid,FR,online_store
#2538,2025-10-01 06:29:43,CUST-01125,emma.richter228@example.com,Recycled Glass Vase,Smoke,1,41.16,0.0,41.16,paid,FR,online_store
#3203,2025-10-01 09:12:26,CUST-00783,emma.koch135@example.com,Recycled Glass Vase,Amber,1,42.01,0.0,42.01,pending,DE,online_store
#2069,2025-10-01 10:02:51,CUST-00348,paul.mueller623@example.com,Soy Wax Candle — Cedar,Single,2,23.31,0.0,46.62,paid,GB,online_store
#2069,2025-10-01 10:02:51,CUST-00348,paul.mueller623@example.com,Soy Wax Candle — Cedar,Single,2,23.5,0.0,47.0,paid,GB,online_store
#3255,2025-10-01 10:49:51,CUST-00359,felix.becker950@example.com,Merino Wool Beanie,Oat,2,32.08,0.0,64.16,paid,FR,online_store
#1162,2025-10-01 13:30:12,CUST-01594,sofia.schmidt368@example.com,Organic Cotton Tote,Cream,1,14.91,0.0,14.91,paid,AT,online_store
#1482,2025-10-01 14:01:32,CUST-00322,emma.fischer221@example.com,Organic Cotton Tote,Cream,1,14.81,0.0,14.81,paid,NL,online_store
#1695,2025-10-01 14:39:00,CUST-00576,mia.krueger121@example.com,Organic Cotton Tote,Navy,1,15.2,0.0,15.2,paid,FR,online_store
#3358,2025-10-01 19:35:03,CUST-00891,anna.klein157@example.com,Merino Wool Beanie,Forest,1,31.83,0.0,31.83,refunded,GB,online_store
#4160,2025-10-01 21:02:07,CUST-00526,clara.koch508@example.com,Soy Wax Candle — Cedar,Single,2,23.39,0.0,46.78,paid,GB,online_store
#2630,2025-10-01 21:14:28,CUST-00153,felix.fischer122@example.com,Brass Pour-Over Stand,Standard,2,68.29,0.0,136.58,paid,US,online_store
#2630,2025-10-01 21:14:28,CUST-00153,felix.fischer122@example.com,Aurora Ceramic Mug,Sage / 350ml,1,18.43,0.0,18.43,paid,US,online_store
#1665,2025-10-02 01:50:14,CUST-01389,sofia.becker297@example.com,Organic Cotton Tote,Cream,1,15.27,0.0,15.27,paid,US,online_store
#1665,2025-10-02 01:50:14,CUST-01389,sofia.becker297@example.com,Walnut Serving Board,Large,1,54.26,0.0,54.26,paid,US,online_store
#2247,2025-10-02 09:13:17,CUST-00653,noah.becker322@example.com,Brass Pour-Over Stand,Standard,1,69.18,12.54,56.64,paid,US,online_store
#2666,2025-10-02 11:36:20,CUST-00394,noah.wagner404@example.com,Brass Pour-Over Stand,Standard,2,67.32,31.82,102.82,paid,US,online_store
#3283,2025-10-02 12:54:29,CUST-01585,ben.hartmann638@example.com,Brass Pour-Over Stand,Standard,1,67.11,0.0,67.11,pending,AT,online_store
#3283,2025-10-02 12:54:29,CUST-01585,ben.hartmann638@example.com,Soy Wax Candle — Cedar,Set of 3,1,23.75,0.0,23.75,pending,AT,online_store
#3283,2025-10-02 12:54:29,CUST-01585,ben.hartmann638@example.com,Botanical Print A3,Fern,1,28.22,0.0,28.22,pending,AT,online_store
#4468,2025-10-02 13:07:23,CUST-01516,clara.klein392@example.com,Organic Cotton Tote,Navy,1,14.77,0.0,14.77,paid,DE,online_store
#3966,2025-10-02 14:45:12,CUST-01140,paul.weber724@example.com,Merino Wool Beanie,Oat,1,32.28,0.0,32.28,paid,US,online_store
#3966,2025-10-02 14:45:12,CUST-01140,paul.weber724@example.com,Soy Wax Candle — Cedar,Set of 3,1,23.82,0.0,23.82,paid,US,online_store
#2676,2025-10-02 17:16:56,CUST-01219,felix.klein960@example.com,Merino Wool Beanie,Forest,1,32.77,0.0,32.77,paid,US,instagram
#2676,2025-10-02 17:16:56,CUST-01219,felix.klein960@example.com,Soy Wax Candle — Cedar,Single,1,23.66,0.0,23.66,paid,US,instagram
#3579,2025-10-02 17:43:18,CUST-01295,tom.mueller941@example.com,Walnut Serving Board,Large,1,55.28,0.0,55.28,pending,GB,online_store
#3088,2025-10-02 19:19:00,CUST-00010,jonas.klein876@example.com,Aurora Ceramic Mug,White / 350ml,1,18.39,0.0,18.39,paid,DE,instagram
#1890,2025-10-03 04:11:09,CUST-01165,jonas.klein2@example.com,Organic Cotton Tote,Cream,2,14.68,0.0,29.36,paid,DE,online_store
#1094,2025-10-03 09:27:33,CUST-01577,ben.mueller925@example.com,Botanical Print A3,Eucalyptus,1,27.31,0.0,27.31,PAID,DE,pos
#1094,2025-10-03 09:27:33,CUST-01577,ben.mueller925@example.com,Soy Wax Candle — Cedar,Single,1,23.63,0.0,23.63,paid,DE,pos
#3374,2025-10-03 09:45:55,CUST-00750,clara.braun873@example.com,Aurora Ceramic Mug,Black / 350ml,1,18.12,0.0,18.12,paid,US,online_store
#3374,2025-10-03 09:45:55,CUST-00750,clara.braun873@example.com,Recycled Glass Vase,Smoke,1,43.09,0.0,43.09,paid,US,online_store
#3574,2025-10-03 09:54:16,CUST-01545,emma.wolf672@example.com,Organic Cotton Tote,Navy,1,14.8,0.0,14.8,refunded,GB,online_store
#2728,2025-10-03 13:50:53,CUST-00092,felix.hoffmann594@example.com,Aurora Ceramic Mug,Sage / 350ml,3,18.12,7.19,47.17,refunded,,online_store
#3613,2025-10-03 14:18:03,CUST-01506,jonas.wagner703@example.com,Organic Cotton Tote,Cream,1,14.8,0.0,14.8,paid,US,online_store
#3613,2025-10-03 14:18:03,CUST-01506,jonas.wagner703@example.com,Botanical Print A3,Olive,1,27.94,0.0,27.94,paid,US,online_store
#3613,2025-10-03 14:18:03,CUST-01506,jonas.wagner703@example.com,Linen Throw Blanket,Natural,1,77.8,0.0,77.8,paid,US,online_store
#1291,2025-10-03 14:32:42,CUST-00070,noah.fischer708@example.com,Linen Throw Blanket,Charcoal,1,79.75,11.26,68.49,paid,AT,online_store
#1659,2025-10-03 14:36:50,CUST-01283,anna.klein648@example.com,Aurora Ceramic Mug,Black / 350ml,1,18.52,0.0,18.52,paid,CH,online_store
#3825,2025-10-03 15:15:46,CUST-01639,luis.neumann122@example.com,Organic Cotton Tote,Cream,1,15.11,0.0,15.11,pending,GB,online_store
#3825,2025-10-03 15:15:46,CUST-01639,luis.neumann122@example.com,Stoneware Dinner Plate Set,Set of 6,1,95.12,0.0,95.12,pending,GB,online_store
#2467,2025-10-03 15:48:30,CUST-01536,luis.hartmann116@example.com,Organic Cotton Tote,Cream,2,14.97,0.0,29.94,paid,NL,online_store
#2467,2025-10-03 15:48:30,CUST-01536,luis.hartmann116@example.com,Aurora Ceramic Mug,Black / 350ml,1,18.23,0.0,18.23,paid,NL,online_store
#2467,2025-10-03 15:48:30,CUST-01536,luis.hartmann116@example.com,Merino Wool Beanie,Black,1,31.09,0.0,31.09,paid,NL,online_store
#1585,2025-10-03 17:13:43,CUST-00367,nina.becker133@example.com,Organic Cotton Tote,Cream,1,15.15,0.0,15.15,paid,US,online_store
#1091,2025-10-03 23:14:24,CUST-01594,sofia.schmidt368@example.com,Walnut Serving Board,Large,2,52.69,0.0,105.38,paid,AT,instagram
#4020,2025-10-03 23:43:06,CUST-00594,emma.weber162@example.com,Linen Throw Blanket,Natural,1,80.06,0.0,80.06,paid,US,draft_order
#4020,2025-10-03 23:43:06,CUST-00594,emma.weber162@example.com,Organic Cotton Tote,Navy,1,14.61,0.0,14.61,PAID,US,draft_order
#4020,2025-10-03 23:43:06,CUST-00594,emma.weber162@example.com,Botanical Print A3,Eucalyptus,1,27.19,0.0,27.19,paid,US,draft_order
#2742,2025-10-04 06:31:58,CUST-01557,julia.wolf693@example.com,Organic Cotton Tote,Navy,1,14.87,0.0,14.87,paid,DE,instagram
#3979,2025-10-04 10:12:24,CUST-00543,laura.wolf441@example.com,Merino Wool Beanie,Oat,1,31.2,0.0,31.2,paid,DE,online_store
#4158,2025-10-04 10:45:32,CUST-00458,emma.mueller475@example.com,Aurora Ceramic Mug,Black / 350ml,1,17.94,0.0,17.94,paid,GB,online_store
#4158,2025-10-04 10:45:32,CUST-00458,emma.mueller475@example.com,Recycled Glass Vase,Smoke,1,40.99,0.0,40.99,paid,GB,online_store
#4158,2025-10-04 10:45:32,CUST-00458,emma.mueller475@example.com,Botanical Print A3,Eucalyptus,1,28.52,0.0,28.52,paid,GB,online_store
#1538,2025-10-04 11:16:38,CUST-00314,max.weber529@example.com,Soy Wax Candle — Cedar,Single,2,24.54,0.0,49.08,paid,NL,instagram
#1538,2025-10-04 11:16:38,CUST-00314,max.weber529@example.com,Organic Cotton Tote,Cream,1,14.66,0.0,14.66,paid,NL,instagram
#2550,2025-10-04 12:32:16,CUST-01472,marie.richter546@example.com,Botanical Print A3,Fern,2,28.83,14.27,43.39,paid,NL,instagram
#2550,2025-10-04 12:32:16,CUST-01472,marie.richter546@example.com,Botanical Print A3,Olive,3,28.7,17.54,68.56,paid,NL,instagram
#2550,2025-10-04 12:32:16,CUST-01472,marie.richter546@example.com,Aurora Ceramic Mug,White / 350ml,1,18.21,2.73,15.48,paid,NL,instagram
#2145,2025-10-04 13:12:22,CUST-01666,noah.richter476@example.com,Recycled Glass Vase,Amber,1,41.88,9.23,32.65,paid,US,online_store
#2332,2025-10-04 14:48:28,CUST-01511,erik.koch998@example.com,Linen Throw Blanket,Charcoal,1,80.05,0.0,80.05,paid,US,online_store
#3266,2025-10-04 15:27:20,CUST-01594,sofia.schmidt368@example.com,Aurora Ceramic Mug,Black / 350ml,3,17.5,0.0,52.5,paid,AT,online_store
#3266,2025-10-04 15:27:20,CUST-01594,sofia.schmidt368@example.com,Recycled Glass Vase,Smoke,1,43.07,0.0,43.07,paid,AT,online_store
#3266,2025-10-04 15:27:20,CUST-01594,sofia.schmidt368@example.com,Linen Throw Blanket,Charcoal,2,81.25,0.0,,paid,AT,online_store
#2711,2025-10-04 15:30:33,CUST-00010,jonas.klein876@example.com,Soy Wax Candle — Cedar,Single,1,24.32,0.0,24.32,paid,DE,online_store
#1215,2025-10-04 15:33:14,CUST-00458,emma.mueller475@example.com,Aurora Ceramic Mug,Black / 350ml,1,17.94,0.0,17.94,paid,GB,online_store
#2463,2025-10-04 15:33:19,CUST-01081,liam.schwarz771@example.com,Aurora Ceramic Mug,White / 350ml,1,17.49,0.0,17.49,refunded,GB,instagram
#2463,2025-10-04 15:33:19,CUST-01081,liam.schwarz771@example.com,Walnut Serving Board,Small,1,53.55,0.0,53.55,refunded,GB,instagram
#2463,2025-10-04 15:33:19,CUST-01081,liam.schwarz771@example.com,Aurora Ceramic Mug,Black / 350ml,2,18.28,0.0,36.56,refunded,GB,instagram
#2159,2025-10-04 16:27:25,CUST-00263,max.klein796@example.com,Organic Cotton Tote,Cream,3,15.09,0.0,45.27,paid,AT,pos
#1413,2025-10-04 17:31:27,CUST-00688,ben.hartmann179@example.com,Aurora Ceramic Mug,Sage / 350ml,3,18.22,0.0,,paid,FR,pos
#1608,2025-10-04 17:55:10,CUST-00190,lena.hartmann130@example.com,Soy Wax Candle — Cedar,Set of 3,1,24.34,0.0,24.34,pending,US,online_store
#4476,2025-10-04 19:34:46,CUST-00033,sofia.hoffmann409@example.com,Organic Cotton Tote,Navy,1,14.99,0.0,14.99,paid,CH,online_store
#4476,2025-10-04 19:34:46,CUST-00033,sofia.hoffmann409@example.com,Brass Pour-Over Stand,Standard,2,66.15,0.0,132.3,paid,CH,online_store
#1222,2025-10-04 20:39:35,CUST-00473,liam.braun571@example.com,Merino Wool Beanie,Oat,1,32.25,0.0,32.25,paid,US,online_store
#1757,2025-10-04 21:59:48,CUST-01018,jonas.richter761@example.com,Aurora Ceramic Mug,Sage / 350ml,2,17.81,0.0,35.62,paid,US,online_store
#2206,2025-10-05 08:52:09,CUST-00796,noah.hartmann93@example.com,Stoneware Dinner Plate Set,Set of 4,1,95.54,18.95,76.59,paid,FR,online_store
#2206,2025-10-05 08:52:09,CUST-00796,noah.hartmann93@example.com,Recycled Glass Vase,Amber,1,42.54,9.57,32.97,paid,FR,online_store
#2206,2025-10-05 08:52:09,CUST-00796,noah.hartmann93@example.com,Botanical Print A3,Olive,2,27.31,5.94,48.68,paid,FR,online_store
#2983,2025-10-05 09:30:56,CUST-00484,tom.wolf380@example.com,Stoneware Dinner Plate Set,Set of 4,1,95.9,0.0,95.9,paid,DE,instagram
#1727,2025-10-05 10:59:58,CUST-00729,felix.neumann271@example.com,Organic Cotton Tote,Navy,1,15.08,0.0,15.08,paid,US,instagram
#1727,2025-10-05 10:59:58,CUST-00729,felix.neumann271@example.com,Merino Wool Beanie,Oat,1,31.8,0.0,31.8,paid,US,instagram
#1727,2025-10-05 10:59:58,CUST-00729,felix.neumann271@example.com,Merino Wool Beanie,Black,3,31.5,0.0,94.5,paid,US,instagram
#4287,2025-10-05 11:28:35,CUST-00528,laura.wolf390@example.com,Soy Wax Candle — Cedar,Set of 3,1,23.42,0.0,23.42,paid,NL,online_store
#4287,2025-10-05 11:28:35,CUST-00528,laura.wolf390@example.com,Stoneware Dinner Plate Set,Set of 6,2,95.25,0.0,190.5,paid,NL,online_store
#3726,2025-10-05 12:19:53,CUST-00464,jonas.hoffmann795@example.com,Merino Wool Beanie,Forest,1,32.67,0.0,32.67,paid,DE,online_store
#1514,2025-10-05 12:54:26,CUST-01635,ben.krueger971@example.com,Soy Wax Candle — Cedar,Single,1,23.69,0.0,23.69,paid,US,draft_order
#1213,2025-10-05 12:56:15,CUST-01661,felix.braun61@example.com,Aurora Ceramic Mug,Sage / 350ml,2,17.68,0.0,35.36,paid,GB,online_store
#2186,2025-10-05 13:17:15,CUST-00102,noah.krueger476@example.com,Merino Wool Beanie,Black,1,31.24,0.0,31.24,paid,GB,online_store
#2186,2025-10-05 13:17:15,CUST-00102,noah.krueger476@example.com,Linen Throw Blanket,Charcoal,1,78.89,0.0,78.89,paid,GB,online_store
#2504,2025-10-05 13:57:06,CUST-01212,nina.hartmann611@example.com,Organic Cotton Tote,Cream,2,14.66,0.0,29.32,paid,US,instagram
#2504,2025-10-05 13:57:06,CUST-01212,nina.hartmann611@example.com,Merino Wool Beanie,Black,1,32.82,0.0,32.82,paid,US,instagram
#2504,2025-10-05 13:57:06,CUST-01212,nina.hartmann611@example.com,Merino Wool Beanie,Black,1,32.82,0.0,32.82,paid,US,instagram
#2714,2025-10-05 15:27:17,CUST-01123,max.becker504@example.com,Aurora Ceramic Mug,Sage / 350ml,1,17.98,0.0,17.98,paid,US,draft_order
#2714,2025-10-05 15:27:17,CUST-01123,max.becker504@example.com,Linen Throw Blanket,Charcoal,1,77.88,0.0,77.88,paid,US,draft_order
#2714,2025-10-05 15:27:17,CUST-01123,max.becker504@example.com,Merino Wool Beanie,Black,1,32.54,0.0,32.54,paid,US,draft_order
#2767,2025-10-05 15:27:26,CUST-00543,laura.wolf441@example.com,Soy Wax Candle — Cedar,Single,1,24.01,3.91,20.1,paid,DE,pos
#1237,2025-10-05 18:28:33,CUST-00181,clara.braun484@example.com,Aurora Ceramic Mug,White / 350ml,1,17.55,0.0,17.55,paid,DE,online_store
#1237,2025-10-05 18:28:33,CUST-00181,clara.braun484@example.com,Merino Wool Beanie,Oat,3,32.44,0.0,97.32,paid,DE,online_store
#4066,2025-10-05 20:09:19,CUST-00394,noah.wagner404@example.com,Soy Wax Candle — Cedar,Set of 3,1,23.56,0.0,23.56,paid,US,online_store
#1816,2025-10-05 20:31:32,CUST-01535,noah.hartmann366@example.com,Merino Wool Beanie,Black,2,31.82,12.18,51.46,paid,CH,online_store
#1816,2025-10-05 20:31:32,CUST-01535,noah.hartmann366@example.com,Organic Cotton Tote,Cream,1,15.17,1.74,13.43,paid,CH,online_store
#2432,2025-10-05 21:57:25,CUST-01069,julia.wagner310@example.com,Organic Cotton Tote,Cream,1,15.21,0.0,15.21,paid,DE,online_store
#4350,2025-10-06 03:19:45,CUST-00757,emma.hartmann266@example.com,Recycled Glass Vase,Smoke,1,41.9,0.0,41.9,paid,AT,instagram
#4154,2025-10-06 05:55:34,CUST-00256,noah.neumann377@example.com,Aurora Ceramic Mug,Black / 350ml,1,18.07,0.0,18.07,paid,DE,instagram
#4154,2025-10-06 05:55:34,CUST-00256,noah.neumann377@example.com,Aurora Ceramic Mug,Black / 350ml,1,17.52,0.0,17.52,paid,DE,instagram
#1594,2025-10-06 08:28:40,CUST-00867,liam.klein198@example.com,Organic Cotton Tote,Navy,1,15.36,0.0,15.36,refunded,DE,online_store
#1594,2025-10-06 08:28:40,CUST-00867,liam.klein198@example.com,Soy Wax Candle — Cedar,Single,1,23.97,0.0,23.97,refunded,DE,online_store
#3587,2025-10-06 11:07:44,CUST-01142,julia.becker390@example.com,Linen Throw Blanket,Charcoal,1,79.49,0.0,79.49,paid,DE,online_store
#1568,2025-10-06 13:11:59,CUST-00019,luis.richter439@example.com,Recycled Glass Vase,Smoke,1,42.67,0.0,42.67,paid,AT,draft_order
#1568,2025-10-06 13:11:59,CUST-00019,luis.richter439@example.com,Brass Pour-Over Stand,Standard,2,68.64,0.0,137.28,paid,AT,draft_order
#1568,2025-10-06 13:11:59,CUST-00019,luis.richter439@example.com,Walnut Serving Board,Small,1,54.07,0.0,54.07,paid,AT,draft_order
#2002,2025-10-06 14:04:08,CUST-00582,noah.wagner805@example.com,Stoneware Dinner Plate Set,Set of 4,1,98.6,0.0,98.6,refunded,US,online_store
#2002,2025-10-06 14:04:08,CUST-00582,noah.wagner805@example.com,Linen Throw Blanket,Natural,1,78.46,0.0,78.46,refunded,US,online_store
#3455,2025-10-06 14:30:24,CUST-00391,liam.schwarz576@example.com,Organic Cotton Tote,Cream,2,14.6,0.0,29.2,paid,DE,online_store
#3124,2025-10-06 15:29:14,CUST-01277,clara.krueger510@example.com,Soy Wax Candle — Cedar,Single,1,23.39,0.0,23.39,pending,DE,online_store
#2972,2025-10-06 16:17:53,CUST-00409,laura.wolf471@example.com,Linen Throw Blanket,Charcoal,1,79.16,0.0,79.16,paid,AT,online_store
#3366,2025-10-06 18:56:31,CUST-01090,felix.becker632@example.com,Soy Wax Candle — Cedar,Set of 3,1,23.79,0.0,23.79,paid,NL,online_store
#1054,2025-10-06 19:28:40,CUST-00292,paul.schmidt449@example.com,Soy Wax Candle — Cedar,Set of 3,1,23.89,0.0,23.89,refunded,CH,pos
#3360,2025-10-06 19:50:02,CUST-00902,felix.wagner523@example.com,Soy Wax Candle — Cedar,Set of 3,1,24.54,0.0,24.54,paid,DE,pos
#2369,2025-10-06 19:51:49,CUST-01116,noah.becker901@example.com,Soy Wax Candle — Cedar,Single,1,23.31,3.51,19.8,paid,DE,online_store
#2369,2025-10-06 19:51:49,CUST-01116,noah.becker901@example.com,Organic Cotton Tote,Cream,1,15.29,3.0,12.29,paid,DE,online_store
#3552,2025-10-06 21:09:18,CUST-01511,erik.koch998@example.com,Merino Wool Beanie,Forest,1,31.08,0.0,31.08,paid,US,online_store
#3552,2025-10-06 21:09:18,CUST-01511,erik.koch998@example.com,Organic Cotton Tote,Cream,1,14.82,0.0,14.82,paid,US,online_store
#3249,2025-10-07 08:42:21,CUST-01656,jonas.krueger547@example.com,Merino Wool Beanie,Forest,2,32.14,0.0,64.28,paid,GB,online_store
#3249,2025-10-07 08:42:21,CUST-01656,jonas.krueger547@example.com,Stoneware Dinner Plate Set,Set of 6,1,97.38,0.0,97.38,PAID,GB,online_store
#3249,2025-10-07 08:42:21,CUST-01656,jonas.krueger547@example.com,Merino Wool Beanie,Black,1,32.58,0.0,32.58,paid,GB,online_store
#1473,2025-10-07 10:10:15,CUST-00021,mia.schmidt157@example.com,Linen Throw Blanket,Charcoal,1,79.16,0.0,79.16,paid,GB,draft_order
#2910,2025-10-07 11:06:11,CUST-01517,sofia.hoffmann290@example.com,Linen Throw Blanket,Natural,1,80.16,0.0,80.16,paid,FR,online_store
#3236,2025-10-07 13:16:20,CUST-00273,ben.mueller80@example.com,Walnut Serving Board,Large,1,53.77,0.0,53.77,paid,NL,pos
#2905,2025-10-07 14:20:15,CUST-01093,noah.schmidt636@example.com,Soy Wax Candle — Cedar,Set of 3,2,24.14,0.0,48.28,paid,AT,online_store
#4323,2025-10-07 14:55:14,CUST-00861,max.koch680@example.com,Aurora Ceramic Mug,Sage / 350ml,1,17.58,0.0,17.58,paid,DE,online_store
#2110,2025-10-07 15:09:01,CUST-00644,anna.mueller386@example.com,Walnut Serving Board,Large,1,52.69,0.0,52.69,paid,NL,online_store
#3262,2025-10-07 15:58:23,CUST-00832,nina.wagner5@example.com,Linen Throw Blanket,Charcoal,3,78.05,0.0,234.15,paid,US,online_store
#2014,2025-10-07 16:38:00,CUST-01286,laura.hoffmann400@example.com,Merino Wool Beanie,Oat,1,31.65,0.0,31.65,paid,AT,online_store
#1236,2025-10-07 17:58:16,CUST-01648,lena.krueger684@example.com,Linen Throw Blanket,Rust,1,80.91,0.0,80.91,paid,US,instagram
#1236,2025-10-07 17:58:16,CUST-01648,lena.krueger684@example.com,Merino Wool Beanie,Forest,1,31.41,0.0,31.41,paid,US,instagram
#1236,2025-10-07 17:58:16,CUST-01648,lena.krueger684@example.com,Recycled Glass Vase,Amber,2,40.8,0.0,81.6,paid,US,instagram
#3610,2025-10-07 18:21:19,CUST-00189,laura.schwarz812@example.com,Aurora Ceramic Mug,White / 350ml,1,18.3,0.0,18.3,paid,NL,online_store
#1414,2025-10-07 20:15:33,CUST-01581,ben.braun755@example.com,Aurora Ceramic Mug,Black / 350ml,1,18.2,0.0,18.2,paid,GB,instagram
#1142,2025-10-08 10:10:36,CUST-00634,lena.becker879@example.com,Organic Cotton Tote,Cream,1,15.36,2.61,12.75,paid,DE,online_store
#3693,2025-10-08 10:54:36,CUST-01250,liam.wolf991@example.com,Organic Cotton Tote,Cream,1,15.03,0.0,15.03,paid,DE,instagram
#3168,2025-10-08 15:08:55,CUST-01069,julia.wagner310@example.com,Linen Throw Blanket,Charcoal,2,76.89,0.0,153.78,paid,DE,pos
#1941,2025-10-08 15:53:29,CUST-00262,mia.hoffmann465@example.com,Merino Wool Beanie,Oat,1,31.57,5.26,26.31,paid,US,pos
#1079,2025-10-08 16:47:12,CUST-01204,anna.wolf31@example.com,Botanical Print A3,Eucalyptus,3,27.88,0.0,83.64,paid,DE,online_store
#1079,2025-10-08 16:47:12,CUST-01204,anna.wolf31@example.com,Aurora Ceramic Mug,Black / 350ml,2,17.56,0.0,35.12,paid,DE,online_store
#1244,2025-10-08 17:32:13,CUST-01489,clara.krueger884@example.com,Soy Wax Candle — Cedar,Set of 3,1,23.92,0.0,23.92,paid,GB,instagram
#3459,2025-10-08 18:30:29,CUST-01312,noah.weber884@example.com,Stoneware Dinner Plate Set,Set of 4,1,97.98,0.0,97.98,paid,FR,online_store
#3459,2025-10-08 18:30:29,CUST-01312,noah.weber884@example.com,Recycled Glass Vase,Smoke,1,40.83,0.0,40.83,paid,FR,online_store
#2890,2025-10-08 19:17:32,CUST-00388,nina.neumann289@example.com,Soy Wax Candle — Cedar,Set of 3,2,23.66,0.0,47.32,refunded,US,instagram
#3482,2025-10-08 19:44:26,CUST-00952,julia.klein803@example.com,Brass Pour-Over Stand,Standard,1,67.9,0.0,67.9,paid,GB,online_store
#3725,2025-10-08 22:08:46,CUST-00582,noah.wagner805@example.com,Linen Throw Blanket,Natural,1,77.17,0.0,77.17,paid,US,online_store
#2062,2025-10-08 23:03:22,CUST-00114,emma.schwarz696@example.com,Linen Throw Blanket,Rust,1,76.96,0.0,76.96,paid,FR,online_store
#3448,2025-10-08 23:09:46,CUST-01605,marie.braun7@example.com,Organic Cotton Tote,Navy,1,14.75,0.0,14.75,paid,DE,pos
#4473,2025-10-09 10:33:52,CUST-00657,mia.koch406@example.com,Organic Cotton Tote,Cream,1,15.41,0.0,15.41,paid,US,instagram
#3496,2025-10-09 11:04:43,CUST-00230,jonas.neumann703@example.com,Merino Wool Beanie,Oat,1,32.19,0.0,32.19,paid,US,instagram
#2282,2025-10-09 15:24:27,CUST-01093,noah.schmidt636@example.com,Soy Wax Candle — Cedar,Single,1,24.15,0.0,24.15,paid,AT,online_store
#1399,2025-10-09 16:22:38,CUST-01637,marie.wagner526@example.com,Soy Wax Candle — Cedar,Single,1,24.02,0.0,24.02,paid,NL,online_store
#1797,2025-10-09 16:52:56,CUST-01177,max.fischer288@example.com,Recycled Glass Vase,Smoke,1,43.05,0.0,43.05,paid,NL,pos
#3082,2025-10-09 18:07:45,CUST-01096,sofia.hoffmann769@example.com,Linen Throw Blanket,Natural,1,80.01,0.0,80.01,paid,DE,draft_order
#2643,2025-10-09 20:42:23,CUST-01043,tom.hoffmann557@example.com,Linen Throw Blanket,Rust,1,78.69,0.0,78.69,paid,US,online_store
#1122,2025-10-10 07:32:56,CUST-01384,ben.wagner613@example.com,Aurora Ceramic Mug,Black / 350ml,1,18.41,0.0,18.41,paid,DE,online_store
#1122,2025-10-10 07:32:56,CUST-01384,ben.wagner613@example.com,Stoneware Dinner Plate Set,Set of 4,1,97.24,0.0,97.24,paid,DE,online_store
#4400,2025-10-10 11:53:46,CUST-00785,liam.schwarz262@example.com,Merino Wool Beanie,Oat,3,32.96,0.0,98.88,paid,FR,online_store
#2155,2025-10-10 12:31:55,CUST-01517,sofia.hoffmann290@example.com,Linen Throw Blanket,Charcoal,2,77.46,0.0,154.92,paid,FR,online_store
#2155,2025-10-10 12:31:55,CUST-01517,sofia.hoffmann290@example.com,Recycled Glass Vase,Smoke,1,42.67,0.0,,paid,FR,online_store
#2216,2025-10-10 13:35:53,CUST-00272,julia.neumann883@example.com,Botanical Print A3,Eucalyptus,1,28.46,0.0,28.46,paid,FR,online_store
#2216,2025-10-10 13:35:53,CUST-00272,julia.neumann883@example.com,Botanical Print A3,Fern,2,28.47,0.0,56.94,paid,FR,online_store
#2216,2025-10-10 13:35:53,CUST-00272,julia.neumann883@example.com,Botanical Print A3,Olive,1,28.14,0.0,28.14,paid,FR,online_store
#4271,2025-10-10 16:03:22,CUST-01457,mia.fischer118@example.com,Aurora Ceramic Mug,White / 350ml,1,17.62,0.0,17.62,paid,DE,online_store
#1844,2025-10-10 17:55:33,CUST-01199,luis.fischer774@example.com,Aurora Ceramic Mug,Sage / 350ml,1,18.22,0.0,18.22,paid,FR,pos
#3738,2025-10-10 19:28:29,CUST-00439,julia.klein655@example.com,Aurora Ceramic Mug,White / 350ml,1,18.14,0.0,18.14,paid,AT,online_store
#3738,2025-10-10 19:28:29,CUST-00439,julia.klein655@example.com,Merino Wool Beanie,Black,1,32.63,0.0,32.63,paid,AT,online_store
#3738,2025-10-10 19:28:29,CUST-00439,julia.klein655@example.com,Brass Pour-Over Stand,Standard,1,67.65,0.0,67.65,paid,AT,online_store
#4362,2025-10-10 19:35:58,CUST-00587,mia.schwarz285@example.com,Recycled Glass Vase,Amber,2,40.98,0.0,81.96,paid,GB,online_store
#2008,2025-10-10 20:47:50,CUST-01086,nina.hoffmann754@example.com,Brass Pour-Over Stand,Standard,1,68.08,0.0,68.08,paid,US,online_store
#1742,2025-10-11 06:02:28,CUST-01609,ben.braun975@example.com,Recycled Glass Vase,Smoke,1,41.61,0.0,41.61,PAID,NL,online_store
#2354,2025-10-11 10:07:22,CUST-00311,marie.krueger797@example.com,Aurora Ceramic Mug,Black / 350ml,2,18.15,0.0,36.3,pending,US,online_store
#3380,2025-10-11 12:17:17,CUST-00163,felix.klein480@example.com,Merino Wool Beanie,Black,1,32.42,0.0,32.42,paid,GB,online_store
#2092,2025-10-11 12:24:54,CUST-01653,mia.hoffmann555@example.com,Linen Throw Blanket,Charcoal,1,78.47,0.0,78.47,paid,GB,online_store
#1478,2025-10-11 14:01:20,CUST-00782,sofia.becker941@example.com,Organic Cotton Tote,Cream,1,15.23,0.0,15.23,paid,NL,instagram
#2797,2025-10-11 14:05:55,CUST-01627,anna.koch596@example.com,Linen Throw Blanket,Charcoal,1,78.16,0.0,78.16,paid,GB,online_store
#2797,2025-10-11 14:05:55,CUST-01627,anna.koch596@example.com,Merino Wool Beanie,Oat,3,31.05,0.0,93.15,paid,GB,online_store
#2279,2025-10-11 14:40:39,CUST-00081,mia.richter522@example.com,Merino Wool Beanie,Forest,1,32.27,0.0,32.27,paid,US,pos
#4442,2025-10-11 14:47:28,CUST-00834,paul.becker132@example.com,Aurora Ceramic Mug,Black / 350ml,1,18.04,0.0,18.04,paid,DE,instagram
#2578,2025-10-11 15:03:12,CUST-01359,jonas.wolf352@example.com,Recycled Glass Vase,Amber,1,43.24,0.0,43.24,paid,GB,online_store
#2578,2025-10-11 15:03:12,CUST-01359,jonas.wolf352@example.com,Recycled Glass Vase,Amber,1,41.18,0.0,41.18,paid,GB,online_store
#2730,2025-10-11 15:55:07,CUST-01293,julia.krueger892@example.com,Soy Wax Candle — Cedar,Single,1,24.3,0.0,24.3,refunded,NL,online_store
#2741,2025-10-11 16:09:31,CUST-00205,max.klein435@example.com,Merino Wool Beanie,Oat,2,32.37,0.0,64.74,paid,GB,online_store
#2351,2025-10-11 16:10:21,CUST-00298,max.klein716@example.com,Recycled Glass Vase,Smoke,1,42.36,0.0,42.36,paid,GB,online_store
#2351,2025-10-11 16:10:21,CUST-00298,max.klein716@example.com,Recycled Glass Vase,Smoke,1,41.86,0.0,41.86,paid,GB,online_store
#3292,2025-10-11 16:11:53,CUST-01644,felix.hoffmann758@example.com,Soy Wax Candle — Cedar,Set of 3,1,23.83,0.0,23.83,paid,US,online_store
#3292,2025-10-11 16:11:53,CUST-01644,felix.hoffmann758@example.com,Organic Cotton Tote,Cream,2,15.1,0.0,30.2,paid,US,online_store
#2067,2025-10-11 18:22:48,CUST-01259,ben.richter274@example.com,Aurora Ceramic Mug,White / 350ml,1,18.15,0.0,18.15,pending,NL,instagram
#3472,2025-10-12 07:00:41,CUST-00339,liam.wolf819@example.com,Walnut Serving Board,Large,1,53.68,0.0,53.68,paid,US,instagram
#2448,2025-10-12 12:09:00,CUST-00198,noah.krueger307@example.com,Organic Cotton Tote,Cream,1,15.2,0.0,15.2,PAID,AT,instagram
#1081,2025-10-12 12:47:24,CUST-01273,clara.becker504@example.com,Merino Wool Beanie,Forest,1,32.25,0.0,32.25,paid,CH,draft_order
#2133,2025-10-12 14:03:13,CUST-00481,sofia.schwarz566@example.com,Aurora Ceramic Mug,White / 350ml,2,18.46,0.0,36.92,paid,DE,online_store
#4296,2025-10-12 15:00:59,CUST-01545,emma.wolf672@example.com,Organic Cotton Tote,Navy,2,15.37,0.0,30.74,paid,GB,online_store
#2100,2025-10-12 15:25:58,CUST-00561,felix.fischer321@example.com,Aurora Ceramic Mug,White / 350ml,1,17.99,0.0,17.99,paid,DE,pos
#3626,2025-10-12 16:02:15,CUST-00291,noah.wolf87@example.com,Recycled Glass Vase,Smoke,3,41.13,0.0,123.39,paid,US,instagram
#1485,2025-10-12 17:36:12,CUST-00663,mia.hoffmann455@example.com,Botanical Print A3,Eucalyptus,1,27.27,0.0,27.27,PAID,NL,instagram
#3625,2025-10-12 18:26:28,CUST-00670,ben.hoffmann817@example.com,Linen Throw Blanket,Charcoal,1,78.11,0.0,78.11,paid,US,online_store
#1792,2025-10-12 21:53:20,CUST-00086,liam.braun948@example.com,Aurora Ceramic Mug,Black / 350ml,1,17.76,0.0,17.76,paid,NL,online_store
#1792,2025-10-12 21:53:20,CUST-00086,liam.braun948@example.com,Merino Wool Beanie,Forest,1,31.9,0.0,31.9,paid,NL,online_store
#1343,2025-10-13 04:05:55,CUST-01616,emma.richter626@example.com,Aurora Ceramic Mug,Sage / 350ml,1,17.67,0.0,17.67,paid,AT,online_store
#1343,2025-10-13 04:05:55,CUST-01616,emma.richter626@example.com,Brass Pour-Over Stand,Standard,1,68.41,0.0,68.41,paid,AT,online_store
#2901,2025-10-13 08:10:37,CUST-00287,marie.schmidt852@example.com,Organic Cotton Tote,Navy,1,15.42,0.0,15.42,paid,DE,instagram
#2901,2025-10-13 08:10:37,CUST-00287,marie.schmidt852@example.com,Soy Wax Candle — Cedar,Single,1,23.97,0.0,23.97,paid,DE,instagram
#1723,2025-10-13 11:55:14,CUST-00024,noah.richter349@example.com,Soy Wax Candle — Cedar,Set of 3,1,23.51,0.0,23.51,paid,DE,online_store
#1275,2025-10-13 12:01:28,CUST-01336,noah.krueger86@example.com,Merino Wool Beanie,Forest,1,31.76,0.0,31.76,paid,US,online_store
#1686,2025-10-13 13:20:30,CUST-00931,luis.mueller794@example.com,Aurora Ceramic Mug,White / 350ml,1,17.5,0.0,17.5,paid,GB,online_store
#1828,2025-10-13 13:43:31,CUST-00378,felix.krueger62@example.com,Aurora Ceramic Mug,Sage / 350ml,1,18.33,0.0,18.33,paid,DE,online_store
#4358,2025-10-13 14:39:58,CUST-01154,ben.becker292@example.com,Brass Pour-Over Stand,Standard,1,67.37,0.0,67.37,pending,GB,pos
#1584,2025-10-13 16:37:03,CUST-01186,noah.wagner38@example.com,Soy Wax Candle — Cedar,Set of 3,1,24.46,0.0,24.46,paid,US,online_store
#2750,2025-10-13 17:54:01,CUST-00385,anna.wolf164@example.com,Organic Cotton Tote,Navy,2,14.92,0.0,29.84,paid,US,online_store
#2828,2025-10-13 20:08:06,CUST-00068,emma.wolf653@example.com,Soy Wax Candle — Cedar,Single,1,23.44,0.0,23.44,paid,CH,online_store
#2828,2025-10-13 20:08:06,CUST-00068,emma.wolf653@example.com,Aurora Ceramic Mug,Sage / 350ml,1,17.86,0.0,17.86,paid,CH,online_store
#3520,2025-10-14 11:48:38,CUST-01293,julia.krueger892@example.com,Soy Wax Candle — Cedar,Single,1,24.71,5.36,19.35,paid,NL,online_store
#3520,2025-10-14 11:48:38,CUST-01293,julia.krueger892@example.com,Stoneware Dinner Plate Set,Set of 6,1,95.16,22.72,72.44,paid,NL,online_store
#2998,2025-10-14 12:04:29,CUST-00775,tom.schwarz547@example.com,Merino Wool Beanie,Oat,1,31.83,0.0,31.83,paid,DE,online_store
#2998,2025-10-14 12:04:29,CUST-00775,tom.schwarz547@example.com,Aurora Ceramic Mug,Black / 350ml,1,17.47,0.0,17.47,paid,DE,online_store
#1270,2025-10-14 13:35:22,CUST-00175,erik.hartmann779@example.com,Aurora Ceramic Mug,Black / 350ml,1,17.55,0.0,17.55,paid,DE,online_store
#1270,2025-10-14 13:35:22,CUST-00175,erik.hartmann779@example.com,Botanical Print A3,Eucalyptus,1,28.78,0.0,28.78,paid,DE,online_store
#4462,2025-10-14 13:38:46,CUST-00898,mia.mueller647@example.com,Linen Throw Blanket,Charcoal,1,78.83,0.0,78.83,paid,DE,online_store
#3179,2025-10-14 15:15:00,CUST-01445,luis.mueller33@example.com,Soy Wax Candle — Cedar,Set of 3,1,23.87,0.0,23.87,paid,CH,online_store
#2317,2025-10-14 15:35:57,CUST-01170,emma.weber350@example.com,Merino Wool Beanie,Oat,2,31.4,0.0,62.8,paid,US,online_store
#1075,2025-10-14 17:54:45,CUST-00922,laura.mueller746@example.com,Aurora Ceramic Mug,Sage / 350ml,2,17.62,0.0,35.24,paid,GB,online_store
#2636,2025-10-14 18:54:30,CUST-00596,felix.becker898@example.com,Merino Wool Beanie,Black,1,31.44,0.0,31.44,paid,DE,online_store
#1545,2025-10-15 10:29:01,CUST-00069,paul.krueger438@example.com,Stoneware Dinner Plate Set,Set of 6,1,97.29,0.0,97.29,paid,GB,online_store
#2651,2025-10-15 10:45:32,CUST-01163,nina.neumann630@example.com,Recycled Glass Vase,Amber,1,41.53,7.9,33.63,paid,GB,online_store
#1469,2025-10-15 12:18:57,CUST-00341,paul.hartmann377@example.com,Linen Throw Blanket,Natural,1,78.77,0.0,78.77,paid,AT,online_store
#1255,2025-10-15 12:45:30,CUST-00830,anna.weber48@example.com,Brass Pour-Over Stand,Standard,1,69.01,8.62,60.39,paid,AT,pos
#1255,2025-10-15 12:45:30,CUST-00830,anna.weber48@example.com,Soy Wax Candle — Cedar,Set of 3,2,23.44,10.91,35.97,paid,AT,pos
#1255,2025-10-15 12:45:30,CUST-00830,anna.weber48@example.com,Recycled Glass Vase,Smoke,1,42.76,7.4,35.36,paid,AT,pos
#4330,2025-10-15 13:26:59,CUST-00618,liam.schmidt408@example.com,Merino Wool Beanie,Oat,1,31.76,0.0,31.76,paid,US,online_store
#1666,2025-10-15 13:32:24,CUST-00904,erik.becker144@example.com,Botanical Print A3,Eucalyptus,1,27.37,0.0,27.37,paid,US,online_store
#1666,2025-10-15 13:32:24,CUST-00904,erik.becker144@example.com,Merino Wool Beanie,Oat,1,32.34,0.0,32.34,paid,US,online_store
#2478,2025-10-15 13:58:39,CUST-00658,felix.richter179@example.com,Linen Throw Blanket,Rust,2,79.62,0.0,159.24,paid,DE,online_store
#2939,2025-10-15 14:39:07,CUST-00167,nina.mueller689@example.com,Aurora Ceramic Mug,White / 350ml,1,18.04,0.0,18.04,paid,NL,draft_order
#1308,2025-10-15 15:23:24,CUST-01439,noah.weber510@example.com,Merino Wool Beanie,Forest,1,32.86,0.0,32.86,paid,DE,online_store
#3439,2025-10-15 16:07:31,CUST-00357,paul.krueger830@example.com,Soy Wax Candle — Cedar,Single,1,24.23,0.0,24.23,paid,GB,pos
#2565,2025-10-15 16:48:46,CUST-01615,luis.klein322@example.com,Recycled Glass Vase,Smoke,1,41.3,0.0,41.3,paid,AT,online_store
#3317,2025-10-15 18:05:20,CUST-00056,nina.wolf210@example.com,Organic Cotton Tote,Cream,1,14.65,0.0,14.65,paid,GB,instagram
#1014,2025-10-15 19:54:44,CUST-00103,luis.wolf913@example.com,Walnut Serving Board,Large,1,54.19,0.0,54.19,paid,US,online_store
#1014,2025-10-15 19:54:44,CUST-00103,luis.wolf913@example.com,Aurora Ceramic Mug,Sage / 350ml,2,17.89,0.0,35.78,paid,US,online_store
#3300,2025-10-15 22:53:47,CUST-00421,tom.weber141@example.com,Aurora Ceramic Mug,Sage / 350ml,1,17.74,0.0,17.74,paid,DE,instagram
#2229,2025-10-16 09:42:40,CUST-01613,lena.schmidt731@example.com,Soy Wax Candle — Cedar,Single,3,23.44,0.0,,paid,FR,online_store
#3962,2025-10-16 09:44:34,CUST-01511,erik.koch998@example.com,Merino Wool Beanie,Forest,1,31.75,0.0,31.75,paid,US,online_store
#1047,2025-10-16 11:04:42,CUST-01340,laura.becker380@example.com,Soy Wax Candle — Cedar,Single,1,24.7,0.0,24.7,paid,GB,online_store
#2680,2025-10-16 11:18:47,CUST-00265,erik.schmidt279@example.com,Botanical Print A3,Olive,1,28.43,0.0,28.43,paid,US,online_store
#1029,2025-10-16 13:14:16,CUST-01055,mia.mueller214@example.com,Stoneware Dinner Plate Set,Set of 4,1,98.46,0.0,98.46,paid,GB,online_store
#1555,2025-10-16 13:14:51,CUST-00193,lena.fischer993@example.com,Recycled Glass Vase,Amber,1,42.11,0.0,42.11,paid,DE,online_store
#2180,2025-10-16 17:45:59,CUST-00626,paul.hartmann536@example.com,Stoneware Dinner Plate Set,Set of 6,2,97.63,0.0,195.26,paid,US,online_store
#2180,2025-10-16 17:45:59,CUST-00626,paul.hartmann536@example.com,Stoneware Dinner Plate Set,Set of 4,1,93.77,0.0,93.77,paid,US,online_store
#3850,2025-10-16 18:45:56,CUST-00822,marie.wolf56@example.com,Merino Wool Beanie,Oat,2,32.21,0.0,64.42,paid,NL,online_store
#3387,2025-10-16 20:22:10,CUST-01090,felix.becker632@example.com,Aurora Ceramic Mug,Sage / 350ml,1,18.11,0.0,18.11,paid,NL,instagram
#3175,2025-10-16 21:50:54,CUST-01400,max.schmidt543@example.com,Aurora Ceramic Mug,White / 350ml,1,17.8,0.0,17.8,paid,GB,online_store
#3674,2025-10-16 23:26:45,CUST-00103,luis.wolf913@example.com,Botanical Print A3,Fern,1,27.67,0.0,27.67,paid,US,online_store
#3674,2025-10-16 23:26:45,CUST-00103,luis.wolf913@example.com,Linen Throw Blanket,Rust,1,79.13,0.0,79.13,paid,US,online_store
#1125,2025-10-17 10:50:30,CUST-01339,marie.mueller475@example.com,Soy Wax Candle — Cedar,Set of 3,1,24.39,0.0,24.39,paid,FR,online_store
#2816,2025-10-17 11:19:45,CUST-00750,clara.braun873@example.com,Stoneware Dinner Plate Set,Set of 6,1,95.28,0.0,95.28,paid,US,online_store
#2187,2025-10-17 12:39:40,CUST-00014,laura.richter656@example.com,Aurora Ceramic Mug,Black / 350ml,2,17.95,0.0,35.9,paid,GB,pos
#3566,2025-10-17 13:11:26,CUST-00068,emma.wolf653@example.com,Merino Wool Beanie,Oat,2,32.52,11.49,53.55,paid,CH,online_store
#3137,2025-10-17 13:21:06,CUST-00375,clara.hoffmann427@example.com,Organic Cotton Tote,Cream,1,15.44,0.0,15.44,paid,GB,online_store
#3137,2025-10-17 13:21:06,CUST-00375,clara.hoffmann427@example.com,Stoneware Dinner Plate Set,Set of 6,1,93.17,0.0,93.17,paid,GB,online_store
#1374,2025-10-17 13:28:48,CUST-00291,noah.wolf87@example.com,Aurora Ceramic Mug,Black / 350ml,1,18.07,3.46,14.61,paid,US,draft_order
#4183,2025-10-17 14:08:12,CUST-01069,julia.wagner310@example.com,Linen Throw Blanket,Natural,1,77.97,0.0,77.97,paid,DE,online_store
#1453,2025-10-17 15:13:12,CUST-01081,liam.schwarz771@example.com,Walnut Serving Board,Small,2,52.61,0.0,105.22,paid,GB,online_store
#1051,2025-10-17 15:50:26,CUST-01061,paul.braun785@example.com,Linen Throw Blanket,Rust,1,80.93,0.0,80.93,paid,GB,online_store
#2090,2025-10-17 16:13:48,CUST-00801,lena.becker916@example.com,Soy Wax Candle — Cedar,Single,1,24.59,0.0,24.59,paid,US,online_store
#2090,2025-10-17 16:13:48,CUST-00801,lena.becker916@example.com,Brass Pour-Over Stand,Standard,1,66.91,0.0,66.91,paid,US,online_store
#2577,2025-10-17 17:50:51,CUST-01081,liam.schwarz771@example.com,Linen Throw Blanket,Natural,1,80.3,0.0,80.3,paid,GB,online_store
#3627,2025-10-17 18:08:26,CUST-01033,max.schmidt224@example.com,Merino Wool Beanie,Oat,2,32.95,0.0,65.9,paid,CH,online_store
#1126,2025-10-17 19:27:30,CUST-01125,emma.richter228@example.com,Stoneware Dinner Plate Set,Set of 6,1,95.98,0.0,95.98,paid,FR,online_store
#1126,2025-10-17 19:27:30,CUST-01125,emma.richter228@example.com,Linen Throw Blanket,Charcoal,1,80.52,0.0,80.52,paid,FR,online_store
#1234,2025-10-18 10:11:32,CUST-01177,max.fischer288@example.com,Aurora Ceramic Mug,Black / 350ml,1,18.01,0.0,18.01,paid,NL,online_store
#1234,2025-10-18 10:11:32,CUST-01177,max.fischer288@example.com,Organic Cotton Tote,Cream,1,14.9,0.0,14.9,paid,NL,online_store
#3615,2025-10-18 10:30:45,CUST-00719,julia.braun704@example.com,Linen Throw Blanket,Charcoal,1,76.93,0.0,76.93,paid,NL,online_store
#3409,2025-10-18 11:00:02,CUST-00340,laura.krueger396@example.com,Soy Wax Candle — Cedar,Set of 3,1,24.13,0.0,24.13,paid,DE,online_store
#4437,2025-10-18 11:00:42,CUST-00877,mia.neumann109@example.com,Walnut Serving Board,Small,3,54.34,0.0,163.02,refunded,DE,online_store
#4437,2025-10-18 11:00:42,CUST-00877,mia.neumann109@example.com,Aurora Ceramic Mug,Sage / 350ml,1,18.52,0.0,18.52,refunded,DE,online_store
#4437,2025-10-18 11:00:42,CUST-00877,mia.neumann109@example.com,Botanical Print A3,Eucalyptus,1,27.68,0.0,27.68,refunded,DE,online_store
#2060,2025-10-18 11:57:20,CUST-01199,luis.fischer774@example.com,Botanical Print A3,Fern,2,27.7,0.0,55.4,paid,FR,online_store
#1564,2025-10-18 12:47:13,CUST-00153,felix.fischer122@example.com,Merino Wool Beanie,Black,1,31.39,0.0,31.39,paid,US,online_store
#2021,2025-10-18 12:57:24,CUST-00424,anna.klein930@example.com,Soy Wax Candle — Cedar,Single,1,23.57,0.0,23.57,paid,FR,online_store
#1798,2025-10-18 14:16:26,CUST-00159,erik.hartmann238@example.com,Aurora Ceramic Mug,Sage / 350ml,1,18.04,0.0,18.04,paid,DE,instagram
#2527,2025-10-18 14:26:00,CUST-01396,clara.hartmann838@example.com,Merino Wool Beanie,Forest,1,32.25,0.0,32.25,paid,DE,online_store
#2527,2025-10-18 14:26:00,CUST-01396,clara.hartmann838@example.com,Linen Throw Blanket,Charcoal,1,78.82,0.0,78.82,paid,DE,online_store
#2947,2025-10-18 14:31:57,CUST-00230,jonas.neumann703@example.com,Recycled Glass Vase,Amber,1,42.16,0.0,42.16,pending,US,online_store
#1976,2025-10-18 15:37:38,CUST-00019,luis.richter439@example.com,Linen Throw Blanket,Rust,1,78.07,0.0,78.07,paid,AT,instagram
#1317,2025-10-18 16:10:54,CUST-00218,lena.koch742@example.com,Walnut Serving Board,Small,1,54.73,0.0,54.73,paid,GB,online_store
#1046,2025-10-18 16:40:12,CUST-01006,lena.wagner175@example.com,Aurora Ceramic Mug,Sage / 350ml,1,17.48,0.0,17.48,paid,DE,draft_order
#4111,2025-10-18 16:52:34,CUST-00121,mia.schmidt973@example.com,Organic Cotton Tote,Navy,2,14.95,0.0,29.9,paid,DE,instagram
#4111,2025-10-18 16:52:34,CUST-00121,mia.schmidt973@example.com,Stoneware Dinner Plate Set,Set of 4,2,93.7,0.0,187.4,paid,DE,instagram
#4321,2025-10-18 17:47:06,CUST-01653,mia.hoffmann555@example.com,Linen Throw Blanket,Rust,1,77.25,0.0,77.25,paid,GB,instagram
#1744,2025-10-18 18:43:09,CUST-00153,felix.fischer122@example.com,Recycled Glass Vase,Amber,2,42.24,17.16,67.32,paid,US,online_store
#3167,2025-10-18 18:47:07,CUST-00694,lena.wolf244@example.com,Walnut Serving Board,Small,1,53.28,0.0,53.28,paid,US,online_store
#1958,2025-10-18 18:59:34,CUST-01310,liam.becker627@example.com,Organic Cotton Tote,Cream,1,15.12,0.0,15.12,refunded,CH,online_store
#1958,2025-10-18 18:59:34,CUST-01310,liam.becker627@example.com,Organic Cotton Tote,Cream,3,15.34,0.0,46.02,refunded,CH,online_store
#2033,2025-10-18 19:37:08,CUST-00068,emma.wolf653@example.com,Botanical Print A3,Olive,1,27.31,0.0,27.31,paid,CH,online_store
#1809,2025-10-18 21:26:13,CUST-00063,emma.klein107@example.com,Linen Throw Blanket,Natural,1,79.8,0.0,79.8,paid,AT,online_store
#2426,2025-10-18 21:32:51,CUST-01339,marie.mueller475@example.com,Linen Throw Blanket,Rust,3,78.27,24.23,210.58,paid,FR,draft_order
#2426,2025-10-18 21:32:51,CUST-01339,marie.mueller475@example.com,Botanical Print A3,Fern,1,28.39,4.16,24.23,paid,FR,draft_order
#4270,2025-10-18 22:18:21,CUST-01328,ben.becker226@example.com,Botanical Print A3,Olive,1,28.25,0.0,28.25,paid,AT,online_store
#4095,2025-10-19 07:19:31,CUST-01235,liam.hartmann116@example.com,Linen Throw Blanket,Rust,1,79.98,0.0,79.98,paid,GB,online_store
#4095,2025-10-19 07:19:31,CUST-01235,liam.hartmann116@example.com,Botanical Print A3,Olive,1,27.17,0.0,27.17,paid,GB,online_store
#1168,2025-10-19 09:24:15,CUST-00928,julia.braun621@example.com,Merino Wool Beanie,Forest,1,32.66,0.0,32.66,paid,DE,online_store
#3754,2025-10-19 12:19:08,CUST-00750,clara.braun873@example.com,Aurora Ceramic Mug,Black / 350ml,2,18.18,4.06,32.3,paid,US,online_store
#2292,2025-10-19 12:58:01,CUST-01056,mia.krueger63@example.com,Linen Throw Blanket,Rust,1,76.85,0.0,76.85,paid,US,instagram
#1034,2025-10-19 14:01:36,CUST-01297,felix.weber175@example.com,Stoneware Dinner Plate Set,Set of 6,1,96.62,0.0,96.62,refunded,NL,pos
#3101,2025-10-19 14:10:40,CUST-01616,emma.richter626@example.com,Soy Wax Candle — Cedar,Set of 3,2,24.0,0.0,48.0,pending,AT,online_store
#3101,2025-10-19 14:10:40,CUST-01616,emma.richter626@example.com,Brass Pour-Over Stand,Standard,2,67.86,0.0,135.72,pending,AT,online_store
#2929,2025-10-19 14:15:40,CUST-01587,sofia.hartmann238@example.com,Walnut Serving Board,Large,3,54.74,0.0,164.22,refunded,US,online_store
#2929,2025-10-19 14:15:40,CUST-01587,sofia.hartmann238@example.com,Aurora Ceramic Mug,Sage / 350ml,1,17.67,0.0,17.67,refunded,US,online_store
#3940,2025-10-19 18:19:41,CUST-01220,max.fischer627@example.com,Aurora Ceramic Mug,Black / 350ml,2,18.38,0.0,36.76,paid,CH,online_store
#1528,2025-10-19 22:44:49,CUST-00880,laura.klein148@example.com,Soy Wax Candle — Cedar,Single,1,23.64,5.22,18.42,paid,DE,online_store
#3416,2025-10-19 23:27:10,CUST-00877,mia.neumann109@example.com,Brass Pour-Over Stand,Standard,1,67.29,12.01,55.28,paid,DE,online_store
#3416,2025-10-19 23:27:10,CUST-00877,mia.neumann109@example.com,Merino Wool Beanie,Oat,1,31.37,7.34,24.03,paid,DE,online_store
#2038,2025-10-19 23:28:36,CUST-00398,anna.wolf632@example.com,Aurora Ceramic Mug,White / 350ml,3,17.96,0.0,53.88,paid,FR,online_store
#2038,2025-10-19 23:28:36,CUST-00398,anna.wolf632@example.com,Merino Wool Beanie,Black,1,31.92,0.0,31.92,paid,FR,online_store
#2038,2025-10-19 23:28:36,CUST-00398,anna.wolf632@example.com,Brass Pour-Over Stand,Standard,2,66.29,0.0,132.58,paid,FR,online_store
#2996,2025-10-20 08:31:56,CUST-00014,laura.richter656@example.com,Soy Wax Candle — Cedar,Set of 3,1,24.57,0.0,24.57,paid,GB,online_store
#1484,2025-10-20 10:45:28,CUST-01199,luis.fischer774@example.com,Walnut Serving Board,Small,1,53.09,0.0,53.09,paid,FR,online_store
#4050,2025-10-20 11:26:02,CUST-00887,liam.krueger75@example.com,Walnut Serving Board,Large,2,53.35,0.0,106.7,paid,DE,online_store
#4050,2025-10-20 11:26:02,CUST-00887,liam.krueger75@example.com,Walnut Serving Board,Large,2,52.99,0.0,105.98,paid,DE,online_store
#4050,2025-10-20 11:26:02,CUST-00887,liam.krueger75@example.com,Botanical Print A3,Eucalyptus,1,28.45,0.0,28.45,paid,DE,online_store
#4050,2025-10-20 11:26:02,CUST-00887,liam.krueger75@example.com,Botanical Print A3,Eucalyptus,1,28.45,0.0,28.45,paid,DE,online_store
#1993,2025-10-20 16:02:07,CUST-00760,luis.hartmann688@example.com,Organic Cotton Tote,Cream,1,14.58,0.0,14.58,paid,US,draft_order
#1993,2025-10-20 16:02:07,CUST-00760,luis.hartmann688@example.com,Aurora Ceramic Mug,Sage / 350ml,1,17.89,0.0,17.89,paid,US,draft_order
#1993,2025-10-20 16:02:07,CUST-00760,luis.hartmann688@example.com,Aurora Ceramic Mug,Sage / 350ml,1,18.48,0.0,18.48,paid,US,draft_order
#2260,2025-10-20 17:14:17,CUST-00103,luis.wolf913@example.com,Walnut Serving Board,Small,1,53.84,0.0,53.84,paid,US,pos
#2294,2025-10-20 17:55:43,CUST-01425,max.schwarz527@example.com,Linen Throw Blanket,Natural,2,79.07,0.0,158.14,pending,DE,online_store
#2294,2025-10-20 17:55:43,CUST-01425,max.schwarz527@example.com,Soy Wax Candle — Cedar,Single,1,24.38,0.0,24.38,pending,,online_store
#1229,2025-10-20 18:14:29,CUST-00473,liam.braun571@example.com,Soy Wax Candle — Cedar,Set of 3,1,23.39,0.0,23.39,paid,US,draft_order
#1229,2025-10-20 18:14:29,CUST-00473,liam.braun571@example.com,Aurora Ceramic Mug,Black / 350ml,1,18.11,0.0,18.11,paid,US,draft_order
#1172,2025-10-20 18:39:50,CUST-01339,marie.mueller475@example.com,Aurora Ceramic Mug,Black / 350ml,2,18.27,0.0,36.54,paid,FR,online_store
#2190,2025-10-21 04:34:13,CUST-00586,ben.schwarz649@example.com,Soy Wax Candle — Cedar,Single,1,24.07,0.0,24.07,paid,FR,online_store
#1181,2025-10-21 05:42:30,CUST-00675,nina.koch103@example.com,Recycled Glass Vase,Amber,1,40.74,0.0,40.74,paid,DE,online_store
#1181,2025-10-21 05:42:30,CUST-00675,nina.koch103@example.com,Aurora Ceramic Mug,White / 350ml,1,17.51,0.0,17.51,paid,DE,online_store
#1181,2025-10-21 05:42:30,CUST-00675,nina.koch103@example.com,Soy Wax Candle — Cedar,Single,1,24.71,0.0,24.71,paid,DE,online_store
#1530,2025-10-21 06:14:27,CUST-01598,liam.richter874@example.com,Soy Wax Candle — Cedar,Single,1,23.95,0.0,23.95,paid,GB,online_store
#2458,2025-10-21 12:26:50,CUST-00146,nina.klein853@example.com,Aurora Ceramic Mug,Black / 350ml,1,18.49,0.0,18.49,paid,DE,online_store
#1336,2025-10-21 12:56:30,CUST-00050,luis.hartmann304@example.com,Walnut Serving Board,Small,1,52.43,0.0,52.43,paid,DE,pos
#1336,2025-10-21 12:56:30,CUST-00050,luis.hartmann304@example.com,Organic Cotton Tote,Cream,1,15.44,0.0,15.44,paid,DE,pos
#2513,2025-10-21 15:14:05,CUST-01250,liam.wolf991@example.com,Linen Throw Blanket,Natural,1,78.2,0.0,78.2,paid,DE,draft_order
#2513,2025-10-21 15:14:05,CUST-01250,liam.wolf991@example.com,Organic Cotton Tote,Navy,1,14.96,0.0,14.96,paid,DE,draft_order
#2513,2025-10-21 15:14:05,CUST-01250,liam.wolf991@example.com,Soy Wax Candle — Cedar,Single,1,23.36,0.0,23.36,paid,DE,draft_order
#4047,2025-10-21 17:02:08,CUST-00811,julia.koch686@example.com,Organic Cotton Tote,Navy,2,15.03,0.0,30.06,paid,NL,instagram
#1900,2025-10-21 18:35:07,CUST-01113,lena.hoffmann317@example.com,Soy Wax Candle — Cedar,Set of 3,1,24.24,0.0,24.24,paid,GB,draft_order
#2984,2025-10-21 18:39:18,CUST-00662,mia.richter77@example.com,Aurora Ceramic Mug,Black / 350ml,1,18.31,2.39,15.92,paid,DE,online_store
#2984,2025-10-21 18:39:18,CUST-00662,mia.richter77@example.com,Soy Wax Candle — Cedar,Set of 3,1,24.04,4.2,19.84,paid,DE,online_store
#3492,2025-10-21 18:50:23,CUST-00394,noah.wagner404@example.com,Linen Throw Blanket,Rust,1,77.55,0.0,77.55,paid,US,instagram
#3134,2025-10-21 19:40:03,CUST-00131,ben.neumann849@example.com,Soy Wax Candle — Cedar,Set of 3,1,24.6,0.0,24.6,paid,US,online_store
#3351,2025-10-21 19:40:06,CUST-00351,lena.krueger381@example.com,Botanical Print A3,Fern,1,27.96,0.0,27.96,paid,US,instagram
#1258,2025-10-21 20:03:39,CUST-00754,anna.richter883@example.com,Stoneware Dinner Plate Set,Set of 6,2,94.7,0.0,189.4,paid,DE,online_store
#3602,2025-10-22 06:41:30,CUST-00212,lena.weber662@example.com,Soy Wax Candle — Cedar,Set of 3,2,23.62,0.0,47.24,paid,DE,online_store
#3154,2025-10-22 08:38:10,CUST-00214,felix.wolf180@example.com,Organic Cotton Tote,Navy,1,15.33,0.0,15.33,paid,DE,online_store
#2655,2025-10-22 09:47:51,CUST-00950,erik.schmidt840@example.com,Organic Cotton Tote,Cream,1,14.62,1.48,13.14,paid,DE,instagram
#1701,2025-10-22 11:51:45,CUST-01470,luis.becker643@example.com,Aurora Ceramic Mug,Black / 350ml,2,17.83,0.0,35.66,paid,FR,pos
#1429,2025-10-22 13:07:41,CUST-00430,tom.wagner480@example.com,Soy Wax Candle — Cedar,Single,1,23.34,0.0,23.34,paid,DE,online_store
#2024,2025-10-22 13:17:35,CUST-00518,felix.krueger277@example.com,Aurora Ceramic Mug,Black / 350ml,1,17.9,0.0,17.9,paid,DE,online_store
#3147,2025-10-22 14:37:55,CUST-01250,liam.wolf991@example.com,Merino Wool Beanie,Oat,1,32.96,0.0,32.96,paid,DE,online_store
#2991,2025-10-22 15:09:24,CUST-00368,liam.weber312@example.com,Soy Wax Candle — Cedar,Set of 3,1,23.46,0.0,23.46,paid,DE,online_store
#2991,2025-10-22 15:09:24,CUST-00368,liam.weber312@example.com,Aurora Ceramic Mug,Black / 350ml,1,18.01,0.0,18.01,paid,DE,online_store
#4464,2025-10-22 15:34:05,CUST-00853,marie.becker77@example.com,Botanical Print A3,Olive,1,28.8,0.0,28.8,paid,DE,online_store
#1402,2025-10-22 15:51:32,CUST-01413,ben.weber794@example.com,Recycled Glass Vase,Smoke,1,41.97,0.0,41.97,paid,US,instagram
#3612,2025-10-22 16:48:10,CUST-00961,felix.wolf823@example.com,Linen Throw Blanket,Rust,1,80.12,0.0,80.12,refunded,US,draft_order
#3169,2025-10-22 17:12:56,CUST-01165,jonas.klein2@example.com,Stoneware Dinner Plate Set,Set of 4,1,95.4,0.0,95.4,refunded,DE,online_store
#4243,2025-10-22 18:54:36,CUST-00671,luis.mueller801@example.com,Soy Wax Candle — Cedar,Single,1,24.4,5.41,18.99,paid,FR,online_store
#4243,2025-10-22 18:54:36,CUST-00671,luis.mueller801@example.com,Organic Cotton Tote,Cream,1,15.43,3.38,12.05,paid,FR,online_store
#4243,2025-10-22 18:54:36,CUST-00671,luis.mueller801@example.com,Merino Wool Beanie,Forest,1,31.82,6.73,25.09,paid,FR,online_store
#2850,2025-10-22 18:59:51,CUST-00797,mia.weber660@example.com,Brass Pour-Over Stand,Standard,2,69.31,30.67,107.95,paid,DE,online_store
#1980,2025-10-22 20:44:29,CUST-01064,paul.krueger925@example.com,Soy Wax Candle — Cedar,Single,2,23.33,0.0,46.66,paid,DE,instagram
#1843,2025-10-22 22:03:23,CUST-00468,nina.becker438@example.com,Recycled Glass Vase,Amber,1,41.64,0.0,41.64,paid,US,online_store
#4375,2025-10-23 08:19:33,CUST-00312,julia.braun837@example.com,Linen Throw Blanket,Charcoal,1,81.13,0.0,81.13,paid,DE,online_store
#4375,2025-10-23 08:19:33,CUST-00312,julia.braun837@example.com,Aurora Ceramic Mug,White / 350ml,1,17.85,0.0,17.85,paid,DE,online_store
#3441,2025-10-23 12:21:15,CUST-00353,clara.koch27@example.com,Botanical Print A3,Eucalyptus,1,27.53,0.0,27.53,paid,FR,online_store
#3441,2025-10-23 12:21:15,CUST-00353,clara.koch27@example.com,Soy Wax Candle — Cedar,Single,1,24.54,0.0,24.54,paid,FR,online_store
#2801,2025-10-23 14:33:46,CUST-01594,sofia.schmidt368@example.com,Soy Wax Candle — Cedar,Set of 3,1,23.3,0.0,23.3,paid,AT,online_store
#4056,2025-10-23 14:40:11,CUST-00722,paul.hoffmann130@example.com,Walnut Serving Board,Large,1,53.37,0.0,53.37,paid,DE,instagram
#4056,2025-10-23 14:40:11,CUST-00722,paul.hoffmann130@example.com,Organic Cotton Tote,Cream,1,15.39,0.0,15.39,paid,DE,instagram
#4056,2025-10-23 14:40:11,CUST-00722,paul.hoffmann130@example.com,Organic Cotton Tote,Navy,1,15.03,0.0,15.03,paid,DE,instagram
#4250,2025-10-23 14:43:06,CUST-01276,marie.richter75@example.com,Soy Wax Candle — Cedar,Set of 3,2,24.53,0.0,49.06,paid,DE,online_store
#4250,2025-10-23 14:43:06,CUST-01276,marie.richter75@example.com,Aurora Ceramic Mug,Black / 350ml,1,18.49,0.0,18.49,paid,DE,online_store
#4250,2025-10-23 14:43:06,CUST-01276,marie.richter75@example.com,Soy Wax Candle — Cedar,Single,1,23.82,0.0,23.82,paid,DE,online_store
#4234,2025-10-23 14:52:36,CUST-00904,erik.becker144@example.com,Soy Wax Candle — Cedar,Set of 3,1,24.11,4.01,20.1,paid,US,online_store
#3989,2025-10-23 15:19:47,CUST-01617,laura.krueger909@example.com,Merino Wool Beanie,Oat,1,31.76,0.0,31.76,paid,US,draft_order
#2009,2025-10-23 15:31:27,CUST-00675,nina.koch103@example.com,Walnut Serving Board,Small,1,55.42,0.0,55.42,refunded,DE,draft_order
#3272,2025-10-23 16:01:28,CUST-01441,tom.mueller392@example.com,Organic Cotton Tote,Navy,1,15.4,2.66,12.74,paid,GB,pos
#3936,2025-10-23 16:47:05,CUST-00782,sofia.becker941@example.com,Merino Wool Beanie,Oat,2,32.13,0.0,64.26,paid,NL,online_store
#2557,2025-10-23 17:42:33,CUST-01155,erik.becker768@example.com,Botanical Print A3,Olive,1,28.15,0.0,28.15,refunded,GB,online_store
#2356,2025-10-23 18:16:06,CUST-00332,mia.neumann673@example.com,Soy Wax Candle — Cedar,Set of 3,1,24.17,0.0,24.17,paid,GB,online_store
#2356,2025-10-23 18:16:06,CUST-00332,mia.neumann673@example.com,Soy Wax Candle — Cedar,Set of 3,1,24.52,0.0,24.52,paid,GB,online_store
#2356,2025-10-23 18:16:06,CUST-00332,mia.neumann673@example.com,Stoneware Dinner Plate Set,Set of 4,3,95.13,0.0,285.39,paid,GB,online_store
#3516,2025-10-23 18:52:40,CUST-00394,noah.wagner404@example.com,Merino Wool Beanie,Black,1,32.7,0.0,32.7,refunded,US,online_store
#4073,2025-10-23 19:02:58,CUST-00868,mia.weber980@example.com,Aurora Ceramic Mug,Black / 350ml,1,17.77,3.77,14.0,paid,FR,online_store
#4073,2025-10-23 19:02:58,CUST-00868,mia.weber980@example.com,Brass Pour-Over Stand,Standard,1,69.3,16.91,52.39,paid,FR,online_store
#3361,2025-10-24 12:02:03,CUST-00146,nina.klein853@example.com,Recycled Glass Vase,Amber,1,42.65,0.0,42.65,paid,DE,pos
#3361,2025-10-24 12:02:03,CUST-00146,nina.klein853@example.com,Organic Cotton Tote,Navy,2,14.55,0.0,29.1,paid,DE,pos
#3526,2025-10-24 12:26:10,CUST-01090,felix.becker632@example.com,Merino Wool Beanie,Black,1,32.84,0.0,32.84,paid,NL,online_store
#1359,2025-10-24 13:24:06,CUST-01396,clara.hartmann838@example.com,Botanical Print A3,Eucalyptus,1,28.55,0.0,28.55,paid,DE,instagram
#1359,2025-10-24 13:24:06,CUST-01396,clara.hartmann838@example.com,Soy Wax Candle — Cedar,Set of 3,1,24.24,0.0,24.24,paid,DE,instagram
#2775,2025-10-24 13:35:57,CUST-01103,noah.wolf612@example.com,Walnut Serving Board,Large,1,55.1,0.0,55.1,refunded,US,instagram
#2775,2025-10-24 13:35:57,CUST-01103,noah.wolf612@example.com,Organic Cotton Tote,Navy,1,14.65,0.0,14.65,refunded,US,instagram
#3918,2025-10-24 17:37:19,CUST-00471,laura.becker485@example.com,Aurora Ceramic Mug,Black / 350ml,1,18.12,0.0,18.12,paid,DE,online_store
#3918,2025-10-24 17:37:19,CUST-00471,laura.becker485@example.com,Soy Wax Candle — Cedar,Single,2,24.24,0.0,48.48,paid,DE,online_store
#2832,2025-10-24 20:32:26,CUST-01557,julia.wolf693@example.com,Recycled Glass Vase,Amber,1,42.1,0.0,42.1,paid,DE,instagram
#4268,2025-10-25 06:43:05,CUST-00398,anna.wolf632@example.com,Stoneware Dinner Plate Set,Set of 4,2,97.46,0.0,194.92,paid,FR,online_store
#4268,2025-10-25 06:43:05,CUST-00398,anna.wolf632@example.com,Aurora Ceramic Mug,White / 350ml,1,18.41,0.0,18.41,paid,FR,online_store
#4268,2025-10-25 06:43:05,CUST-00398,anna.wolf632@example.com,Organic Cotton Tote,Cream,1,15.29,0.0,15.29,paid,FR,online_store
#3367,2025-10-25 08:31:59,CUST-00478,luis.hoffmann891@example.com,Soy Wax Candle — Cedar,Single,1,24.67,6.04,18.63,paid,AT,draft_order
#1992,2025-10-25 08:41:33,CUST-00933,ben.koch494@example.com,Merino Wool Beanie,Oat,1,32.43,0.0,32.43,paid,FR,instagram
#1992,2025-10-25 08:41:33,CUST-00933,ben.koch494@example.com,Merino Wool Beanie,Oat,2,32.3,0.0,64.6,paid,FR,instagram
#2245,2025-10-25 10:46:05,CUST-00582,noah.wagner805@example.com,Botanical Print A3,Olive,1,28.46,4.46,24.0,paid,US,online_store
#1293,2025-10-25 11:09:29,CUST-01415,julia.schmidt931@example.com,Soy Wax Candle — Cedar,Single,1,24.1,0.0,24.1,paid,DE,online_store
#1708,2025-10-25 11:38:16,CUST-00417,marie.richter220@example.com,Walnut Serving Board,Small,1,55.38,13.66,41.72,paid,DE,online_store
#2315,2025-10-25 11:51:36,CUST-00840,max.wagner666@example.com,Botanical Print A3,Fern,1,27.79,0.0,27.79,pending,CH,online_store
#1760,2025-10-25 13:45:09,CUST-00833,liam.braun495@example.com,Walnut Serving Board,Small,1,53.18,0.0,53.18,paid,AT,online_store
#1760,2025-10-25 13:45:09,CUST-00833,liam.braun495@example.com,Stoneware Dinner Plate Set,Set of 6,1,98.69,0.0,98.69,paid,AT,online_store
#3799,2025-10-25 14:24:59,CUST-00864,erik.koch699@example.com,Botanical Print A3,Fern,2,28.1,0.0,56.2,paid,AT,online_store
#3799,2025-10-25 14:24:59,CUST-00864,erik.koch699@example.com,Recycled Glass Vase,Smoke,2,42.92,0.0,85.84,paid,AT,online_store
#1283,2025-10-25 14:25:51,CUST-01334,liam.schmidt752@example.com,Aurora Ceramic Mug,Black / 350ml,1,18.18,0.0,18.18,paid,FR,online_store
#1042,2025-10-25 15:25:54,CUST-00284,nina.wolf643@example.com,Stoneware Dinner Plate Set,Set of 4,1,95.78,0.0,95.78,paid,DE,online_store
#2541,2025-10-25 15:29:19,CUST-00957,luis.klein573@example.com,Organic Cotton Tote,Cream,1,14.8,0.0,14.8,paid,AT,online_store
#3955,2025-10-25 16:32:40,CUST-00279,anna.becker649@example.com,Walnut Serving Board,Small,2,53.17,0.0,106.34,paid,DE,pos
#4129,2025-10-25 16:57:04,CUST-01102,laura.koch521@example.com,Merino Wool Beanie,Black,1,32.06,0.0,32.06,paid,CH,online_store
#2546,2025-10-25 17:31:42,CUST-01560,felix.wagner701@example.com,Merino Wool Beanie,Black,2,31.97,0.0,63.94,paid,AT,online_store
#2546,2025-10-25 17:31:42,CUST-01560,felix.wagner701@example.com,Organic Cotton Tote,Cream,2,15.2,0.0,30.4,paid,AT,online_store
#3015,2025-10-25 17:44:21,CUST-00658,felix.richter179@example.com,Merino Wool Beanie,Forest,1,31.14,0.0,31.14,paid,DE,instagram
#4353,2025-10-25 18:24:25,CUST-01483,erik.klein923@example.com,Aurora Ceramic Mug,White / 350ml,3,18.09,0.0,54.27,paid,CH,online_store
#3735,2025-10-25 20:22:41,CUST-01125,emma.richter228@example.com,Organic Cotton Tote,Cream,1,14.8,0.0,14.8,pending,FR,online_store
#1264,2025-10-26 06:01:55,CUST-00573,max.schmidt452@example.com,Walnut Serving Board,Large,3,55.42,0.0,166.26,paid,US,online_store
#2736,2025-10-26 09:22:38,CUST-01137,luis.wagner332@example.com,Aurora Ceramic Mug,White / 350ml,1,18.28,0.0,18.28,paid,US,instagram
#2556,2025-10-26 09:55:32,CUST-00500,nina.koch232@example.com,Soy Wax Candle — Cedar,Single,1,23.32,0.0,23.32,paid,DE,online_store
#3991,2025-10-26 11:38:23,CUST-01159,anna.braun713@example.com,Aurora Ceramic Mug,Sage / 350ml,1,18.33,0.0,18.33,paid,DE,online_store
#2958,2025-10-26 11:45:15,CUST-00961,felix.wolf823@example.com,Recycled Glass Vase,Amber,1,41.37,0.0,41.37,paid,US,online_store
#2141,2025-10-26 12:23:23,CUST-01282,tom.weber958@example.com,Recycled Glass Vase,Amber,1,41.72,0.0,41.72,pending,CH,online_store
#2266,2025-10-26 12:50:43,CUST-01130,erik.schmidt463@example.com,Botanical Print A3,Fern,2,27.57,0.0,55.14,pending,US,online_store
#3539,2025-10-26 14:51:45,CUST-01273,clara.becker504@example.com,Linen Throw Blanket,Charcoal,1,77.01,0.0,77.01,paid,CH,online_store
#4131,2025-10-26 15:02:06,CUST-01655,noah.becker282@example.com,Soy Wax Candle — Cedar,Set of 3,1,23.47,0.0,23.47,paid,FR,instagram
#2913,2025-10-26 15:23:20,CUST-00740,julia.mueller897@example.com,Recycled Glass Vase,Smoke,3,40.82,29.26,93.2,paid,NL,pos
#2913,2025-10-26 15:23:20,CUST-00740,julia.mueller897@example.com,Soy Wax Candle — Cedar,Single,2,24.32,7.24,41.4,paid,NL,pos
#2913,2025-10-26 15:23:20,CUST-00740,julia.mueller897@example.com,Stoneware Dinner Plate Set,Set of 4,1,97.25,21.89,75.36,paid,NL,pos
#1911,2025-10-26 16:02:11,CUST-00140,jonas.hartmann503@example.com,Aurora Ceramic Mug,White / 350ml,1,17.73,0.0,17.73,PAID,US,instagram
#1273,2025-10-26 17:13:21,CUST-01143,paul.wolf676@example.com,Recycled Glass Vase,Amber,1,40.82,4.79,36.03,paid,NL,online_store
#1273,2025-10-26 17:13:21,CUST-01143,paul.wolf676@example.com,Linen Throw Blanket,Rust,1,78.84,11.7,67.14,paid,NL,online_store
#1627,2025-10-26 18:30:17,CUST-01069,julia.wagner310@example.com,Aurora Ceramic Mug,White / 350ml,1,17.97,0.0,17.97,paid,DE,instagram
#4213,2025-10-26 22:43:43,CUST-00353,clara.koch27@example.com,Botanical Print A3,Fern,2,28.01,5.78,50.24,paid,FR,online_store
#3650,2025-10-27 10:23:57,CUST-00679,max.mueller361@example.com,Recycled Glass Vase,Smoke,1,41.79,0.0,41.79,paid,AT,online_store
#3650,2025-10-27 10:23:57,CUST-00679,max.mueller361@example.com,Merino Wool Beanie,Oat,1,31.06,0.0,31.06,paid,AT,online_store
#2685,2025-10-27 11:13:13,CUST-00111,nina.mueller784@example.com,Merino Wool Beanie,Black,2,32.74,0.0,65.48,paid,GB,instagram
#2685,2025-10-27 11:13:13,CUST-00111,nina.mueller784@example.com,Linen Throw Blanket,Charcoal,2,77.41,0.0,154.82,paid,GB,instagram
#3270,2025-10-27 11:23:26,CUST-00023,julia.richter882@example.com,Soy Wax Candle — Cedar,Single,1,23.92,0.0,23.92,paid,AT,draft_order
#3586,2025-10-27 13:25:41,CUST-00397,tom.krueger915@example.com,Aurora Ceramic Mug,Sage / 350ml,1,18.14,0.0,18.14,paid,US,pos
#1824,2025-10-27 14:37:26,CUST-00932,ben.braun45@example.com,Organic Cotton Tote,Cream,1,14.56,0.0,14.56,paid,GB,online_store
#4429,2025-10-27 14:51:27,CUST-00809,lena.hartmann116@example.com,Organic Cotton Tote,Navy,1,14.83,0.0,14.83,paid,AT,online_store
#4429,2025-10-27 14:51:27,CUST-00809,lena.hartmann116@example.com,Soy Wax Candle — Cedar,Single,1,24.43,0.0,24.43,paid,AT,online_store
#2764,2025-10-27 16:39:27,CUST-00146,nina.klein853@example.com,Merino Wool Beanie,Oat,1,32.85,0.0,32.85,paid,DE,online_store
#1847,2025-10-27 17:12:00,CUST-00430,tom.wagner480@example.com,Aurora Ceramic Mug,Sage / 350ml,1,17.9,0.0,17.9,paid,DE,online_store
#3297,2025-10-27 17:38:09,CUST-00416,liam.klein81@example.com,Linen Throw Blanket,Rust,1,78.5,0.0,78.5,paid,US,pos
#2815,2025-10-27 20:14:05,CUST-00838,julia.klein561@example.com,Organic Cotton Tote,Cream,1,14.72,1.65,13.07,paid,NL,online_store
#2457,2025-10-27 20:35:02,CUST-00538,jonas.richter733@example.com,Aurora Ceramic Mug,Sage / 350ml,3,18.11,0.0,54.33,paid,US,pos
#2861,2025-10-27 20:51:08,CUST-00851,marie.koch722@example.com,Stoneware Dinner Plate Set,Set of 4,1,94.1,0.0,94.1,paid,FR,online_store
#1481,2025-10-28 10:59:55,CUST-01399,paul.schmidt430@example.com,Aurora Ceramic Mug,Sage / 350ml,1,18.26,0.0,18.26,paid,GB,online_store
#2303,2025-10-28 13:12:19,CUST-00134,clara.wolf851@example.com,Aurora Ceramic Mug,Sage / 350ml,1,18.31,0.0,18.31,paid,AT,online_store
#3787,2025-10-28 14:22:25,CUST-00289,liam.krueger586@example.com,Aurora Ceramic Mug,White / 350ml,1,17.66,0.0,17.66,paid,GB,online_store
#2227,2025-10-28 15:20:51,CUST-00090,felix.wagner681@example.com,Organic Cotton Tote,Navy,1,14.56,0.0,14.56,paid,AT,draft_order
#3312,2025-10-28 15:31:02,CUST-00885,lena.becker632@example.com,Merino Wool Beanie,Forest,1,31.22,0.0,31.22,paid,NL,online_store
#3312,2025-10-28 15:31:02,CUST-00885,lena.becker632@example.com,Linen Throw Blanket,Natural,2,77.95,0.0,155.9,paid,NL,online_store
#3863,2025-10-28 17:05:05,CUST-01560,felix.wagner701@example.com,Soy Wax Candle — Cedar,Single,2,23.36,5.42,41.3,paid,AT,online_store
#4370,2025-10-28 21:05:02,CUST-01503,anna.krueger781@example.com,Stoneware Dinner Plate Set,Set of 6,1,95.62,0.0,95.62,paid,DE,online_store
#1726,2025-10-29 10:00:40,CUST-01250,liam.wolf991@example.com,Aurora Ceramic Mug,White / 350ml,1,17.88,0.0,17.88,paid,DE,online_store
#1726,2025-10-29 10:00:40,CUST-01250,liam.wolf991@example.com,Merino Wool Beanie,Oat,1,32.22,0.0,32.22,paid,DE,online_store
#4244,2025-10-29 13:09:54,CUST-00382,anna.koch274@example.com,Botanical Print A3,Fern,1,28.15,4.9,23.25,paid,US,online_store
#4027,2025-10-29 13:26:48,CUST-01364,paul.becker293@example.com,Merino Wool Beanie,Black,1,31.44,0.0,31.44,paid,DE,pos
#1863,2025-10-29 15:24:18,CUST-00358,anna.neumann564@example.com,Merino Wool Beanie,Oat,1,31.39,0.0,31.39,paid,US,draft_order
#1661,2025-10-29 15:52:10,CUST-01662,anna.becker60@example.com,Recycled Glass Vase,Amber,1,43.21,0.0,43.21,paid,DE,pos
#1661,2025-10-29 15:52:10,CUST-01662,anna.becker60@example.com,Merino Wool Beanie,Black,2,31.66,0.0,63.32,paid,DE,pos
#4395,2025-10-29 15:59:36,CUST-00933,ben.koch494@example.com,Merino Wool Beanie,Forest,1,31.05,0.0,31.05,paid,FR,online_store
#4395,2025-10-29 15:59:36,CUST-00933,ben.koch494@example.com,Botanical Print A3,Eucalyptus,1,28.65,0.0,28.65,paid,FR,online_store
#3978,2025-10-29 18:36:28,CUST-00396,laura.schmidt141@example.com,Linen Throw Blanket,Natural,1,79.8,0.0,79.8,paid,FR,online_store
#3978,2025-10-29 18:36:28,CUST-00396,laura.schmidt141@example.com,Soy Wax Candle — Cedar,Single,3,23.48,0.0,70.44,paid,FR,online_store
#3978,2025-10-29 18:36:28,CUST-00396,laura.schmidt141@example.com,Brass Pour-Over Stand,Standard,1,66.92,0.0,66.92,paid,FR,online_store
#4412,2025-10-29 19:14:22,CUST-00153,felix.fischer122@example.com,Walnut Serving Board,Large,1,54.54,0.0,54.54,paid,US,online_store
#2218,2025-10-30 10:02:00,CUST-01172,anna.hartmann817@example.com,Botanical Print A3,Fern,1,28.65,0.0,28.65,paid,DE,online_store
#4374,2025-10-30 11:13:34,CUST-00217,felix.wolf480@example.com,Merino Wool Beanie,Oat,1,31.35,0.0,31.35,paid,CH,pos
#1891,2025-10-30 11:48:13,CUST-00005,emma.becker349@example.com,Recycled Glass Vase,Amber,3,41.88,0.0,125.64,paid,DE,online_store
#3304,2025-10-30 14:01:51,CUST-00803,anna.becker410@example.com,Botanical Print A3,Fern,2,27.91,0.0,55.82,paid,CH,online_store
#2402,2025-10-30 15:23:17,CUST-00105,paul.hartmann770@example.com,Aurora Ceramic Mug,Black / 350ml,2,17.75,0.0,35.5,paid,,online_store
#3549,2025-10-30 20:45:22,CUST-01114,julia.wagner931@example.com,Soy Wax Candle — Cedar,Single,1,24.61,0.0,24.61,paid,CH,online_store
#4036,2025-10-30 21:23:55,CUST-00433,sofia.becker655@example.com,Botanical Print A3,Fern,3,27.75,0.0,83.25,refunded,AT,online_store
#4036,2025-10-30 21:23:55,CUST-00433,sofia.becker655@example.com,Soy Wax Candle — Cedar,Set of 3,1,24.7,0.0,24.7,refunded,AT,online_store
#2469,2025-10-30 23:38:45,CUST-00353,clara.koch27@example.com,Organic Cotton Tote,Cream,1,15.41,2.89,12.52,paid,FR,online_store
#3789,2025-10-31 07:29:56,CUST-01271,anna.richter76@example.com,Merino Wool Beanie,Black,1,31.31,0.0,31.31,paid,DE,online_store
#3274,2025-10-31 08:24:06,CUST-00657,mia.koch406@example.com,Soy Wax Candle — Cedar,Single,2,24.01,0.0,48.02,paid,US,online_store
#3474,2025-10-31 11:32:34,CUST-00365,lena.wolf461@example.com,Aurora Ceramic Mug,Sage / 350ml,1,18.0,2.0,,paid,US,draft_order
#2659,2025-10-31 11:45:28,CUST-00378,felix.krueger62@example.com,Botanical Print A3,Olive,1,27.86,0.0,27.86,paid,DE,online_store
#3001,2025-10-31 11:55:26,CUST-00658,felix.richter179@example.com,Soy Wax Candle — Cedar,Single,1,23.87,0.0,23.87,pending,DE,draft_order
#3001,2025-10-31 11:55:26,CUST-00658,felix.richter179@example.com,Recycled Glass Vase,Smoke,1,42.96,0.0,42.96,pending,DE,draft_order
#3889,2025-10-31 12:08:58,CUST-01613,lena.schmidt731@example.com,Organic Cotton Tote,Navy,1,15.36,0.0,15.36,paid,FR,online_store
#3449,2025-10-31 14:35:03,CUST-00074,max.braun768@example.com,Soy Wax Candle — Cedar,Set of 3,3,23.89,0.0,71.67,PENDING,DE,online_store
#3449,2025-10-31 14:35:03,CUST-00074,max.braun768@example.com,Organic Cotton Tote,Cream,1,14.95,0.0,14.95,PENDING,DE,online_store
#2470,2025-10-31 15:08:38,CUST-01381,max.klein896@example.com,Botanical Print A3,Eucalyptus,1,28.28,0.0,28.28,paid,GB,online_store
#2518,2025-10-31 15:18:18,CUST-00665,paul.braun405@example.com,Soy Wax Candle — Cedar,Set of 3,2,23.77,0.0,47.54,paid,US,online_store
#2191,2025-10-31 15:41:37,CUST-01261,nina.hoffmann694@example.com,Aurora Ceramic Mug,Black / 350ml,2,18.22,0.0,36.44,paid,GB,online_store
#4387,2025-10-31 18:19:51,CUST-00954,jonas.mueller89@example.com,Merino Wool Beanie,Black,2,31.21,0.0,62.42,paid,CH,online_store
#1896,2025-10-31 18:20:48,CUST-00354,tom.schwarz121@example.com,Walnut Serving Board,Large,1,54.27,0.0,54.27,paid,DE,online_store
#4195,2025-10-31 21:48:19,CUST-01222,luis.schmidt574@example.com,Linen Throw Blanket,Rust,1,79.06,16.38,62.68,paid,NL,online_store
#3346,2025-11-01 08:34:43,CUST-00401,noah.braun816@example.com,Stoneware Dinner Plate Set,Set of 6,1,96.96,0.0,96.96,paid,AT,online_store
#3346,2025-11-01 08:34:43,CUST-00401,noah.braun816@example.com,Walnut Serving Board,Small,3,53.81,0.0,161.43,paid,AT,online_store
#3346,2025-11-01 08:34:43,CUST-00401,noah.braun816@example.com,Aurora Ceramic Mug,Sage / 350ml,1,18.06,0.0,18.06,paid,,online_store
#4030,2025-11-01 09:19:45,CUST-00074,max.braun768@example.com,Merino Wool Beanie,Black,1,31.83,0.0,31.83,paid,DE,online_store
#4030,2025-11-01 09:19:45,CUST-00074,max.braun768@example.com,Linen Throw Blanket,Natural,1,79.36,0.0,79.36,paid,DE,online_store
#3831,2025-11-01 10:00:53,CUST-01417,noah.hoffmann205@example.com,Botanical Print A3,Olive,1,27.32,0.0,27.32,paid,DE,instagram
#1388,2025-11-01 11:01:27,CUST-01334,liam.schmidt752@example.com,Linen Throw Blanket,Charcoal,1,80.61,0.0,80.61,paid,FR,online_store
#1281,2025-11-01 11:39:38,CUST-01230,ben.krueger713@example.com,Linen Throw Blanket,Charcoal,1,78.24,15.5,62.74,paid,GB,pos
#3694,2025-11-01 12:12:11,CUST-00063,emma.klein107@example.com,Soy Wax Candle — Cedar,Single,1,23.85,4.07,19.78,paid,AT,pos
#3694,2025-11-01 12:12:11,CUST-00063,emma.klein107@example.com,Merino Wool Beanie,Forest,1,31.87,5.19,26.68,paid,AT,pos
#2309,2025-11-01 12:23:01,CUST-00843,felix.braun536@example.com,Linen Throw Blanket,Charcoal,1,79.35,10.15,69.2,paid,DE,online_store
#3102,2025-11-01 12:56:04,CUST-00355,clara.krueger627@example.com,Aurora Ceramic Mug,Sage / 350ml,1,18.33,4.19,14.14,paid,DE,draft_order
#1082,2025-11-01 13:07:07,CUST-00125,noah.mueller590@example.com,Walnut Serving Board,Small,1,53.27,11.28,41.99,paid,GB,online_store
#1979,2025-11-01 13:33:23,CUST-01343,erik.hoffmann83@example.com,Organic Cotton Tote,Navy,1,15.07,1.76,13.31,refunded,GB,instagram
#2573,2025-11-01 13:57:18,CUST-00547,felix.braun88@example.com,Soy Wax Candle — Cedar,Single,2,23.75,0.0,47.5,paid,DE,online_store
#4018,2025-11-01 14:08:32,CUST-01599,julia.weber949@example.com,Merino Wool Beanie,Black,1,31.91,0.0,31.91,paid,AT,online_store
#1018,2025-11-01 15:00:33,CUST-00941,max.richter407@example.com,Merino Wool Beanie,Oat,1,31.42,0.0,31.42,paid,FR,online_store
#3865,2025-11-01 16:13:24,CUST-01428,mia.wolf395@example.com,Recycled Glass Vase,Smoke,3,43.24,17.58,112.14,paid,DE,instagram
#2362,2025-11-01 18:43:50,CUST-00553,luis.braun238@example.com,Aurora Ceramic Mug,White / 350ml,1,17.75,0.0,17.75,paid,FR,online_store
#1974,2025-11-01 19:14:24,CUST-01393,ben.becker705@example.com,Linen Throw Blanket,Charcoal,1,80.11,0.0,80.11,paid,GB,online_store
#4235,2025-11-01 22:20:38,CUST-00228,ben.weber631@example.com,Soy Wax Candle — Cedar,Single,1,24.27,0.0,24.27,paid,,instagram
#1438,2025-11-02 08:22:49,CUST-00448,julia.krueger465@example.com,Soy Wax Candle — Cedar,Set of 3,1,24.55,0.0,24.55,paid,DE,instagram
#1438,2025-11-02 08:22:49,CUST-00448,julia.krueger465@example.com,Organic Cotton Tote,Navy,2,15.13,0.0,30.26,paid,DE,instagram
#2960,2025-11-02 08:44:12,CUST-00380,anna.wolf882@example.com,Soy Wax Candle — Cedar,Set of 3,1,24.04,0.0,24.04,pending,US,online_store
#1785,2025-11-02 09:54:49,CUST-00180,noah.wagner734@example.com,Soy Wax Candle — Cedar,Single,2,23.49,0.0,46.98,paid,,online_store
#4148,2025-11-02 10:48:44,CUST-01655,noah.becker282@example.com,Aurora Ceramic Mug,Sage / 350ml,2,17.8,0.0,35.6,paid,FR,instagram
#4148,2025-11-02 10:48:44,CUST-01655,noah.becker282@example.com,Aurora Ceramic Mug,Sage / 350ml,2,18.42,0.0,36.84,paid,FR,instagram
#2792,2025-11-02 12:48:41,CUST-01061,paul.braun785@example.com,Organic Cotton Tote,Cream,1,14.62,0.0,14.62,paid,GB,online_store
#2792,2025-11-02 12:48:41,CUST-01061,paul.braun785@example.com,Merino Wool Beanie,Black,1,31.45,0.0,31.45,paid,GB,online_store
#2792,2025-11-02 12:48:41,CUST-01061,paul.braun785@example.com,Aurora Ceramic Mug,Sage / 350ml,1,17.84,0.0,17.84,paid,,online_store
#1702,2025-11-02 12:53:53,CUST-00070,noah.fischer708@example.com,Aurora Ceramic Mug,White / 350ml,2,18.0,0.0,36.0,paid,AT,online_store
#1141,2025-11-02 13:16:56,CUST-01455,noah.braun366@example.com,Linen Throw Blanket,Natural,2,76.67,0.0,153.34,paid,US,online_store
#1033,2025-11-02 13:47:00,CUST-00803,anna.becker410@example.com,Recycled Glass Vase,Smoke,1,42.48,0.0,42.48,paid,CH,online_store
#1050,2025-11-02 14:18:12,CUST-00209,emma.schmidt764@example.com,Botanical Print A3,Fern,1,27.71,0.0,27.71,refunded,US,online_store
#1050,2025-11-02 14:18:12,CUST-00209,emma.schmidt764@example.com,Botanical Print A3,Fern,1,27.71,0.0,27.71,refunded,US,online_store
#4411,2025-11-02 14:22:06,CUST-01626,noah.krueger755@example.com,Recycled Glass Vase,Smoke,3,42.99,0.0,128.97,paid,DE,pos
#3632,2025-11-02 14:38:40,CUST-00454,ben.neumann392@example.com,Walnut Serving Board,Small,1,53.29,10.0,43.29,paid,US,online_store
#1962,2025-11-02 14:50:37,CUST-00618,liam.schmidt408@example.com,Aurora Ceramic Mug,Sage / 350ml,1,18.25,3.64,14.61,paid,US,online_store
#1379,2025-11-02 15:09:38,CUST-00358,anna.neumann564@example.com,Merino Wool Beanie,Black,1,32.73,0.0,32.73,paid,US,online_store
#1379,2025-11-02 15:09:38,CUST-00358,anna.neumann564@example.com,Walnut Serving Board,Small,2,53.71,0.0,107.42,paid,US,online_store
#2790,2025-11-02 16:15:21,CUST-01395,mia.neumann580@example.com,Soy Wax Candle — Cedar,Single,1,23.97,0.0,23.97,paid,US,online_store
#2790,2025-11-02 16:15:21,CUST-01395,mia.neumann580@example.com,Organic Cotton Tote,Navy,1,15.05,0.0,15.05,paid,US,online_store
#3791,2025-11-02 16:38:48,CUST-00502,tom.schmidt720@example.com,Organic Cotton Tote,Cream,1,15.1,0.0,15.1,refunded,DE,draft_order
#1340,2025-11-02 17:09:37,CUST-01207,noah.wolf73@example.com,Recycled Glass Vase,Amber,1,42.34,0.0,42.34,paid,FR,pos
#1340,2025-11-02 17:09:37,CUST-01207,noah.wolf73@example.com,Botanical Print A3,Olive,1,27.7,0.0,27.7,paid,FR,pos
#2146,2025-11-02 17:50:06,CUST-01155,erik.becker768@example.com,Recycled Glass Vase,Smoke,1,43.18,0.0,43.18,paid,GB,draft_order
#1423,2025-11-02 19:20:25,CUST-00253,luis.wolf421@example.com,Recycled Glass Vase,Smoke,1,42.56,8.81,33.75,paid,US,online_store
#1423,2025-11-02 19:20:25,CUST-00253,luis.wolf421@example.com,Aurora Ceramic Mug,Sage / 350ml,1,17.53,2.15,15.38,paid,US,online_store
#1369,2025-11-02 20:33:00,CUST-00010,jonas.klein876@example.com,Merino Wool Beanie,Black,3,31.4,0.0,94.2,paid,DE,online_store
#1265,2025-11-02 23:12:28,CUST-00562,felix.weber711@example.com,Botanical Print A3,Fern,1,27.18,0.0,27.18,paid,DE,online_store
#4177,2025-11-03 06:56:58,CUST-00469,liam.neumann688@example.com,Organic Cotton Tote,Navy,1,14.91,0.0,14.91,paid,US,online_store
#4177,2025-11-03 06:56:58,CUST-00469,liam.neumann688@example.com,Merino Wool Beanie,Forest,1,31.89,0.0,31.89,paid,US,online_store
#3614,2025-11-03 07:08:31,CUST-01590,ben.neumann819@example.com,Recycled Glass Vase,Amber,1,43.09,0.0,43.09,paid,CH,pos
#3614,2025-11-03 07:08:31,CUST-01590,ben.neumann819@example.com,Soy Wax Candle — Cedar,Set of 3,1,24.13,0.0,24.13,paid,CH,pos
#1274,2025-11-03 08:37:57,CUST-00049,clara.krueger714@example.com,Soy Wax Candle — Cedar,Set of 3,1,24.21,2.78,21.43,paid,CH,online_store
#1544,2025-11-03 09:07:50,CUST-01528,julia.braun120@example.com,Merino Wool Beanie,Oat,1,31.96,5.55,26.41,paid,DE,online_store
#1544,2025-11-03 09:07:50,CUST-01528,julia.braun120@example.com,Walnut Serving Board,Small,1,55.05,7.89,47.16,paid,,online_store
#2352,2025-11-03 09:20:37,CUST-01503,anna.krueger781@example.com,Stoneware Dinner Plate Set,Set of 6,1,96.8,0.0,96.8,paid,DE,online_store
#2163,2025-11-03 14:31:04,CUST-00829,laura.hoffmann801@example.com,Walnut Serving Board,Large,1,53.31,0.0,53.31,paid,DE,online_store
#2163,2025-11-03 14:31:04,CUST-00829,laura.hoffmann801@example.com,Walnut Serving Board,Small,1,55.55,0.0,55.55,paid,DE,online_store
#2163,2025-11-03 14:31:04,CUST-00829,laura.hoffmann801@example.com,Merino Wool Beanie,Forest,1,31.2,0.0,31.2,paid,DE,online_store
#2612,2025-11-03 15:40:29,CUST-01594,sofia.schmidt368@example.com,Merino Wool Beanie,Forest,1,32.05,0.0,32.05,paid,AT,online_store
#2612,2025-11-03 15:40:29,CUST-01594,sofia.schmidt368@example.com,Recycled Glass Vase,Smoke,3,42.44,0.0,127.32,paid,AT,online_store
#1397,2025-11-03 15:44:52,CUST-00566,marie.schmidt975@example.com,Organic Cotton Tote,Cream,1,14.86,2.24,12.62,PAID,DE,online_store
#3784,2025-11-03 18:28:35,CUST-01548,felix.wolf762@example.com,Brass Pour-Over Stand,Standard,1,67.01,0.0,67.01,paid,DE,online_store
#2101,2025-11-03 19:48:22,CUST-01203,erik.richter402@example.com,Recycled Glass Vase,Smoke,1,41.85,0.0,41.85,paid,,online_store
#2101,2025-11-03 19:48:22,CUST-01203,erik.richter402@example.com,Stoneware Dinner Plate Set,Set of 4,2,94.84,0.0,189.68,paid,DE,online_store
#3860,2025-11-03 20:14:08,CUST-00451,sofia.fischer353@example.com,Recycled Glass Vase,Amber,1,41.38,0.0,41.38,paid,FR,online_store
#3703,2025-11-03 20:20:44,CUST-00907,max.koch212@example.com,Organic Cotton Tote,Cream,1,15.36,0.0,15.36,paid,US,online_store
#3703,2025-11-03 20:20:44,CUST-00907,max.koch212@example.com,Linen Throw Blanket,Charcoal,2,81.31,0.0,162.62,paid,US,online_store
#2997,2025-11-03 21:39:43,CUST-01233,emma.hartmann243@example.com,Aurora Ceramic Mug,Sage / 350ml,1,18.0,1.88,16.12,paid,FR,online_store
#2112,2025-11-03 22:41:01,CUST-00146,nina.klein853@example.com,Recycled Glass Vase,Amber,1,41.51,5.54,35.97,paid,DE,online_store
#3761,2025-11-04 10:01:30,CUST-00942,ben.hartmann573@example.com,Aurora Ceramic Mug,Black / 350ml,3,17.47,6.83,45.58,paid,US,online_store
#4023,2025-11-04 10:54:29,CUST-01165,jonas.klein2@example.com,Aurora Ceramic Mug,Sage / 350ml,2,18.31,0.0,36.62,paid,DE,draft_order
#2224,2025-11-04 13:27:57,CUST-00871,ben.fischer158@example.com,Linen Throw Blanket,Charcoal,1,77.57,0.0,77.57,paid,DE,online_store
#2224,2025-11-04 13:27:57,CUST-00871,ben.fischer158@example.com,Recycled Glass Vase,Smoke,1,42.9,0.0,42.9,paid,DE,online_store
#2224,2025-11-04 13:27:57,CUST-00871,ben.fischer158@example.com,Recycled Glass Vase,Smoke,1,42.9,0.0,42.9,paid,DE,online_store
#2882,2025-11-04 15:00:37,CUST-00859,anna.koch534@example.com,Merino Wool Beanie,Oat,1,32.29,0.0,32.29,paid,DE,instagram
#2371,2025-11-04 15:04:16,CUST-01078,noah.koch870@example.com,Aurora Ceramic Mug,Black / 350ml,1,17.64,2.31,15.33,paid,GB,online_store
#2280,2025-11-04 16:39:17,CUST-00256,noah.neumann377@example.com,Linen Throw Blanket,Charcoal,1,81.07,0.0,81.07,paid,DE,online_store
#2280,2025-11-04 16:39:17,CUST-00256,noah.neumann377@example.com,Soy Wax Candle — Cedar,Set of 3,1,24.4,0.0,24.4,paid,DE,online_store
#2280,2025-11-04 16:39:17,CUST-00256,noah.neumann377@example.com,Soy Wax Candle — Cedar,Single,1,24.05,0.0,24.05,paid,DE,online_store
#1289,2025-11-04 16:59:40,CUST-01229,tom.braun140@example.com,Stoneware Dinner Plate Set,Set of 4,2,97.94,32.32,163.56,refunded,DE,online_store
#1289,2025-11-04 16:59:40,CUST-01229,tom.braun140@example.com,Stoneware Dinner Plate Set,Set of 4,2,97.94,32.32,163.56,refunded,DE,online_store
#3593,2025-11-04 18:43:03,CUST-00859,anna.koch534@example.com,Recycled Glass Vase,Amber,1,42.16,4.45,37.71,paid,DE,online_store
#3593,2025-11-04 18:43:03,CUST-00859,anna.koch534@example.com,Merino Wool Beanie,Forest,2,31.41,6.89,55.93,paid,DE,online_store
#4427,2025-11-04 20:33:50,CUST-01474,jonas.wagner784@example.com,Organic Cotton Tote,Navy,1,15.0,0.0,15.0,paid,DE,online_store
#4427,2025-11-04 20:33:50,CUST-01474,jonas.wagner784@example.com,Merino Wool Beanie,Oat,2,32.01,0.0,64.02,paid,DE,online_store
#4345,2025-11-04 22:47:33,CUST-00419,noah.koch686@example.com,Aurora Ceramic Mug,Sage / 350ml,1,18.23,2.19,16.04,paid,AT,online_store
#4345,2025-11-04 22:47:33,CUST-00419,noah.koch686@example.com,Linen Throw Blanket,Rust,1,78.32,8.58,69.74,paid,AT,online_store
#4345,2025-11-04 22:47:33,CUST-00419,noah.koch686@example.com,Soy Wax Candle — Cedar,Set of 3,1,23.71,5.71,18.0,paid,AT,online_store
#2082,2025-11-05 11:48:54,CUST-01609,ben.braun975@example.com,Organic Cotton Tote,Cream,1,15.05,2.38,12.67,paid,NL,online_store
#4017,2025-11-05 12:18:16,CUST-00208,felix.mueller675@example.com,Soy Wax Candle — Cedar,Single,1,24.65,2.93,21.72,paid,US,online_store
#3713,2025-11-05 13:02:17,CUST-00830,anna.weber48@example.com,Botanical Print A3,Eucalyptus,1,27.58,0.0,27.58,paid,AT,online_store
#3713,2025-11-05 13:02:17,CUST-00830,anna.weber48@example.com,Aurora Ceramic Mug,Black / 350ml,1,18.24,0.0,18.24,PAID,AT,online_store
#3713,2025-11-05 13:02:17,CUST-00830,anna.weber48@example.com,Botanical Print A3,Eucalyptus,1,27.58,0.0,27.58,paid,AT,online_store
#3352,2025-11-05 13:08:17,CUST-00765,ben.wolf600@example.com,Aurora Ceramic Mug,Sage / 350ml,1,18.33,2.8,15.53,paid,DE,online_store
#3352,2025-11-05 13:08:17,CUST-00765,ben.wolf600@example.com,Botanical Print A3,Fern,1,27.89,2.92,24.97,paid,DE,online_store
#3352,2025-11-05 13:08:17,CUST-00765,ben.wolf600@example.com,Aurora Ceramic Mug,Black / 350ml,2,18.46,6.13,30.79,paid,DE,online_store
#2512,2025-11-05 14:10:09,CUST-00278,mia.schwarz764@example.com,Linen Throw Blanket,Rust,1,79.49,9.5,69.99,paid,DE,online_store
#2028,2025-11-05 15:47:34,CUST-00456,luis.wagner357@example.com,Linen Throw Blanket,Charcoal,1,78.53,0.0,78.53,paid,DE,online_store
#1893,2025-11-05 15:52:15,CUST-00190,lena.hartmann130@example.com,Organic Cotton Tote,Navy,1,15.11,0.0,15.11,paid,US,online_store
#1893,2025-11-05 15:52:15,CUST-00190,lena.hartmann130@example.com,Recycled Glass Vase,Smoke,1,42.74,0.0,42.74,paid,US,online_store
#1893,2025-11-05 15:52:15,CUST-00190,lena.hartmann130@example.com,Recycled Glass Vase,Amber,1,43.23,0.0,43.23,paid,US,online_store
#1835,2025-11-05 17:36:12,CUST-01367,luis.schmidt353@example.com,Organic Cotton Tote,Cream,1,15.24,3.61,11.63,paid,DE,draft_order
#4451,2025-11-05 19:33:55,CUST-00376,emma.hartmann559@example.com,Aurora Ceramic Mug,White / 350ml,1,18.46,0.0,18.46,paid,DE,online_store
#3264,2025-11-05 19:58:28,CUST-01005,laura.klein756@example.com,Merino Wool Beanie,Black,1,32.23,5.53,26.7,paid,DE,online_store
#4494,2025-11-05 20:26:55,CUST-00212,lena.weber662@example.com,Walnut Serving Board,Small,1,55.24,0.0,55.24,refunded,DE,instagram
#4494,2025-11-05 20:26:55,CUST-00212,lena.weber662@example.com,Merino Wool Beanie,Black,1,32.73,0.0,32.73,refunded,DE,instagram
#4494,2025-11-05 20:26:55,CUST-00212,lena.weber662@example.com,Walnut Serving Board,Large,1,53.85,0.0,53.85,refunded,DE,instagram
#2057,2025-11-05 20:44:46,CUST-00380,anna.wolf882@example.com,Walnut Serving Board,Large,3,55.52,0.0,166.56,paid,US,online_store
#1083,2025-11-05 21:19:36,CUST-00179,mia.koch935@example.com,Soy Wax Candle — Cedar,Set of 3,1,24.46,0.0,24.46,paid,DE,online_store
#1083,2025-11-05 21:19:36,CUST-00179,mia.koch935@example.com,Brass Pour-Over Stand,Standard,1,69.38,0.0,69.38,paid,DE,online_store
#2203,2025-11-05 21:59:26,CUST-01639,luis.neumann122@example.com,Aurora Ceramic Mug,Black / 350ml,1,18.48,0.0,18.48,paid,GB,online_store
#3310,2025-11-05 22:56:16,CUST-01080,luis.wagner715@example.com,Organic Cotton Tote,Cream,2,15.34,0.0,30.68,paid,DE,online_store
#4069,2025-11-06 08:24:38,CUST-00828,noah.richter193@example.com,Linen Throw Blanket,Rust,1,79.55,0.0,79.55,paid,DE,online_store
#1455,2025-11-06 08:47:58,CUST-00183,lena.fischer809@example.com,Recycled Glass Vase,Amber,1,41.46,0.0,41.46,paid,NL,online_store
#1455,2025-11-06 08:47:58,CUST-00183,lena.fischer809@example.com,Aurora Ceramic Mug,White / 350ml,1,17.49,0.0,17.49,paid,NL,online_store
#4077,2025-11-06 10:11:08,CUST-00950,erik.schmidt840@example.com,Aurora Ceramic Mug,Black / 350ml,1,18.01,0.0,18.01,paid,,online_store
#4077,2025-11-06 10:11:08,CUST-00950,erik.schmidt840@example.com,Linen Throw Blanket,Charcoal,1,77.57,0.0,77.57,paid,DE,online_store
#2716,2025-11-06 11:33:16,CUST-00950,erik.schmidt840@example.com,Botanical Print A3,Eucalyptus,2,27.2,0.0,54.4,paid,DE,online_store
#4046,2025-11-06 13:11:15,CUST-01604,max.wolf126@example.com,Aurora Ceramic Mug,Black / 350ml,1,18.45,3.28,15.17,paid,NL,online_store
#4046,2025-11-06 13:11:15,CUST-01604,max.wolf126@example.com,Soy Wax Candle — Cedar,Single,2,24.57,11.71,37.43,paid,NL,online_store
#3806,2025-11-06 13:19:51,CUST-00021,mia.schmidt157@example.com,Aurora Ceramic Mug,Sage / 350ml,1,18.14,0.0,18.14,paid,GB,online_store
#1045,2025-11-06 14:00:03,CUST-01266,sofia.weber123@example.com,Aurora Ceramic Mug,White / 350ml,1,17.67,3.54,14.13,paid,DE,instagram
#1045,2025-11-06 14:00:03,CUST-01266,sofia.weber123@example.com,Soy Wax Candle — Cedar,Single,3,23.42,15.83,54.43,paid,DE,instagram
#1045,2025-11-06 14:00:03,CUST-01266,sofia.weber123@example.com,Botanical Print A3,Fern,1,27.23,4.82,22.41,paid,DE,instagram
#1968,2025-11-06 14:13:45,CUST-00841,paul.wolf780@example.com,Linen Throw Blanket,Rust,1,77.06,17.26,59.8,paid,US,draft_order
#1470,2025-11-06 16:22:23,CUST-00596,felix.becker898@example.com,Linen Throw Blanket,Natural,1,81.36,13.98,67.38,paid,DE,online_store
#1470,2025-11-06 16:22:23,CUST-00596,felix.becker898@example.com,Linen Throw Blanket,Rust,1,79.41,14.1,65.31,paid,DE,online_store
#1674,2025-11-06 17:06:05,CUST-00251,tom.fischer88@example.com,Organic Cotton Tote,Navy,3,15.03,0.0,45.09,paid,DE,online_store
#1037,2025-11-06 17:26:30,CUST-01218,laura.krueger698@example.com,Soy Wax Candle — Cedar,Set of 3,1,23.51,0.0,23.51,paid,NL,online_store
#1037,2025-11-06 17:26:30,CUST-01218,laura.krueger698@example.com,Merino Wool Beanie,Black,1,32.0,0.0,32.0,paid,NL,online_store
#1347,2025-11-06 17:37:12,CUST-00364,julia.braun844@example.com,Soy Wax Candle — Cedar,Single,1,24.12,4.84,19.28,refunded,,online_store
#3357,2025-11-06 18:16:27,CUST-01063,paul.becker517@example.com,Aurora Ceramic Mug,Black / 350ml,1,17.89,0.0,17.89,paid,DE,instagram
#1039,2025-11-06 18:26:15,CUST-00254,ben.schmidt615@example.com,Brass Pour-Over Stand,Standard,1,68.81,0.0,68.81,paid,DE,online_store
#3834,2025-11-06 22:43:42,CUST-01492,lena.neumann377@example.com,Linen Throw Blanket,Natural,1,76.72,0.0,76.72,paid,NL,online_store
#4409,2025-11-07 11:14:15,CUST-01339,marie.mueller475@example.com,Soy Wax Candle — Cedar,Set of 3,1,23.83,3.0,20.83,paid,FR,online_store
#2121,2025-11-07 11:30:37,CUST-01044,marie.richter614@example.com,Aurora Ceramic Mug,Sage / 350ml,2,18.19,0.0,36.38,paid,AT,online_store
#2121,2025-11-07 11:30:37,CUST-01044,marie.richter614@example.com,Aurora Ceramic Mug,Sage / 350ml,1,17.89,0.0,17.89,paid,AT,online_store
#4169,2025-11-07 12:20:42,CUST-00415,laura.neumann824@example.com,Linen Throw Blanket,Rust,1,80.55,0.0,80.55,paid,DE,online_store
#2921,2025-11-07 13:52:36,CUST-00561,felix.fischer321@example.com,Botanical Print A3,Eucalyptus,2,28.7,7.71,49.69,paid,DE,online_store
#4228,2025-11-07 14:24:27,CUST-00460,marie.neumann194@example.com,Linen Throw Blanket,Rust,3,80.16,0.0,240.48,paid,AT,online_store
#3054,2025-11-07 15:59:56,CUST-01081,liam.schwarz771@example.com,Organic Cotton Tote,Navy,1,14.64,1.81,12.83,paid,GB,online_store
#4318,2025-11-07 16:55:36,CUST-00146,nina.klein853@example.com,Organic Cotton Tote,Cream,1,14.73,0.0,14.73,paid,DE,online_store
#1503,2025-11-07 17:14:52,CUST-00719,julia.braun704@example.com,Soy Wax Candle — Cedar,Set of 3,2,24.07,0.0,48.14,refunded,NL,online_store
#3719,2025-11-07 18:01:47,CUST-00780,felix.krueger611@example.com,Stoneware Dinner Plate Set,Set of 6,2,96.41,37.81,155.01,paid,US,online_store
#1749,2025-11-07 19:32:24,CUST-01603,julia.hartmann102@example.com,Soy Wax Candle — Cedar,Set of 3,1,24.05,5.68,18.37,paid,DE,online_store
#2505,2025-11-07 21:54:14,CUST-00312,julia.braun837@example.com,Merino Wool Beanie,Black,1,32.27,0.0,32.27,paid,DE,online_store
#2505,2025-11-07 21:54:14,CUST-00312,julia.braun837@example.com,Aurora Ceramic Mug,Sage / 350ml,2,18.01,0.0,36.02,paid,DE,online_store
#2914,2025-11-07 21:56:13,CUST-00619,julia.braun412@example.com,Merino Wool Beanie,Oat,1,31.22,0.0,31.22,paid,DE,online_store
#2937,2025-11-08 09:00:44,CUST-00010,jonas.klein876@example.com,Botanical Print A3,Eucalyptus,1,27.74,0.0,27.74,pending,DE,online_store
#3242,2025-11-08 09:36:44,CUST-00716,jonas.richter155@example.com,Soy Wax Candle — Cedar,Set of 3,2,23.33,0.0,46.66,paid,FR,online_store
#3242,2025-11-08 09:36:44,CUST-00716,jonas.richter155@example.com,Recycled Glass Vase,Amber,1,42.18,0.0,42.18,paid,FR,online_store
#4293,2025-11-08 09:58:55,CUST-00004,luis.braun604@example.com,Recycled Glass Vase,Smoke,1,41.03,9.84,31.19,paid,DE,instagram
#1428,2025-11-08 10:09:34,CUST-00010,jonas.klein876@example.com,Soy Wax Candle — Cedar,Set of 3,2,24.37,0.0,48.74,paid,DE,online_store
#1777,2025-11-08 10:59:19,CUST-01476,sofia.braun294@example.com,Brass Pour-Over Stand,Standard,2,66.09,21.28,110.9,paid,GB,online_store
#1777,2025-11-08 10:59:19,CUST-01476,sofia.braun294@example.com,Aurora Ceramic Mug,Sage / 350ml,1,17.7,2.3,15.4,paid,GB,online_store
#4117,2025-11-08 11:38:36,CUST-00582,noah.wagner805@example.com,Recycled Glass Vase,Smoke,1,41.96,0.0,41.96,paid,US,online_store
#2805,2025-11-08 12:07:18,CUST-01417,noah.hoffmann205@example.com,Merino Wool Beanie,Oat,1,31.9,0.0,31.9,paid,DE,online_store
#1256,2025-11-08 12:18:07,CUST-00689,luis.neumann604@example.com,Walnut Serving Board,Small,1,54.08,0.0,54.08,paid,NL,online_store
#1256,2025-11-08 12:18:07,CUST-00689,luis.neumann604@example.com,Soy Wax Candle — Cedar,Set of 3,2,24.65,0.0,49.3,paid,NL,online_store
#1256,2025-11-08 12:18:07,CUST-00689,luis.neumann604@example.com,Stoneware Dinner Plate Set,Set of 6,1,94.57,0.0,94.57,paid,NL,online_store
#2421,2025-11-08 12:45:47,CUST-00095,erik.wolf975@example.com,Walnut Serving Board,Large,1,54.24,10.2,44.04,paid,FR,online_store
#2421,2025-11-08 12:45:47,CUST-00095,erik.wolf975@example.com,Walnut Serving Board,Small,1,53.07,11.5,41.57,paid,FR,online_store
#2421,2025-11-08 12:45:47,CUST-00095,erik.wolf975@example.com,Soy Wax Candle — Cedar,Set of 3,1,24.27,3.06,21.21,paid,,online_store
#4249,2025-11-08 14:29:06,CUST-00864,erik.koch699@example.com,Recycled Glass Vase,Smoke,1,42.02,6.24,35.78,paid,AT,instagram
#4249,2025-11-08 14:29:06,CUST-00864,erik.koch699@example.com,Soy Wax Candle — Cedar,Set of 3,1,24.49,5.16,19.33,paid,AT,instagram
#3734,2025-11-08 15:11:25,CUST-00456,luis.wagner357@example.com,Merino Wool Beanie,Oat,3,32.41,20.53,76.7,paid,DE,online_store
#3734,2025-11-08 15:11:25,CUST-00456,luis.wagner357@example.com,Organic Cotton Tote,Navy,1,15.28,2.59,12.69,paid,DE,online_store
#2128,2025-11-08 15:45:15,CUST-00905,paul.wagner496@example.com,Linen Throw Blanket,Rust,1,77.92,13.36,64.56,paid,AT,online_store
#3323,2025-11-08 15:57:23,CUST-01552,noah.klein443@example.com,Soy Wax Candle — Cedar,Set of 3,1,23.91,3.87,20.04,paid,FR,online_store
#3323,2025-11-08 15:57:23,CUST-01552,noah.klein443@example.com,Merino Wool Beanie,Forest,2,32.9,11.93,53.87,paid,FR,online_store
#1751,2025-11-08 16:54:59,CUST-00354,tom.schwarz121@example.com,Recycled Glass Vase,Smoke,1,43.09,0.0,43.09,paid,DE,online_store
#1751,2025-11-08 16:54:59,CUST-00354,tom.schwarz121@example.com,Botanical Print A3,Fern,1,28.28,0.0,28.28,paid,DE,online_store
#1751,2025-11-08 16:54:59,CUST-00354,tom.schwarz121@example.com,Linen Throw Blanket,Natural,1,79.4,0.0,79.4,paid,DE,online_store
#1597,2025-11-08 17:15:23,CUST-00075,jonas.becker831@example.com,Botanical Print A3,Olive,1,28.2,0.0,28.2,paid,DE,online_store
#4196,2025-11-08 18:01:03,CUST-00711,erik.hartmann27@example.com,Merino Wool Beanie,Oat,1,32.93,0.0,32.93,paid,DE,online_store
#3572,2025-11-08 18:13:41,CUST-00832,nina.wagner5@example.com,Soy Wax Candle — Cedar,Single,1,23.81,0.0,23.81,paid,US,online_store
#3572,2025-11-08 18:13:41,CUST-00832,nina.wagner5@example.com,Botanical Print A3,Fern,1,27.41,0.0,27.41,paid,US,online_store
#3528,2025-11-08 18:57:37,CUST-01521,anna.schwarz731@example.com,Soy Wax Candle — Cedar,Single,1,23.99,4.61,19.38,paid,US,pos
#3528,2025-11-08 18:57:37,CUST-01521,anna.schwarz731@example.com,Linen Throw Blanket,Charcoal,1,79.61,11.01,68.6,paid,US,pos
#3528,2025-11-08 18:57:37,CUST-01521,anna.schwarz731@example.com,Organic Cotton Tote,Navy,1,14.98,2.93,12.05,paid,US,pos
#1277,2025-11-08 19:59:19,CUST-01481,clara.becker44@example.com,Recycled Glass Vase,Smoke,3,43.19,0.0,129.57,paid,CH,draft_order
#1277,2025-11-08 19:59:19,CUST-01481,clara.becker44@example.com,Aurora Ceramic Mug,Black / 350ml,1,17.61,0.0,17.61,paid,CH,draft_order
#1277,2025-11-08 19:59:19,CUST-01481,clara.becker44@example.com,Soy Wax Candle — Cedar,Single,1,23.52,0.0,23.52,paid,CH,draft_order
#1277,2025-11-08 19:59:19,CUST-01481,clara.becker44@example.com,Aurora Ceramic Mug,Black / 350ml,1,17.61,0.0,17.61,paid,CH,draft_order
#2635,2025-11-09 03:31:26,CUST-00757,emma.hartmann266@example.com,Linen Throw Blanket,Rust,1,79.55,0.0,79.55,paid,AT,pos
#2635,2025-11-09 03:31:26,CUST-00757,emma.hartmann266@example.com,Walnut Serving Board,Small,1,54.09,0.0,54.09,PAID,AT,pos
#3977,2025-11-09 04:51:49,CUST-00857,anna.schmidt641@example.com,Organic Cotton Tote,Cream,1,14.61,0.0,14.61,paid,GB,online_store
#2198,2025-11-09 08:02:38,CUST-00972,erik.neumann110@example.com,Linen Throw Blanket,Charcoal,1,80.01,9.83,70.18,paid,DE,online_store
#2918,2025-11-09 10:35:26,CUST-00179,mia.koch935@example.com,Linen Throw Blanket,Natural,1,78.63,0.0,78.63,refunded,DE,online_store
#2617,2025-11-09 10:39:26,CUST-01082,julia.fischer297@example.com,Recycled Glass Vase,Smoke,1,43.24,0.0,43.24,paid,FR,online_store
#3046,2025-11-09 13:34:34,CUST-00010,jonas.klein876@example.com,Recycled Glass Vase,Smoke,1,41.69,0.0,41.69,refunded,DE,online_store
#3046,2025-11-09 13:34:34,CUST-00010,jonas.klein876@example.com,Merino Wool Beanie,Black,1,32.41,0.0,32.41,refunded,DE,online_store
#3046,2025-11-09 13:34:34,CUST-00010,jonas.klein876@example.com,Merino Wool Beanie,Black,1,32.41,0.0,32.41,refunded,DE,online_store
#1872,2025-11-09 13:48:30,CUST-00719,julia.braun704@example.com,Walnut Serving Board,Small,1,55.46,0.0,55.46,paid,NL,instagram
#3759,2025-11-09 14:09:08,CUST-01468,felix.klein553@example.com,Organic Cotton Tote,Navy,3,14.9,7.76,36.94,paid,DE,online_store
#3759,2025-11-09 14:09:08,CUST-01468,felix.klein553@example.com,Soy Wax Candle — Cedar,Set of 3,1,23.51,4.71,18.8,paid,DE,online_store
#3759,2025-11-09 14:09:08,CUST-01468,felix.klein553@example.com,Merino Wool Beanie,Oat,2,32.76,11.67,53.85,paid,DE,online_store
#4508,2025-11-09 14:19:15,CUST-01339,marie.mueller475@example.com,Soy Wax Candle — Cedar,Single,2,23.31,0.0,46.62,refunded,FR,online_store
#4508,2025-11-09 14:19:15,CUST-01339,marie.mueller475@example.com,Aurora Ceramic Mug,Black / 350ml,1,17.6,0.0,17.6,refunded,FR,online_store
#4508,2025-11-09 14:19:15,CUST-01339,marie.mueller475@example.com,Stoneware Dinner Plate Set,Set of 4,1,94.61,0.0,94.61,refunded,FR,online_store
#1963,2025-11-09 15:28:11,CUST-00877,mia.neumann109@example.com,Aurora Ceramic Mug,Black / 350ml,1,17.73,0.0,17.73,paid,DE,online_store
#1963,2025-11-09 15:28:11,CUST-00877,mia.neumann109@example.com,Botanical Print A3,Eucalyptus,1,28.12,0.0,28.12,paid,DE,online_store
#3469,2025-11-09 15:33:03,CUST-01490,tom.neumann116@example.com,Aurora Ceramic Mug,Black / 350ml,2,17.6,0.0,35.2,paid,DE,instagram
#3481,2025-11-09 15:41:35,CUST-00671,luis.mueller801@example.com,Organic Cotton Tote,Navy,1,15.23,2.92,12.31,paid,FR,online_store
#3481,2025-11-09 15:41:35,CUST-00671,luis.mueller801@example.com,Botanical Print A3,Olive,1,28.35,4.57,23.78,paid,FR,online_store
#3481,2025-11-09 15:41:35,CUST-00671,luis.mueller801@example.com,Aurora Ceramic Mug,Black / 350ml,2,17.51,5.39,29.63,paid,FR,online_store
#3801,2025-11-09 15:54:47,CUST-00394,noah.wagner404@example.com,Merino Wool Beanie,Forest,1,32.83,0.0,32.83,paid,US,online_store
#3665,2025-11-09 19:38:26,CUST-00069,paul.krueger438@example.com,Merino Wool Beanie,Forest,1,31.29,4.86,26.43,paid,GB,online_store
#3665,2025-11-09 19:38:26,CUST-00069,paul.krueger438@example.com,Organic Cotton Tote,Navy,1,14.67,2.74,11.93,paid,GB,online_store
#3665,2025-11-09 19:38:26,CUST-00069,paul.krueger438@example.com,Stoneware Dinner Plate Set,Set of 6,1,96.8,10.28,86.52,paid,GB,online_store
#3543,2025-11-09 19:57:06,CUST-01608,julia.braun142@example.com,Botanical Print A3,Fern,1,27.72,0.0,27.72,pending,NL,pos
#3543,2025-11-09 19:57:06,CUST-01608,julia.braun142@example.com,Merino Wool Beanie,Forest,1,32.63,0.0,32.63,pending,NL,pos
#1934,2025-11-09 20:42:44,CUST-00045,mia.krueger877@example.com,Brass Pour-Over Stand,Standard,1,69.14,0.0,69.14,paid,US,online_store
#1934,2025-11-09 20:42:44,CUST-00045,mia.krueger877@example.com,Linen Throw Blanket,Natural,1,78.27,0.0,78.27,paid,US,online_store
#3445,2025-11-09 20:54:31,CUST-01251,lena.hartmann423@example.com,Walnut Serving Board,Small,1,54.43,0.0,54.43,paid,FR,online_store
#3445,2025-11-09 20:54:31,CUST-01251,lena.hartmann423@example.com,Aurora Ceramic Mug,Black / 350ml,1,17.56,0.0,17.56,paid,FR,online_store
#3445,2025-11-09 20:54:31,CUST-01251,lena.hartmann423@example.com,Merino Wool Beanie,Black,1,32.31,0.0,32.31,paid,FR,online_store
#1588,2025-11-10 09:21:14,CUST-00917,jonas.braun738@example.com,Organic Cotton Tote,Cream,1,15.38,0.0,15.38,paid,DE,online_store
#1588,2025-11-10 09:21:14,CUST-00917,jonas.braun738@example.com,Stoneware Dinner Plate Set,Set of 6,1,97.15,0.0,97.15,paid,DE,online_store
#4507,2025-11-10 09:30:23,CUST-01102,laura.koch521@example.com,Brass Pour-Over Stand,Standard,1,68.79,0.0,68.79,paid,CH,online_store
#2358,2025-11-10 10:15:13,CUST-01215,laura.wolf677@example.com,Aurora Ceramic Mug,White / 350ml,1,18.51,3.61,14.9,paid,DE,online_store
#2358,2025-11-10 10:15:13,CUST-01215,laura.wolf677@example.com,Aurora Ceramic Mug,Black / 350ml,1,18.52,3.71,14.81,paid,DE,online_store
#2358,2025-11-10 10:15:13,CUST-01215,laura.wolf677@example.com,Soy Wax Candle — Cedar,Set of 3,1,24.44,4.99,19.45,paid,DE,online_store
#3315,2025-11-10 10:18:09,CUST-01452,erik.neumann292@example.com,Organic Cotton Tote,Cream,1,14.94,0.0,14.94,paid,DE,pos
#1299,2025-11-10 11:08:39,CUST-00992,clara.neumann125@example.com,Soy Wax Candle — Cedar,Set of 3,1,24.1,0.0,24.1,paid,US,draft_order
#1571,2025-11-10 11:30:09,CUST-00631,tom.becker262@example.com,Organic Cotton Tote,Cream,1,15.4,3.21,12.19,pending,FR,online_store
#1571,2025-11-10 11:30:09,CUST-00631,tom.becker262@example.com,Recycled Glass Vase,Amber,1,42.41,10.02,32.39,pending,FR,online_store
#2321,2025-11-10 12:49:20,CUST-00483,clara.neumann510@example.com,Soy Wax Candle — Cedar,Single,1,24.41,0.0,24.41,paid,US,online_store
#2321,2025-11-10 12:49:20,CUST-00483,clara.neumann510@example.com,Botanical Print A3,Fern,1,27.33,0.0,27.33,paid,US,online_store
#2428,2025-11-10 14:01:53,CUST-01294,lena.koch38@example.com,Stoneware Dinner Plate Set,Set of 6,1,95.22,23.07,72.15,paid,FR,online_store
#2334,2025-11-10 14:13:40,CUST-00082,luis.wolf119@example.com,Organic Cotton Tote,Navy,1,15.01,0.0,15.01,paid,NL,online_store
#2334,2025-11-10 14:13:40,CUST-00082,luis.wolf119@example.com,Merino Wool Beanie,Forest,2,32.06,0.0,64.12,PAID,NL,online_store
#2308,2025-11-10 14:31:42,CUST-00001,noah.mueller251@example.com,Merino Wool Beanie,Black,1,31.32,0.0,31.32,paid,DE,instagram
#2308,2025-11-10 14:31:42,CUST-00001,noah.mueller251@example.com,Merino Wool Beanie,Oat,1,31.76,0.0,31.76,paid,DE,instagram
#2780,2025-11-10 15:48:08,CUST-01629,nina.wagner533@example.com,Aurora Ceramic Mug,White / 350ml,1,18.01,0.0,18.01,paid,FR,instagram
#2780,2025-11-10 15:48:08,CUST-01629,nina.wagner533@example.com,Aurora Ceramic Mug,White / 350ml,1,18.01,0.0,18.01,paid,FR,instagram
#3209,2025-11-10 17:09:19,CUST-01431,mia.hartmann377@example.com,Botanical Print A3,Olive,1,28.47,0.0,28.47,paid,DE,online_store
#2107,2025-11-11 08:00:31,CUST-01324,lena.hoffmann466@example.com,Stoneware Dinner Plate Set,Set of 6,1,94.85,0.0,94.85,paid,DE,online_store
#3473,2025-11-11 09:12:35,CUST-01121,jonas.koch368@example.com,Recycled Glass Vase,Amber,2,41.15,14.25,68.05,paid,DE,online_store
#3473,2025-11-11 09:12:35,CUST-01121,jonas.koch368@example.com,Stoneware Dinner Plate Set,Set of 4,1,95.22,22.35,72.87,paid,DE,online_store
#1154,2025-11-11 09:52:41,CUST-01153,erik.klein90@example.com,Soy Wax Candle — Cedar,Set of 3,2,23.66,10.68,36.64,paid,DE,instagram
#1322,2025-11-11 14:09:55,CUST-00208,felix.mueller675@example.com,Walnut Serving Board,Large,1,53.22,9.56,43.66,paid,US,online_store
#1520,2025-11-11 14:37:18,CUST-00408,lena.hoffmann679@example.com,Walnut Serving Board,Small,1,54.29,11.51,42.78,paid,US,online_store
#1520,2025-11-11 14:37:18,CUST-00408,lena.hoffmann679@example.com,Aurora Ceramic Mug,Sage / 350ml,1,18.34,3.43,14.91,paid,US,online_store
#1006,2025-11-11 14:57:44,CUST-01151,luis.hoffmann152@example.com,Aurora Ceramic Mug,Sage / 350ml,1,18.36,0.0,18.36,paid,,instagram
#4197,2025-11-11 15:01:51,CUST-00621,sofia.wagner401@example.com,Organic Cotton Tote,Cream,1,14.64,0.0,14.64,paid,GB,online_store
#2476,2025-11-11 18:29:27,CUST-00412,felix.koch305@example.com,Recycled Glass Vase,Smoke,1,42.4,0.0,42.4,paid,FR,instagram
#1361,2025-11-11 18:40:36,CUST-01485,lena.koch753@example.com,Merino Wool Beanie,Oat,1,32.77,0.0,32.77,paid,US,draft_order
#1361,2025-11-11 18:40:36,CUST-01485,lena.koch753@example.com,Linen Throw Blanket,Rust,1,78.32,0.0,78.32,paid,US,draft_order
#1272,2025-11-11 18:53:12,CUST-00412,felix.koch305@example.com,Aurora Ceramic Mug,Sage / 350ml,1,18.02,0.0,18.02,paid,FR,online_store
#1272,2025-11-11 18:53:12,CUST-00412,felix.koch305@example.com,Soy Wax Candle — Cedar,Set of 3,1,23.53,0.0,23.53,paid,FR,online_store
#1272,2025-11-11 18:53:12,CUST-00412,felix.koch305@example.com,Soy Wax Candle — Cedar,Set of 3,1,24.1,0.0,24.1,paid,FR,online_store
#3879,2025-11-11 20:36:39,CUST-00951,tom.krueger871@example.com,Merino Wool Beanie,Forest,1,32.44,6.27,26.17,paid,GB,online_store
#2667,2025-11-11 21:16:21,CUST-00632,nina.weber522@example.com,Merino Wool Beanie,Forest,1,31.12,0.0,31.12,paid,DE,online_store
#4005,2025-11-12 07:35:25,CUST-00657,mia.koch406@example.com,Aurora Ceramic Mug,Sage / 350ml,1,18.06,0.0,18.06,refunded,US,online_store
#4005,2025-11-12 07:35:25,CUST-00657,mia.koch406@example.com,Aurora Ceramic Mug,White / 350ml,1,18.41,0.0,18.41,refunded,US,online_store
#2129,2025-11-12 07:43:17,CUST-00853,marie.becker77@example.com,Linen Throw Blanket,Charcoal,1,81.16,0.0,81.16,paid,DE,online_store
#2388,2025-11-12 11:29:09,CUST-00823,marie.wolf635@example.com,Soy Wax Candle — Cedar,Single,1,24.64,0.0,24.64,paid,GB,instagram
#2290,2025-11-12 11:46:20,CUST-00001,noah.mueller251@example.com,Brass Pour-Over Stand,Standard,1,68.66,0.0,68.66,paid,DE,online_store
#2980,2025-11-12 11:50:37,CUST-01396,clara.hartmann838@example.com,Merino Wool Beanie,Black,2,32.17,0.0,64.34,paid,DE,online_store
#3949,2025-11-12 11:59:24,CUST-00942,ben.hartmann573@example.com,Merino Wool Beanie,Black,1,32.07,0.0,32.07,paid,US,pos
#4390,2025-11-12 12:00:21,CUST-00399,felix.wolf522@example.com,Aurora Ceramic Mug,Black / 350ml,2,17.53,0.0,35.06,paid,US,online_store
#2904,2025-11-12 13:11:09,CUST-00054,laura.weber584@example.com,Walnut Serving Board,Small,3,53.52,0.0,160.56,paid,DE,online_store
#1380,2025-11-12 13:26:24,CUST-00416,liam.klein81@example.com,Walnut Serving Board,Small,1,53.84,0.0,53.84,paid,US,pos
#1380,2025-11-12 13:26:24,CUST-00416,liam.klein81@example.com,Soy Wax Candle — Cedar,Single,1,23.44,0.0,23.44,paid,US,pos
#4220,2025-11-12 14:24:02,CUST-00027,felix.hoffmann781@example.com,Walnut Serving Board,Large,2,52.71,0.0,105.42,paid,DE,online_store
#4482,2025-11-12 16:54:49,CUST-00291,noah.wolf87@example.com,Soy Wax Candle — Cedar,Set of 3,1,23.37,5.37,18.0,paid,US,instagram
#2691,2025-11-12 17:35:50,CUST-00394,noah.wagner404@example.com,Linen Throw Blanket,Charcoal,2,80.93,33.71,128.15,paid,US,online_store
#2555,2025-11-12 19:06:08,CUST-01007,max.wolf479@example.com,Organic Cotton Tote,Navy,1,14.59,0.0,14.59,paid,CH,online_store
#2555,2025-11-12 19:06:08,CUST-01007,max.wolf479@example.com,Organic Cotton Tote,Navy,1,14.84,0.0,14.84,paid,CH,online_store
#2555,2025-11-12 19:06:08,CUST-01007,max.wolf479@example.com,Organic Cotton Tote,Navy,1,14.84,0.0,14.84,paid,CH,online_store
#3701,2025-11-12 19:12:11,CUST-00153,felix.fischer122@example.com,Soy Wax Candle — Cedar,Single,1,24.22,4.69,19.53,PENDING,US,pos
#3894,2025-11-12 19:27:53,CUST-01199,luis.fischer774@example.com,Organic Cotton Tote,Cream,1,14.56,3.45,11.11,paid,FR,instagram
#3483,2025-11-12 21:17:22,CUST-00329,max.fischer558@example.com,Walnut Serving Board,Large,1,53.28,0.0,53.28,paid,US,online_store
#3349,2025-11-13 09:19:03,CUST-00484,tom.wolf380@example.com,Linen Throw Blanket,Rust,1,79.26,0.0,79.26,paid,DE,online_store
#3349,2025-11-13 09:19:03,CUST-00484,tom.wolf380@example.com,Aurora Ceramic Mug,Sage / 350ml,1,18.03,0.0,18.03,paid,DE,online_store
#3349,2025-11-13 09:19:03,CUST-00484,tom.wolf380@example.com,Aurora Ceramic Mug,Sage / 350ml,1,18.03,0.0,18.03,paid,DE,online_store
#1102,2025-11-13 10:35:31,CUST-01328,ben.becker226@example.com,Organic Cotton Tote,Navy,2,15.31,0.0,30.62,paid,AT,online_store
#1971,2025-11-13 12:38:18,CUST-00254,ben.schmidt615@example.com,Organic Cotton Tote,Cream,1,15.05,0.0,15.05,paid,DE,draft_order
#1971,2025-11-13 12:38:18,CUST-00254,ben.schmidt615@example.com,Merino Wool Beanie,Forest,3,32.64,0.0,97.92,paid,DE,draft_order
#4413,2025-11-13 13:34:09,CUST-00213,marie.schmidt750@example.com,Soy Wax Candle — Cedar,Set of 3,1,23.77,0.0,23.77,paid,DE,draft_order
#3139,2025-11-13 14:19:52,CUST-00832,nina.wagner5@example.com,Walnut Serving Board,Large,1,53.08,0.0,53.08,paid,US,pos
#3139,2025-11-13 14:19:52,CUST-00832,nina.wagner5@example.com,Aurora Ceramic Mug,Black / 350ml,1,18.48,0.0,18.48,paid,US,pos
#3139,2025-11-13 14:19:52,CUST-00832,nina.wagner5@example.com,Soy Wax Candle — Cedar,Set of 3,1,23.9,0.0,23.9,paid,US,pos
#1498,2025-11-13 18:20:58,CUST-01229,tom.braun140@example.com,Linen Throw Blanket,Natural,1,80.78,12.13,68.65,paid,DE,pos
#3531,2025-11-13 19:01:34,CUST-00362,nina.neumann565@example.com,Stoneware Dinner Plate Set,Set of 4,1,96.78,17.3,79.48,paid,DE,draft_order
#3531,2025-11-13 19:01:34,CUST-00362,nina.neumann565@example.com,Aurora Ceramic Mug,White / 350ml,1,17.63,3.27,14.36,paid,DE,draft_order
#4037,2025-11-13 20:27:34,CUST-01180,felix.wolf279@example.com,Recycled Glass Vase,Amber,3,41.94,18.64,107.18,paid,US,online_store
#4037,2025-11-13 20:27:34,CUST-01180,felix.wolf279@example.com,Organic Cotton Tote,Cream,1,14.59,3.45,11.14,paid,US,online_store
#1613,2025-11-13 20:46:18,CUST-01052,lena.becker207@example.com,Recycled Glass Vase,Amber,1,41.67,0.0,41.67,paid,DE,online_store
#3028,2025-11-13 20:56:26,CUST-00184,anna.richter290@example.com,Aurora Ceramic Mug,White / 350ml,1,17.52,1.79,15.73,paid,FR,online_store
#3556,2025-11-14 07:45:11,CUST-01404,luis.neumann14@example.com,Soy Wax Candle — Cedar,Single,1,23.87,0.0,23.87,paid,DE,online_store
#3672,2025-11-14 08:28:55,CUST-00502,tom.schmidt720@example.com,Organic Cotton Tote,Navy,1,15.35,0.0,15.35,paid,DE,online_store
#3672,2025-11-14 08:28:55,CUST-00502,tom.schmidt720@example.com,Merino Wool Beanie,Forest,1,32.29,0.0,32.29,paid,DE,online_store
#3174,2025-11-14 11:07:04,CUST-00734,clara.hartmann702@example.com,Botanical Print A3,Olive,1,27.63,0.0,27.63,paid,DE,online_store
#2706,2025-11-14 11:21:26,CUST-00815,tom.hartmann77@example.com,Aurora Ceramic Mug,Black / 350ml,1,18.19,0.0,18.19,paid,FR,online_store
#2706,2025-11-14 11:21:26,CUST-00815,tom.hartmann77@example.com,Botanical Print A3,Fern,1,27.74,0.0,27.74,paid,FR,online_store
#2535,2025-11-14 11:28:38,CUST-00594,emma.weber162@example.com,Aurora Ceramic Mug,Sage / 350ml,3,17.56,12.59,40.09,PAID,US,online_store
#3821,2025-11-14 11:39:22,CUST-00071,luis.schmidt597@example.com,Soy Wax Candle — Cedar,Set of 3,1,24.65,0.0,24.65,paid,US,instagram
#1644,2025-11-14 12:19:21,CUST-01011,max.hartmann825@example.com,Organic Cotton Tote,Cream,1,15.37,0.0,15.37,paid,DE,online_store
#4010,2025-11-14 12:23:38,CUST-00995,marie.fischer294@example.com,Soy Wax Candle — Cedar,Single,1,23.47,5.49,17.98,paid,US,online_store
#3876,2025-11-14 15:20:16,CUST-01032,luis.weber654@example.com,Recycled Glass Vase,Amber,1,42.59,0.0,42.59,paid,DE,online_store
#3876,2025-11-14 15:20:16,CUST-01032,luis.weber654@example.com,Organic Cotton Tote,Cream,1,15.13,0.0,15.13,paid,DE,online_store
#1855,2025-11-14 15:25:33,CUST-00155,marie.klein440@example.com,Soy Wax Candle — Cedar,Single,1,24.05,0.0,,paid,DE,online_store
#2111,2025-11-14 15:33:09,CUST-00185,nina.hartmann458@example.com,Merino Wool Beanie,Forest,1,31.39,3.97,27.42,paid,US,pos
#3832,2025-11-14 16:17:07,CUST-00312,julia.braun837@example.com,Merino Wool Beanie,Forest,1,32.67,4.8,27.87,paid,DE,online_store
#2189,2025-11-14 18:07:05,CUST-00907,max.koch212@example.com,Recycled Glass Vase,Smoke,1,41.78,0.0,41.78,paid,US,online_store
#2189,2025-11-14 18:07:05,CUST-00907,max.koch212@example.com,Linen Throw Blanket,Natural,2,80.04,0.0,160.08,paid,US,online_store
#1134,2025-11-14 19:17:06,CUST-00155,marie.klein440@example.com,Aurora Ceramic Mug,White / 350ml,1,17.47,4.13,13.34,paid,DE,online_store
#1134,2025-11-14 19:17:06,CUST-00155,marie.klein440@example.com,Aurora Ceramic Mug,Black / 350ml,1,18.15,1.9,16.25,paid,DE,online_store
#3815,2025-11-14 20:13:13,CUST-01147,erik.richter510@example.com,Organic Cotton Tote,Cream,1,15.1,0.0,15.1,paid,NL,instagram
#2094,2025-11-14 21:28:00,CUST-00514,ben.becker677@example.com,Soy Wax Candle — Cedar,Single,1,24.64,0.0,24.64,paid,US,draft_order
#2094,2025-11-14 21:28:00,CUST-00514,ben.becker677@example.com,Organic Cotton Tote,Navy,1,15.24,0.0,15.24,paid,US,draft_order
#2140,2025-11-14 23:38:18,CUST-00811,julia.koch686@example.com,Aurora Ceramic Mug,Black / 350ml,3,18.22,8.26,46.4,pending,NL,draft_order
#2263,2025-11-15 09:43:54,CUST-01598,liam.richter874@example.com,Linen Throw Blanket,Charcoal,1,79.46,0.0,79.46,paid,GB,online_store
#1663,2025-11-15 10:44:18,CUST-00412,felix.koch305@example.com,Recycled Glass Vase,Amber,2,43.09,0.0,86.18,paid,FR,instagram
#4280,2025-11-15 10:50:59,CUST-01613,lena.schmidt731@example.com,Linen Throw Blanket,Rust,1,76.77,0.0,76.77,paid,FR,online_store
#3096,2025-11-15 11:47:20,CUST-00014,laura.richter656@example.com,Aurora Ceramic Mug,White / 350ml,2,18.2,0.0,36.4,paid,GB,pos
#3096,2025-11-15 11:47:20,CUST-00014,laura.richter656@example.com,Recycled Glass Vase,Smoke,1,42.33,0.0,42.33,paid,GB,pos
#2340,2025-11-15 12:20:48,CUST-00179,mia.koch935@example.com,Linen Throw Blanket,Charcoal,1,79.54,0.0,79.54,paid,DE,instagram
#3771,2025-11-15 12:21:57,CUST-01302,liam.becker124@example.com,Merino Wool Beanie,Black,1,32.23,0.0,32.23,paid,DE,draft_order
#1593,2025-11-15 13:16:32,CUST-01613,lena.schmidt731@example.com,Walnut Serving Board,Small,1,52.59,0.0,52.59,paid,FR,online_store
#3654,2025-11-15 13:54:23,CUST-01472,marie.richter546@example.com,Botanical Print A3,Olive,2,27.58,0.0,55.16,paid,NL,online_store
#3263,2025-11-15 14:09:23,CUST-01465,nina.schwarz640@example.com,Aurora Ceramic Mug,White / 350ml,1,17.49,3.63,13.86,paid,FR,pos
#1365,2025-11-15 15:25:13,CUST-01077,anna.neumann445@example.com,Merino Wool Beanie,Black,1,32.51,8.03,24.48,paid,US,online_store
#1365,2025-11-15 15:25:13,CUST-01077,anna.neumann445@example.com,Organic Cotton Tote,Navy,1,14.56,2.79,11.77,paid,US,online_store
#4130,2025-11-15 15:32:27,CUST-00474,laura.koch339@example.com,Aurora Ceramic Mug,Sage / 350ml,1,17.99,0.0,17.99,paid,GB,online_store
#2439,2025-11-15 15:49:30,CUST-01152,max.schmidt34@example.com,Organic Cotton Tote,Navy,1,14.65,3.19,11.46,paid,GB,online_store
#3113,2025-11-15 16:40:11,CUST-01600,marie.weber801@example.com,Walnut Serving Board,Large,3,52.62,0.0,157.86,paid,GB,instagram
#3113,2025-11-15 16:40:11,CUST-01600,marie.weber801@example.com,Soy Wax Candle — Cedar,Set of 3,2,24.67,0.0,49.34,paid,GB,instagram
#3113,2025-11-15 16:40:11,CUST-01600,marie.weber801@example.com,Merino Wool Beanie,Oat,1,31.32,0.0,31.32,paid,GB,instagram
#3113,2025-11-15 16:40:11,CUST-01600,marie.weber801@example.com,Soy Wax Candle — Cedar,Set of 3,2,24.67,0.0,49.34,paid,GB,instagram
#3397,2025-11-15 18:14:27,CUST-01399,paul.schmidt430@example.com,Organic Cotton Tote,Navy,2,15.13,6.12,24.14,paid,GB,online_store
#3369,2025-11-15 19:41:46,CUST-00423,tom.hartmann775@example.com,Organic Cotton Tote,Navy,1,15.12,0.0,15.12,paid,CH,online_store
#2173,2025-11-15 20:55:56,CUST-00578,erik.braun143@example.com,Soy Wax Candle — Cedar,Set of 3,3,24.59,12.79,60.98,pending,FR,instagram
#1108,2025-11-15 22:16:31,CUST-00567,lena.hoffmann987@example.com,Merino Wool Beanie,Forest,1,32.46,0.0,32.46,paid,GB,online_store
#4114,2025-11-16 07:46:12,CUST-01321,anna.koch334@example.com,Aurora Ceramic Mug,White / 350ml,1,18.08,0.0,18.08,paid,DE,pos
#4114,2025-11-16 07:46:12,CUST-01321,anna.koch334@example.com,Botanical Print A3,Fern,1,28.46,0.0,28.46,paid,DE,pos
#4114,2025-11-16 07:46:12,CUST-01321,anna.koch334@example.com,Linen Throw Blanket,Natural,1,79.0,0.0,79.0,paid,DE,pos
#3202,2025-11-16 09:39:21,CUST-01522,ben.richter571@example.com,Recycled Glass Vase,Smoke,1,42.52,0.0,42.52,paid,DE,instagram
#3202,2025-11-16 09:39:21,CUST-01522,ben.richter571@example.com,Organic Cotton Tote,Navy,1,14.69,0.0,14.69,paid,DE,instagram
#3871,2025-11-16 11:54:08,CUST-00240,ben.weber488@example.com,Organic Cotton Tote,Navy,1,15.27,3.81,11.46,paid,US,pos
#1821,2025-11-16 12:00:04,CUST-00277,ben.weber604@example.com,Walnut Serving Board,Large,1,54.03,13.27,40.76,paid,US,online_store
#1821,2025-11-16 12:00:04,CUST-00277,ben.weber604@example.com,Aurora Ceramic Mug,White / 350ml,2,17.96,6.83,29.09,paid,US,online_store
#2330,2025-11-16 12:44:16,CUST-00298,max.klein716@example.com,Merino Wool Beanie,Black,1,32.11,0.0,32.11,paid,GB,online_store
#3550,2025-11-16 13:35:47,CUST-01250,liam.wolf991@example.com,Stoneware Dinner Plate Set,Set of 4,1,98.71,0.0,98.71,paid,DE,online_store
#3550,2025-11-16 13:35:47,CUST-01250,liam.wolf991@example.com,Recycled Glass Vase,Amber,1,40.95,0.0,40.95,paid,DE,online_store
#2969,2025-11-16 14:06:57,CUST-00233,emma.schmidt250@example.com,Aurora Ceramic Mug,Black / 350ml,1,18.44,0.0,18.44,paid,CH,online_store
#2969,2025-11-16 14:06:57,CUST-00233,emma.schmidt250@example.com,Linen Throw Blanket,Rust,1,81.03,0.0,81.03,paid,CH,online_store
#3888,2025-11-16 14:33:57,CUST-00760,luis.hartmann688@example.com,Aurora Ceramic Mug,White / 350ml,2,18.53,0.0,37.06,paid,US,online_store
#3888,2025-11-16 14:33:57,CUST-00760,luis.hartmann688@example.com,Recycled Glass Vase,Amber,2,42.15,0.0,84.3,paid,US,online_store
#2039,2025-11-16 14:45:25,CUST-00933,ben.koch494@example.com,Merino Wool Beanie,Black,1,31.99,6.21,25.78,paid,FR,online_store
#4167,2025-11-16 16:27:39,CUST-01354,laura.becker980@example.com,Aurora Ceramic Mug,White / 350ml,1,18.08,0.0,18.08,paid,DE,online_store
#4167,2025-11-16 16:27:39,CUST-01354,laura.becker980@example.com,Merino Wool Beanie,Forest,1,32.94,0.0,32.94,paid,DE,online_store
#4167,2025-11-16 16:27:39,CUST-01354,laura.becker980@example.com,Merino Wool Beanie,Forest,1,31.62,0.0,31.62,paid,DE,online_store
#3760,2025-11-16 17:00:31,CUST-00941,max.richter407@example.com,Recycled Glass Vase,Amber,1,42.88,0.0,42.88,paid,FR,online_store
#3760,2025-11-16 17:00:31,CUST-00941,max.richter407@example.com,Merino Wool Beanie,Oat,1,32.26,0.0,32.26,paid,FR,online_store
#3760,2025-11-16 17:00:31,CUST-00941,max.richter407@example.com,Organic Cotton Tote,Navy,2,14.92,0.0,29.84,paid,FR,online_store
#2360,2025-11-16 17:02:24,CUST-00736,anna.richter620@example.com,Brass Pour-Over Stand,Standard,1,68.12,0.0,68.12,paid,GB,instagram
#1286,2025-11-16 18:29:18,CUST-00060,mia.hoffmann136@example.com,Soy Wax Candle — Cedar,Single,1,24.25,0.0,24.25,paid,AT,pos
#2855,2025-11-16 18:36:53,CUST-01652,emma.klein127@example.com,Linen Throw Blanket,Natural,1,78.51,0.0,78.51,paid,GB,pos
#2855,2025-11-16 18:36:53,CUST-01652,emma.klein127@example.com,Aurora Ceramic Mug,White / 350ml,1,18.47,0.0,18.47,paid,GB,pos
#2946,2025-11-16 18:39:31,CUST-00074,max.braun768@example.com,Organic Cotton Tote,Cream,1,14.81,1.57,13.24,paid,DE,online_store
#3099,2025-11-16 21:06:20,CUST-01163,nina.neumann630@example.com,Aurora Ceramic Mug,Black / 350ml,1,18.22,0.0,18.22,paid,GB,online_store
#2632,2025-11-16 22:01:20,CUST-00299,lena.fischer386@example.com,Botanical Print A3,Fern,1,28.2,0.0,28.2,paid,GB,online_store
#2632,2025-11-16 22:01:20,CUST-00299,lena.fischer386@example.com,Organic Cotton Tote,Cream,1,14.67,0.0,14.67,paid,GB,online_store
#2722,2025-11-17 07:46:17,CUST-00825,emma.wolf649@example.com,Soy Wax Candle — Cedar,Set of 3,1,24.62,0.0,24.62,paid,CH,online_store
#2864,2025-11-17 08:10:04,CUST-00384,erik.braun887@example.com,Soy Wax Candle — Cedar,Set of 3,2,24.24,0.0,48.48,refunded,AT,pos
#2621,2025-11-17 09:39:26,CUST-00538,jonas.richter733@example.com,Soy Wax Candle — Cedar,Set of 3,1,23.96,3.69,20.27,paid,US,pos
#2621,2025-11-17 09:39:26,CUST-00538,jonas.richter733@example.com,Soy Wax Candle — Cedar,Single,1,24.14,2.99,21.15,paid,US,pos
#2196,2025-11-17 10:05:09,CUST-00117,marie.becker389@example.com,Stoneware Dinner Plate Set,Set of 6,2,98.67,30.06,167.28,paid,DE,instagram
#2196,2025-11-17 10:05:09,CUST-00117,marie.becker389@example.com,Organic Cotton Tote,Navy,2,15.17,5.07,25.27,paid,DE,instagram
#4182,2025-11-17 10:20:38,CUST-01517,sofia.hoffmann290@example.com,Merino Wool Beanie,Forest,1,31.12,0.0,31.12,paid,FR,online_store
#4379,2025-11-17 10:23:44,CUST-00687,noah.wolf140@example.com,Organic Cotton Tote,Cream,1,14.63,0.0,14.63,refunded,CH,instagram
#2596,2025-11-17 12:33:19,CUST-00657,mia.koch406@example.com,Brass Pour-Over Stand,Standard,1,66.9,0.0,66.9,paid,US,pos
#2862,2025-11-17 12:59:57,CUST-00667,clara.richter153@example.com,Brass Pour-Over Stand,Standard,1,69.03,15.39,53.64,paid,DE,online_store
#1849,2025-11-17 13:51:25,CUST-00942,ben.hartmann573@example.com,Walnut Serving Board,Large,1,55.26,0.0,55.26,paid,US,online_store
#1849,2025-11-17 13:51:25,CUST-00942,ben.hartmann573@example.com,Walnut Serving Board,Large,1,55.26,0.0,55.26,paid,US,online_store
#3465,2025-11-17 14:15:34,CUST-00070,noah.fischer708@example.com,Aurora Ceramic Mug,Black / 350ml,1,18.19,3.77,14.42,pending,AT,online_store
#4256,2025-11-17 14:54:00,CUST-01386,anna.fischer605@example.com,Soy Wax Candle — Cedar,Single,1,24.19,0.0,24.19,paid,FR,draft_order
#4256,2025-11-17 14:54:00,CUST-01386,anna.fischer605@example.com,Organic Cotton Tote,Cream,1,14.63,0.0,14.63,paid,FR,draft_order
#4256,2025-11-17 14:54:00,CUST-01386,anna.fischer605@example.com,Stoneware Dinner Plate Set,Set of 4,1,93.57,0.0,93.57,paid,FR,draft_order
#2859,2025-11-17 17:54:09,CUST-01560,felix.wagner701@example.com,Soy Wax Candle — Cedar,Set of 3,1,23.47,0.0,23.47,paid,AT,online_store
#2237,2025-11-17 17:59:03,CUST-00671,luis.mueller801@example.com,Merino Wool Beanie,Forest,2,32.19,15.61,48.77,paid,FR,online_store
#4172,2025-11-17 19:10:59,CUST-00724,erik.richter745@example.com,Aurora Ceramic Mug,Sage / 350ml,1,18.33,2.21,16.12,paid,AT,draft_order
#4172,2025-11-17 19:10:59,CUST-00724,erik.richter745@example.com,Walnut Serving Board,Large,1,54.18,8.56,45.62,paid,AT,draft_order
#3379,2025-11-17 19:42:21,CUST-00229,clara.schmidt223@example.com,Merino Wool Beanie,Black,1,32.59,0.0,32.59,paid,US,draft_order
#3685,2025-11-18 10:34:05,CUST-00523,jonas.becker174@example.com,Organic Cotton Tote,Navy,1,14.63,3.09,11.54,paid,DE,online_store
#3685,2025-11-18 10:34:05,CUST-00523,jonas.becker174@example.com,Soy Wax Candle — Cedar,Single,1,23.7,4.85,18.85,paid,DE,online_store
#2436,2025-11-18 11:56:33,CUST-01246,mia.richter631@example.com,Soy Wax Candle — Cedar,Set of 3,1,24.56,0.0,24.56,paid,DE,online_store
#2436,2025-11-18 11:56:33,CUST-01246,mia.richter631@example.com,Soy Wax Candle — Cedar,Single,1,23.66,0.0,23.66,paid,DE,online_store
#2436,2025-11-18 11:56:33,CUST-01246,mia.richter631@example.com,Organic Cotton Tote,Navy,2,14.89,0.0,29.78,paid,DE,online_store
#1196,2025-11-18 13:03:59,CUST-00179,mia.koch935@example.com,Organic Cotton Tote,Navy,2,15.11,0.0,30.22,paid,DE,online_store
#1196,2025-11-18 13:03:59,CUST-00179,mia.koch935@example.com,Merino Wool Beanie,Oat,1,31.08,0.0,31.08,paid,DE,online_store
#1196,2025-11-18 13:03:59,CUST-00179,mia.koch935@example.com,Brass Pour-Over Stand,Standard,2,68.64,0.0,137.28,paid,DE,online_store
#1827,2025-11-18 13:39:26,CUST-00671,luis.mueller801@example.com,Soy Wax Candle — Cedar,Set of 3,1,23.29,0.0,23.29,paid,FR,draft_order
#1467,2025-11-18 15:26:45,CUST-00705,emma.braun169@example.com,Aurora Ceramic Mug,Black / 350ml,1,18.19,0.0,18.19,paid,GB,online_store
#1467,2025-11-18 15:26:45,CUST-00705,emma.braun169@example.com,Recycled Glass Vase,Smoke,1,42.06,0.0,42.06,paid,GB,online_store
#3635,2025-11-18 17:17:07,CUST-00397,tom.krueger915@example.com,Soy Wax Candle — Cedar,Set of 3,1,23.35,2.88,20.47,paid,US,online_store
#3635,2025-11-18 17:17:07,CUST-00397,tom.krueger915@example.com,Linen Throw Blanket,Charcoal,1,79.19,9.28,69.91,paid,US,online_store
#3635,2025-11-18 17:17:07,CUST-00397,tom.krueger915@example.com,Aurora Ceramic Mug,White / 350ml,1,17.55,3.62,13.93,paid,US,online_store
#3793,2025-11-18 17:39:19,CUST-01525,felix.schwarz136@example.com,Merino Wool Beanie,Black,1,32.72,7.56,25.16,paid,CH,online_store
#3793,2025-11-18 17:39:19,CUST-01525,felix.schwarz136@example.com,Soy Wax Candle — Cedar,Single,1,24.49,2.99,21.5,paid,CH,online_store
#3914,2025-11-18 18:20:51,CUST-00418,luis.richter713@example.com,Organic Cotton Tote,Navy,1,15.39,0.0,15.39,paid,DE,online_store
#3914,2025-11-18 18:20:51,CUST-00418,luis.richter713@example.com,Walnut Serving Board,Small,1,55.13,0.0,55.13,paid,DE,online_store
#2622,2025-11-18 18:37:17,CUST-00801,lena.becker916@example.com,Soy Wax Candle — Cedar,Set of 3,1,24.37,2.66,21.71,refunded,US,online_store
#1348,2025-11-18 18:43:17,CUST-01247,clara.mueller619@example.com,Stoneware Dinner Plate Set,Set of 4,1,96.92,14.04,82.88,paid,DE,online_store
#4134,2025-11-18 21:43:20,CUST-01341,emma.fischer708@example.com,Stoneware Dinner Plate Set,Set of 4,1,94.16,21.89,72.27,paid,DE,online_store
#1007,2025-11-18 22:24:52,CUST-00959,sofia.krueger589@example.com,Aurora Ceramic Mug,Sage / 350ml,1,17.47,0.0,17.47,paid,DE,online_store
#1007,2025-11-18 22:24:52,CUST-00959,sofia.krueger589@example.com,Soy Wax Candle — Cedar,Set of 3,1,23.68,0.0,23.68,paid,DE,online_store
#1007,2025-11-18 22:24:52,CUST-00959,sofia.krueger589@example.com,Soy Wax Candle — Cedar,Set of 3,1,23.68,0.0,23.68,paid,DE,online_store
#1642,2025-11-18 23:45:27,CUST-00954,jonas.mueller89@example.com,Botanical Print A3,Eucalyptus,2,28.47,10.88,46.06,paid,CH,online_store
#1049,2025-11-19 08:32:37,CUST-01155,erik.becker768@example.com,Linen Throw Blanket,Natural,1,77.78,8.7,69.08,paid,GB,online_store
#3675,2025-11-19 11:12:03,CUST-01250,liam.wolf991@example.com,Stoneware Dinner Plate Set,Set of 4,1,94.89,22.27,72.62,paid,DE,online_store
#3675,2025-11-19 11:12:03,CUST-01250,liam.wolf991@example.com,Recycled Glass Vase,Smoke,1,42.58,5.25,37.33,paid,DE,online_store
#2922,2025-11-19 11:20:09,CUST-00258,erik.mueller674@example.com,Aurora Ceramic Mug,Black / 350ml,1,18.42,0.0,18.42,paid,NL,pos
#2922,2025-11-19 11:20:09,CUST-00258,erik.mueller674@example.com,Walnut Serving Board,Large,1,53.24,0.0,53.24,PAID,NL,pos
#2435,2025-11-19 12:22:26,CUST-00425,nina.koch741@example.com,Botanical Print A3,Olive,1,28.45,0.0,,paid,NL,online_store
#4016,2025-11-19 13:01:55,CUST-00722,paul.hoffmann130@example.com,Organic Cotton Tote,Cream,1,14.95,2.82,,paid,DE,online_store
#4432,2025-11-19 14:33:00,CUST-01096,sofia.hoffmann769@example.com,Merino Wool Beanie,Oat,1,31.59,5.07,26.52,paid,DE,online_store
#2299,2025-11-19 15:28:19,CUST-00418,luis.richter713@example.com,Merino Wool Beanie,Forest,1,32.85,0.0,32.85,paid,DE,online_store
#3433,2025-11-19 15:45:15,CUST-01441,tom.mueller392@example.com,Aurora Ceramic Mug,White / 350ml,1,18.34,1.9,16.44,paid,GB,online_store
#3805,2025-11-19 17:22:27,CUST-00469,liam.neumann688@example.com,Soy Wax Candle — Cedar,Set of 3,1,23.55,0.0,23.55,paid,US,online_store
#3805,2025-11-19 17:22:27,CUST-00469,liam.neumann688@example.com,Merino Wool Beanie,Black,1,32.92,0.0,32.92,paid,US,online_store
#4414,2025-11-19 18:47:52,CUST-00568,tom.braun426@example.com,Brass Pour-Over Stand,Standard,1,69.72,0.0,69.72,paid,FR,instagram
#2554,2025-11-19 18:59:19,CUST-00357,paul.krueger830@example.com,Merino Wool Beanie,Black,1,31.98,5.77,26.21,refunded,GB,online_store
#2554,2025-11-19 18:59:19,CUST-00357,paul.krueger830@example.com,Stoneware Dinner Plate Set,Set of 6,1,94.76,15.97,78.79,refunded,GB,online_store
#2437,2025-11-19 19:48:31,CUST-01496,laura.mueller403@example.com,Walnut Serving Board,Large,1,53.68,0.0,53.68,paid,AT,online_store
#1790,2025-11-19 20:37:26,CUST-00811,julia.koch686@example.com,Merino Wool Beanie,Black,1,32.94,0.0,32.94,paid,NL,online_store
#1790,2025-11-19 20:37:26,CUST-00811,julia.koch686@example.com,Aurora Ceramic Mug,White / 350ml,1,18.22,0.0,18.22,paid,NL,online_store
#1658,2025-11-20 10:19:09,CUST-00103,luis.wolf913@example.com,Botanical Print A3,Fern,1,28.44,6.37,22.07,paid,US,online_store
#4054,2025-11-20 10:20:44,CUST-00403,nina.koch598@example.com,Linen Throw Blanket,Natural,2,78.52,35.66,121.38,paid,US,online_store
#3239,2025-11-20 13:51:49,CUST-00843,felix.braun536@example.com,Merino Wool Beanie,Forest,1,31.58,4.61,26.97,PAID,DE,draft_order
#3239,2025-11-20 13:51:49,CUST-00843,felix.braun536@example.com,Merino Wool Beanie,Forest,1,31.58,4.61,26.97,paid,DE,draft_order
#2829,2025-11-20 14:30:48,CUST-01623,luis.richter793@example.com,Soy Wax Candle — Cedar,Single,3,23.95,0.0,71.85,paid,DE,online_store
#2829,2025-11-20 14:30:48,CUST-01623,luis.richter793@example.com,Recycled Glass Vase,Amber,1,42.74,0.0,42.74,paid,DE,online_store
#2382,2025-11-20 14:31:59,CUST-00792,sofia.hoffmann852@example.com,Organic Cotton Tote,Navy,2,14.82,3.54,26.1,paid,US,pos
#2382,2025-11-20 14:31:59,CUST-00792,sofia.hoffmann852@example.com,Merino Wool Beanie,Black,1,31.22,4.96,26.26,paid,US,pos
#1501,2025-11-20 14:34:48,CUST-00729,felix.neumann271@example.com,Aurora Ceramic Mug,Black / 350ml,2,17.91,0.0,35.82,paid,US,online_store
#3711,2025-11-20 15:03:23,CUST-01612,paul.braun778@example.com,Soy Wax Candle — Cedar,Single,1,23.94,4.26,19.68,paid,DE,instagram
#2355,2025-11-20 15:16:15,CUST-01081,liam.schwarz771@example.com,Linen Throw Blanket,Rust,2,78.85,0.0,157.7,paid,GB,instagram
#4088,2025-11-20 15:25:35,CUST-00940,nina.richter549@example.com,Organic Cotton Tote,Cream,1,15.41,2.8,12.61,paid,US,online_store
#4088,2025-11-20 15:25:35,CUST-00940,nina.richter549@example.com,Recycled Glass Vase,Smoke,2,42.08,12.29,71.87,paid,US,online_store
#4369,2025-11-20 15:27:01,CUST-01400,max.schmidt543@example.com,Merino Wool Beanie,Forest,1,31.82,5.5,26.32,refunded,GB,draft_order
#1698,2025-11-20 15:40:33,CUST-00929,tom.schmidt545@example.com,Organic Cotton Tote,Navy,1,15.4,0.0,15.4,paid,US,instagram
#4342,2025-11-20 17:20:34,CUST-00187,anna.hoffmann245@example.com,Walnut Serving Board,Small,1,53.95,6.94,47.01,refunded,GB,online_store
#4261,2025-11-20 17:34:19,CUST-00840,max.wagner666@example.com,Soy Wax Candle — Cedar,Set of 3,3,23.4,0.0,70.2,paid,CH,instagram
#3645,2025-11-20 17:42:15,CUST-01311,felix.neumann572@example.com,Aurora Ceramic Mug,Sage / 350ml,2,18.1,8.87,27.33,paid,DE,online_store
#3645,2025-11-20 17:42:15,CUST-01311,felix.neumann572@example.com,Merino Wool Beanie,Forest,1,31.31,6.16,25.15,paid,DE,online_store
#3279,2025-11-20 17:54:09,CUST-00543,laura.wolf441@example.com,Merino Wool Beanie,Forest,1,31.88,0.0,31.88,paid,DE,online_store
#3279,2025-11-20 17:54:09,CUST-00543,laura.wolf441@example.com,Walnut Serving Board,Large,1,54.63,0.0,54.63,paid,DE,online_store
#3279,2025-11-20 17:54:09,CUST-00543,laura.wolf441@example.com,Merino Wool Beanie,Forest,1,31.88,0.0,31.88,paid,DE,online_store
#3058,2025-11-20 18:58:59,CUST-01413,ben.weber794@example.com,Merino Wool Beanie,Oat,1,32.02,5.73,26.29,paid,US,online_store
#2993,2025-11-20 19:03:27,CUST-00903,max.mueller869@example.com,Aurora Ceramic Mug,Sage / 350ml,1,17.85,0.0,17.85,paid,CH,instagram
#2993,2025-11-20 19:03:27,CUST-00903,max.mueller869@example.com,Recycled Glass Vase,Amber,1,41.9,0.0,41.9,paid,CH,instagram
#4007,2025-11-20 19:30:29,CUST-00996,lena.becker951@example.com,Aurora Ceramic Mug,White / 350ml,1,18.02,0.0,18.02,paid,DE,pos
#4007,2025-11-20 19:30:29,CUST-00996,lena.becker951@example.com,Soy Wax Candle — Cedar,Single,1,24.37,0.0,24.37,paid,DE,pos
#3770,2025-11-20 20:12:47,CUST-00920,paul.wagner41@example.com,Botanical Print A3,Eucalyptus,2,28.46,0.0,56.92,paid,,online_store
#2640,2025-11-20 21:36:13,CUST-00957,luis.klein573@example.com,Aurora Ceramic Mug,Black / 350ml,1,17.79,3.17,14.62,paid,AT,online_store
#3508,2025-11-20 21:49:20,CUST-00334,paul.krueger491@example.com,Botanical Print A3,Fern,1,28.26,0.0,28.26,paid,GB,online_store
#3508,2025-11-20 21:49:20,CUST-00334,paul.krueger491@example.com,Stoneware Dinner Plate Set,Set of 4,1,98.33,0.0,98.33,paid,GB,online_store
#3508,2025-11-20 21:49:20,CUST-00334,paul.krueger491@example.com,Soy Wax Candle — Cedar,Single,2,24.29,0.0,48.58,paid,GB,online_store
#1422,2025-11-21 09:12:45,CUST-00965,jonas.koch423@example.com,Aurora Ceramic Mug,Sage / 350ml,1,17.98,2.18,15.8,paid,CH,online_store
#1200,2025-11-21 11:54:50,CUST-00190,lena.hartmann130@example.com,Merino Wool Beanie,Oat,1,32.89,6.28,26.61,refunded,US,instagram
#2618,2025-11-21 12:26:19,CUST-00641,jonas.krueger996@example.com,Aurora Ceramic Mug,Sage / 350ml,1,18.2,0.0,18.2,pending,US,instagram
#4258,2025-11-21 12:45:49,CUST-00849,felix.schmidt397@example.com,Soy Wax Candle — Cedar,Single,1,24.04,4.37,19.67,paid,US,instagram
#4258,2025-11-21 12:45:49,CUST-00849,felix.schmidt397@example.com,Linen Throw Blanket,Rust,1,81.36,15.44,65.92,paid,US,instagram
#4258,2025-11-21 12:45:49,CUST-00849,felix.schmidt397@example.com,Linen Throw Blanket,Rust,1,81.36,15.44,65.92,paid,US,instagram
#2252,2025-11-21 13:27:15,CUST-00407,erik.hartmann754@example.com,Merino Wool Beanie,Black,1,31.92,0.0,31.92,paid,FR,online_store
#2252,2025-11-21 13:27:15,CUST-00407,erik.hartmann754@example.com,Soy Wax Candle — Cedar,Single,1,24.38,0.0,24.38,paid,FR,online_store
#4382,2025-11-21 13:31:28,CUST-01000,max.krueger189@example.com,Soy Wax Candle — Cedar,Single,3,23.82,15.23,56.23,paid,NL,online_store
#1305,2025-11-21 13:48:16,CUST-00526,clara.koch508@example.com,Soy Wax Candle — Cedar,Single,1,23.48,4.19,19.29,paid,GB,online_store
#1038,2025-11-21 14:12:00,CUST-01650,laura.koch348@example.com,Soy Wax Candle — Cedar,Single,1,23.95,2.54,21.41,paid,US,online_store
#1038,2025-11-21 14:12:00,CUST-01650,laura.koch348@example.com,Walnut Serving Board,Large,1,55.23,9.3,45.93,paid,US,online_store
#1845,2025-11-21 14:38:13,CUST-00054,laura.weber584@example.com,Organic Cotton Tote,Cream,1,15.34,1.69,13.65,paid,DE,online_store
#3143,2025-11-21 15:49:14,CUST-00577,jonas.hoffmann603@example.com,Aurora Ceramic Mug,Black / 350ml,1,18.28,0.0,18.28,paid,GB,online_store
#2766,2025-11-21 16:21:51,CUST-01561,jonas.braun49@example.com,Merino Wool Beanie,Forest,1,31.51,6.03,25.48,pending,US,instagram
#4344,2025-11-21 16:29:46,CUST-00189,laura.schwarz812@example.com,Aurora Ceramic Mug,Black / 350ml,1,18.18,2.79,15.39,paid,,online_store
#4344,2025-11-21 16:29:46,CUST-00189,laura.schwarz812@example.com,Soy Wax Candle — Cedar,Set of 3,1,24.31,4.6,19.71,paid,NL,online_store
#4410,2025-11-21 17:48:22,CUST-01102,laura.koch521@example.com,Stoneware Dinner Plate Set,Set of 6,2,98.56,0.0,197.12,paid,CH,online_store
#3930,2025-11-21 18:24:27,CUST-00674,emma.richter484@example.com,Botanical Print A3,Fern,1,27.88,6.75,21.13,paid,US,draft_order
#3498,2025-11-21 18:24:31,CUST-00965,jonas.koch423@example.com,Recycled Glass Vase,Smoke,1,42.93,0.0,42.93,paid,CH,instagram
#2572,2025-11-21 19:08:40,CUST-01069,julia.wagner310@example.com,Botanical Print A3,Olive,1,27.88,0.0,27.88,paid,DE,online_store
#1598,2025-11-21 20:02:01,CUST-01091,marie.wagner947@example.com,Merino Wool Beanie,Forest,1,32.05,0.0,32.05,paid,,online_store
#1598,2025-11-21 20:02:01,CUST-01091,marie.wagner947@example.com,Linen Throw Blanket,Charcoal,1,77.56,0.0,77.56,paid,NL,online_store
#4140,2025-11-21 21:37:15,CUST-01112,felix.wolf135@example.com,Aurora Ceramic Mug,White / 350ml,1,18.27,2.76,15.51,paid,DE,instagram
#2843,2025-11-22 07:30:03,CUST-00027,felix.hoffmann781@example.com,Merino Wool Beanie,Black,1,32.35,4.67,27.68,paid,DE,online_store
#2843,2025-11-22 07:30:03,CUST-00027,felix.hoffmann781@example.com,Soy Wax Candle — Cedar,Single,1,23.83,3.51,20.32,paid,DE,online_store
#3393,2025-11-22 09:49:53,CUST-01556,erik.becker437@example.com,Stoneware Dinner Plate Set,Set of 6,1,94.85,20.36,74.49,paid,DE,online_store
#3963,2025-11-22 10:07:11,CUST-00104,julia.braun562@example.com,Walnut Serving Board,Large,1,52.38,0.0,52.38,paid,US,online_store
#3963,2025-11-22 10:07:11,CUST-00104,julia.braun562@example.com,Aurora Ceramic Mug,White / 350ml,1,17.46,0.0,17.46,paid,,online_store
#3963,2025-11-22 10:07:11,CUST-00104,julia.braun562@example.com,Soy Wax Candle — Cedar,Set of 3,1,24.11,0.0,24.11,paid,US,online_store
#3963,2025-11-22 10:07:11,CUST-00104,julia.braun562@example.com,Aurora Ceramic Mug,White / 350ml,1,17.46,0.0,17.46,paid,US,online_store
#2040,2025-11-22 11:35:00,CUST-00583,liam.richter130@example.com,Brass Pour-Over Stand,Standard,2,66.32,0.0,132.64,pending,FR,online_store
#2040,2025-11-22 11:35:00,CUST-00583,liam.richter130@example.com,Merino Wool Beanie,Black,1,31.05,0.0,31.05,pending,FR,online_store
#2215,2025-11-22 12:20:36,CUST-00853,marie.becker77@example.com,Organic Cotton Tote,Navy,3,15.3,0.0,45.9,paid,DE,online_store
#4247,2025-11-22 12:54:26,CUST-00528,laura.wolf390@example.com,Organic Cotton Tote,Cream,1,14.78,0.0,14.78,paid,NL,online_store
#4247,2025-11-22 12:54:26,CUST-00528,laura.wolf390@example.com,Linen Throw Blanket,Natural,2,80.99,0.0,161.98,paid,NL,online_store
#2459,2025-11-22 13:49:40,CUST-01037,mia.koch94@example.com,Organic Cotton Tote,Cream,2,14.77,0.0,29.54,paid,GB,instagram
#2840,2025-11-22 15:08:19,CUST-01389,sofia.becker297@example.com,Organic Cotton Tote,Cream,1,15.28,0.0,15.28,paid,US,online_store
#2840,2025-11-22 15:08:19,CUST-01389,sofia.becker297@example.com,Merino Wool Beanie,Oat,1,32.27,0.0,32.27,paid,US,online_store
#1741,2025-11-22 15:24:14,CUST-01145,felix.klein985@example.com,Soy Wax Candle — Cedar,Set of 3,1,23.69,0.0,23.69,paid,US,pos
#1542,2025-11-22 15:43:17,CUST-01653,mia.hoffmann555@example.com,Stoneware Dinner Plate Set,Set of 6,1,97.78,10.22,,paid,GB,online_store
#4317,2025-11-22 16:37:08,CUST-01454,nina.mueller641@example.com,Linen Throw Blanket,Rust,2,79.77,0.0,159.54,paid,US,online_store
#2965,2025-11-22 16:41:04,CUST-01323,mia.hartmann56@example.com,Brass Pour-Over Stand,Standard,1,67.35,11.44,55.91,paid,AT,online_store
#1957,2025-11-22 17:08:23,CUST-01125,emma.richter228@example.com,Linen Throw Blanket,Rust,2,79.61,0.0,159.22,pending,FR,online_store
#1411,2025-11-22 18:09:47,CUST-01229,tom.braun140@example.com,Botanical Print A3,Olive,1,27.83,2.84,24.99,paid,DE,online_store
#4517,2025-11-22 18:45:13,CUST-01157,laura.fischer864@example.com,Aurora Ceramic Mug,Black / 350ml,1,17.99,0.0,17.99,paid,US,online_store
#4163,2025-11-22 19:07:32,CUST-01557,julia.wolf693@example.com,Aurora Ceramic Mug,Sage / 350ml,1,17.74,3.2,14.54,paid,DE,online_store
#4163,2025-11-22 19:07:32,CUST-01557,julia.wolf693@example.com,Recycled Glass Vase,Amber,1,41.01,5.32,35.69,paid,DE,online_store
#3150,2025-11-22 20:44:03,CUST-00507,sofia.wagner730@example.com,Aurora Ceramic Mug,Sage / 350ml,1,18.09,3.45,14.64,paid,NL,online_store
#3494,2025-11-23 11:20:33,CUST-00883,mia.klein760@example.com,Linen Throw Blanket,Charcoal,1,78.74,0.0,78.74,paid,AT,online_store
#3663,2025-11-23 13:13:06,CUST-00846,felix.hoffmann34@example.com,Aurora Ceramic Mug,Black / 350ml,2,17.64,6.11,29.17,paid,US,online_store
#4308,2025-11-23 13:14:14,CUST-00345,paul.krueger44@example.com,Botanical Print A3,Olive,1,28.06,0.0,28.06,paid,FR,draft_order
#1199,2025-11-23 14:10:22,CUST-00805,paul.weber744@example.com,Organic Cotton Tote,Navy,1,14.69,0.0,14.69,paid,DE,pos
#2975,2025-11-23 14:23:37,CUST-00321,tom.wagner481@example.com,Soy Wax Candle — Cedar,Set of 3,2,24.1,11.87,36.33,paid,US,online_store
#2593,2025-11-23 14:36:31,CUST-00267,julia.weber114@example.com,Aurora Ceramic Mug,Black / 350ml,2,18.26,0.0,36.52,refunded,DE,online_store
#2593,2025-11-23 14:36:31,CUST-00267,julia.weber114@example.com,Soy Wax Candle — Cedar,Single,1,24.53,0.0,24.53,refunded,DE,online_store
#3898,2025-11-23 14:47:37,CUST-00312,julia.braun837@example.com,Aurora Ceramic Mug,Black / 350ml,1,17.65,0.0,17.65,paid,DE,pos
#2839,2025-11-23 15:07:32,CUST-00744,paul.hartmann359@example.com,Aurora Ceramic Mug,White / 350ml,1,17.78,0.0,17.78,paid,US,instagram
#4058,2025-11-23 15:41:13,CUST-00351,lena.krueger381@example.com,Linen Throw Blanket,Charcoal,1,76.64,0.0,76.64,paid,US,online_store
#4028,2025-11-23 16:12:49,CUST-00459,luis.braun844@example.com,Walnut Serving Board,Large,1,53.74,0.0,53.74,paid,DE,online_store
#4290,2025-11-23 16:44:35,CUST-00146,nina.klein853@example.com,Merino Wool Beanie,Black,1,31.29,0.0,31.29,paid,DE,online_store
#4372,2025-11-23 20:00:53,CUST-00594,emma.weber162@example.com,Recycled Glass Vase,Amber,3,43.24,27.73,101.99,paid,US,online_store
#4128,2025-11-24 08:18:25,CUST-00246,anna.schwarz544@example.com,Aurora Ceramic Mug,White / 350ml,1,18.39,0.0,18.39,paid,DE,instagram
#1032,2025-11-24 08:33:37,CUST-01299,jonas.fischer437@example.com,Soy Wax Candle — Cedar,Single,1,24.29,0.0,24.29,paid,DE,instagram
#1032,2025-11-24 08:33:37,CUST-01299,jonas.fischer437@example.com,Linen Throw Blanket,Natural,1,80.67,0.0,80.67,paid,DE,instagram
#3691,2025-11-24 09:12:52,CUST-01445,luis.mueller33@example.com,Soy Wax Candle — Cedar,Single,1,24.56,0.0,24.56,paid,CH,online_store
#3691,2025-11-24 09:12:52,CUST-01445,luis.mueller33@example.com,Organic Cotton Tote,Cream,1,15.44,0.0,15.44,paid,CH,online_store
#3628,2025-11-24 09:22:09,CUST-01489,clara.krueger884@example.com,Soy Wax Candle — Cedar,Single,2,23.87,0.0,47.74,paid,GB,online_store
#3499,2025-11-24 09:30:20,CUST-00500,nina.koch232@example.com,Walnut Serving Board,Large,2,54.12,20.96,87.28,paid,DE,online_store
#3499,2025-11-24 09:30:20,CUST-00500,nina.koch232@example.com,Soy Wax Candle — Cedar,Single,2,23.57,11.26,35.88,paid,DE,online_store
#3499,2025-11-24 09:30:20,CUST-00500,nina.koch232@example.com,Stoneware Dinner Plate Set,Set of 6,1,96.51,15.49,81.02,paid,DE,online_store
#3475,2025-11-24 10:09:32,CUST-00792,sofia.hoffmann852@example.com,Brass Pour-Over Stand,Standard,1,66.25,0.0,66.25,paid,US,online_store
#4153,2025-11-24 11:02:34,CUST-01447,marie.schmidt571@example.com,Aurora Ceramic Mug,Sage / 350ml,1,17.87,3.84,14.03,paid,GB,online_store
#4153,2025-11-24 11:02:34,CUST-01447,marie.schmidt571@example.com,Organic Cotton Tote,Cream,1,14.58,2.39,12.19,paid,GB,online_store
#4153,2025-11-24 11:02:34,CUST-01447,marie.schmidt571@example.com,Linen Throw Blanket,Natural,2,77.18,35.1,119.26,paid,GB,online_store
#4331,2025-11-24 11:10:12,CUST-00724,erik.richter745@example.com,Merino Wool Beanie,Oat,2,31.43,0.0,62.86,paid,AT,online_store
#2537,2025-11-24 11:14:45,CUST-01109,laura.mueller972@example.com,Merino Wool Beanie,Forest,1,32.78,7.17,25.61,pending,DE,online_store
#4218,2025-11-24 12:02:00,CUST-00347,mia.schwarz821@example.com,Merino Wool Beanie,Black,1,31.32,4.92,26.4,paid,FR,instagram
#2909,2025-11-24 12:22:21,CUST-00384,erik.braun887@example.com,Linen Throw Blanket,Natural,1,79.27,0.0,79.27,paid,AT,online_store
#4484,2025-11-24 12:43:18,CUST-00961,felix.wolf823@example.com,Soy Wax Candle — Cedar,Set of 3,1,23.71,2.96,20.75,paid,US,online_store
#3497,2025-11-24 12:54:54,CUST-01234,clara.braun591@example.com,Botanical Print A3,Eucalyptus,3,27.9,0.0,83.7,paid,US,online_store
#3497,2025-11-24 12:54:54,CUST-01234,clara.braun591@example.com,Soy Wax Candle — Cedar,Single,1,23.81,0.0,23.81,paid,US,online_store
#3497,2025-11-24 12:54:54,CUST-01234,clara.braun591@example.com,Merino Wool Beanie,Forest,1,31.49,0.0,31.49,paid,US,online_store
#2099,2025-11-24 13:09:40,CUST-00458,emma.mueller475@example.com,Linen Throw Blanket,Charcoal,1,78.29,0.0,78.29,paid,GB,instagram
#3417,2025-11-24 13:24:11,CUST-00572,luis.weber275@example.com,Recycled Glass Vase,Amber,1,42.67,9.88,32.79,paid,FR,online_store
#2235,2025-11-24 13:29:12,CUST-00361,lena.koch27@example.com,Stoneware Dinner Plate Set,Set of 6,2,95.28,0.0,190.56,paid,US,online_store
#4143,2025-11-24 13:32:47,CUST-00435,lena.hartmann255@example.com,Soy Wax Candle — Cedar,Single,3,23.6,0.0,70.8,paid,DE,online_store
#1395,2025-11-24 14:06:51,CUST-00892,max.wolf173@example.com,Walnut Serving Board,Large,1,54.17,0.0,54.17,paid,DE,pos
#1660,2025-11-24 14:48:33,CUST-00707,sofia.braun740@example.com,Soy Wax Candle — Cedar,Single,1,24.47,4.6,19.87,paid,AT,online_store
#2319,2025-11-24 15:05:18,CUST-01180,felix.wolf279@example.com,Soy Wax Candle — Cedar,Set of 3,2,24.65,0.0,49.3,PAID,US,online_store
#2161,2025-11-24 15:14:08,CUST-01352,luis.klein377@example.com,Aurora Ceramic Mug,White / 350ml,2,17.85,4.56,31.14,paid,FR,instagram
#2161,2025-11-24 15:14:08,CUST-01352,luis.klein377@example.com,Aurora Ceramic Mug,Sage / 350ml,1,18.19,1.95,16.24,paid,FR,instagram
#2161,2025-11-24 15:14:08,CUST-01352,luis.klein377@example.com,Organic Cotton Tote,Cream,1,14.77,2.3,12.47,paid,FR,instagram
#1924,2025-11-24 15:23:48,CUST-01334,liam.schmidt752@example.com,Linen Throw Blanket,Charcoal,1,81.07,0.0,81.07,paid,FR,online_store
#3545,2025-11-24 15:53:19,CUST-00675,nina.koch103@example.com,Soy Wax Candle — Cedar,Set of 3,1,23.92,0.0,23.92,paid,DE,online_store
#2480,2025-11-24 15:53:21,CUST-00480,noah.hartmann713@example.com,Stoneware Dinner Plate Set,Set of 6,1,98.24,21.32,76.92,paid,GB,online_store
#2580,2025-11-24 16:20:37,CUST-00906,liam.koch238@example.com,Linen Throw Blanket,Natural,1,80.95,0.0,80.95,paid,DE,online_store
#3678,2025-11-24 16:24:11,CUST-00726,clara.krueger13@example.com,Recycled Glass Vase,Amber,1,43.18,9.21,33.97,paid,FR,instagram
#3740,2025-11-24 16:28:41,CUST-00080,jonas.mueller409@example.com,Botanical Print A3,Fern,1,27.49,5.95,21.54,PAID,DE,online_store
#2213,2025-11-24 16:33:34,CUST-01337,emma.braun136@example.com,Stoneware Dinner Plate Set,Set of 4,1,98.18,0.0,98.18,paid,US,online_store
#2213,2025-11-24 16:33:34,CUST-01337,emma.braun136@example.com,Soy Wax Candle — Cedar,Single,1,23.86,0.0,23.86,paid,US,online_store
#2213,2025-11-24 16:33:34,CUST-01337,emma.braun136@example.com,Aurora Ceramic Mug,Black / 350ml,1,17.93,0.0,17.93,paid,US,online_store
#2455,2025-11-24 17:20:42,CUST-01625,julia.neumann775@example.com,Linen Throw Blanket,Rust,2,77.89,30.02,125.76,paid,GB,online_store
#2455,2025-11-24 17:20:42,CUST-01625,julia.neumann775@example.com,Merino Wool Beanie,Black,1,32.9,5.51,27.39,paid,GB,online_store
#1446,2025-11-24 17:34:05,CUST-00125,noah.mueller590@example.com,Recycled Glass Vase,Smoke,3,40.83,0.0,122.49,refunded,GB,instagram
#1446,2025-11-24 17:34:05,CUST-00125,noah.mueller590@example.com,Linen Throw Blanket,Charcoal,1,79.97,0.0,79.97,refunded,GB,instagram
#3642,2025-11-24 17:34:59,CUST-01163,nina.neumann630@example.com,Organic Cotton Tote,Cream,1,14.61,0.0,14.61,paid,GB,online_store
#3642,2025-11-24 17:34:59,CUST-01163,nina.neumann630@example.com,Merino Wool Beanie,Black,1,32.44,0.0,32.44,paid,GB,online_store
#3535,2025-11-24 17:46:02,CUST-01187,julia.weber955@example.com,Soy Wax Candle — Cedar,Set of 3,1,24.26,0.0,24.26,paid,DE,online_store
#1100,2025-11-24 18:23:19,CUST-00569,marie.hartmann579@example.com,Stoneware Dinner Plate Set,Set of 6,1,93.93,0.0,93.93,paid,DE,pos
#2619,2025-11-24 18:53:01,CUST-00713,laura.hartmann677@example.com,Organic Cotton Tote,Navy,1,15.38,0.0,15.38,paid,DE,instagram
#4453,2025-11-24 19:54:55,CUST-01343,erik.hoffmann83@example.com,Aurora Ceramic Mug,White / 350ml,1,17.7,4.0,13.7,paid,GB,online_store
#2672,2025-11-25 05:02:07,CUST-00626,paul.hartmann536@example.com,Soy Wax Candle — Cedar,Set of 3,2,24.46,0.0,48.92,paid,US,online_store
#2672,2025-11-25 05:02:07,CUST-00626,paul.hartmann536@example.com,Aurora Ceramic Mug,Sage / 350ml,3,17.68,0.0,53.04,paid,US,online_store
#2447,2025-11-25 08:31:40,CUST-00984,paul.wagner703@example.com,Aurora Ceramic Mug,Black / 350ml,1,17.81,3.25,14.56,paid,DE,online_store
#4021,2025-11-25 10:06:42,CUST-01598,liam.richter874@example.com,Walnut Serving Board,Small,1,53.54,9.63,43.91,paid,GB,pos
#2051,2025-11-25 10:17:53,CUST-01658,ben.becker881@example.com,Aurora Ceramic Mug,Black / 350ml,1,18.42,0.0,18.42,refunded,US,instagram
#1918,2025-11-25 10:53:14,CUST-00061,mia.koch162@example.com,Linen Throw Blanket,Rust,1,76.7,0.0,76.7,paid,US,pos
#1954,2025-11-25 11:14:46,CUST-00636,anna.richter586@example.com,Stoneware Dinner Plate Set,Set of 4,2,94.57,21.83,167.31,paid,US,draft_order
#1954,2025-11-25 11:14:46,CUST-00636,anna.richter586@example.com,Organic Cotton Tote,Navy,1,15.35,2.52,,paid,US,draft_order
#1194,2025-11-25 11:21:55,CUST-00094,tom.becker291@example.com,Linen Throw Blanket,Natural,1,80.14,13.97,66.17,paid,US,instagram
#3068,2025-11-25 11:38:25,CUST-01339,marie.mueller475@example.com,Soy Wax Candle — Cedar,Single,1,24.62,0.0,,paid,FR,instagram
#2923,2025-11-25 11:46:12,CUST-00726,clara.krueger13@example.com,Soy Wax Candle — Cedar,Set of 3,2,23.72,5.15,42.29,paid,FR,online_store
#3153,2025-11-25 12:04:33,CUST-00400,nina.klein18@example.com,Recycled Glass Vase,Smoke,1,41.93,0.0,41.93,paid,US,online_store
#3142,2025-11-25 12:16:25,CUST-00621,sofia.wagner401@example.com,Soy Wax Candle — Cedar,Single,1,24.5,0.0,24.5,paid,GB,online_store
#2311,2025-11-25 12:35:37,CUST-01386,anna.fischer605@example.com,Organic Cotton Tote,Navy,2,14.55,4.34,24.76,paid,FR,online_store
#2311,2025-11-25 12:35:37,CUST-01386,anna.fischer605@example.com,Merino Wool Beanie,Black,1,31.07,7.29,23.78,paid,FR,online_store
#3069,2025-11-25 12:38:37,CUST-00950,erik.schmidt840@example.com,Aurora Ceramic Mug,Black / 350ml,1,17.9,0.0,17.9,paid,DE,online_store
#3069,2025-11-25 12:38:37,CUST-00950,erik.schmidt840@example.com,Linen Throw Blanket,Charcoal,2,77.99,0.0,155.98,paid,DE,online_store
#1064,2025-11-25 12:48:06,CUST-00014,laura.richter656@example.com,Aurora Ceramic Mug,Black / 350ml,1,18.02,0.0,18.02,paid,GB,online_store
#1064,2025-11-25 12:48:06,CUST-00014,laura.richter656@example.com,Linen Throw Blanket,Charcoal,2,78.87,0.0,157.74,paid,GB,online_store
#1064,2025-11-25 12:48:06,CUST-00014,laura.richter656@example.com,Recycled Glass Vase,Smoke,1,41.59,0.0,41.59,paid,GB,online_store
#3581,2025-11-25 12:57:03,CUST-01583,nina.hartmann63@example.com,Aurora Ceramic Mug,Sage / 350ml,1,18.39,0.0,18.39,paid,,online_store
#3758,2025-11-25 13:04:48,CUST-00169,marie.richter600@example.com,Brass Pour-Over Stand,Standard,1,66.69,16.35,50.34,paid,US,instagram
#3299,2025-11-25 14:24:58,CUST-00984,paul.wagner703@example.com,Recycled Glass Vase,Smoke,1,42.92,0.0,42.92,paid,DE,online_store
#3012,2025-11-25 14:38:01,CUST-01337,emma.braun136@example.com,Stoneware Dinner Plate Set,Set of 4,2,94.87,23.96,165.78,paid,US,online_store
#2936,2025-11-25 15:02:53,CUST-00167,nina.mueller689@example.com,Aurora Ceramic Mug,Black / 350ml,1,17.98,0.0,17.98,paid,NL,online_store
#4126,2025-11-25 15:19:28,CUST-01575,jonas.braun879@example.com,Botanical Print A3,Eucalyptus,1,27.27,4.92,22.35,paid,FR,instagram
#1276,2025-11-25 15:25:19,CUST-00061,mia.koch162@example.com,Aurora Ceramic Mug,Sage / 350ml,1,17.75,0.0,17.75,refunded,US,pos
#2346,2025-11-25 16:17:59,CUST-01226,lena.hoffmann864@example.com,Stoneware Dinner Plate Set,Set of 6,1,95.4,19.51,75.89,paid,AT,draft_order
#1419,2025-11-25 16:20:31,CUST-01639,luis.neumann122@example.com,Botanical Print A3,Olive,1,27.36,0.0,27.36,paid,GB,online_store
#1341,2025-11-25 16:55:52,CUST-01615,luis.klein322@example.com,Organic Cotton Tote,Cream,1,14.85,3.71,11.14,paid,AT,online_store
#1341,2025-11-25 16:55:52,CUST-01615,luis.klein322@example.com,Recycled Glass Vase,Smoke,1,42.77,7.4,35.37,paid,AT,online_store
#1341,2025-11-25 16:55:52,CUST-01615,luis.klein322@example.com,Stoneware Dinner Plate Set,Set of 6,1,96.97,14.68,82.29,paid,AT,online_store
#4211,2025-11-25 17:08:45,CUST-00864,erik.koch699@example.com,Soy Wax Candle — Cedar,Single,1,24.31,0.0,24.31,paid,AT,online_store
#2511,2025-11-25 17:28:41,CUST-01090,felix.becker632@example.com,Merino Wool Beanie,Oat,2,31.65,0.0,63.3,paid,NL,instagram
#2511,2025-11-25 17:28:41,CUST-01090,felix.becker632@example.com,Brass Pour-Over Stand,Standard,1,65.97,0.0,65.97,paid,NL,instagram
#1800,2025-11-25 17:40:12,CUST-00721,liam.wagner776@example.com,Aurora Ceramic Mug,White / 350ml,1,18.03,4.42,13.61,paid,US,instagram
#2534,2025-11-25 17:57:06,CUST-00576,mia.krueger121@example.com,Organic Cotton Tote,Cream,1,14.81,0.0,14.81,paid,FR,online_store
#1930,2025-11-25 18:46:03,CUST-00317,jonas.krueger953@example.com,Linen Throw Blanket,Rust,1,80.52,18.2,62.32,paid,DE,online_store
#3319,2025-11-25 19:08:44,CUST-00144,clara.koch198@example.com,Soy Wax Candle — Cedar,Single,1,23.3,0.0,23.3,paid,DE,instagram
#3319,2025-11-25 19:08:44,CUST-00144,clara.koch198@example.com,Merino Wool Beanie,Oat,1,31.34,0.0,31.34,paid,DE,instagram
#4337,2025-11-25 19:51:16,CUST-00849,felix.schmidt397@example.com,Organic Cotton Tote,Cream,1,15.45,0.0,15.45,paid,US,online_store
#1500,2025-11-25 20:52:32,CUST-00293,julia.becker940@example.com,Soy Wax Candle — Cedar,Single,1,24.13,0.0,24.13,paid,DE,online_store
#1500,2025-11-25 20:52:32,CUST-00293,julia.becker940@example.com,Soy Wax Candle — Cedar,Single,1,24.65,0.0,24.65,paid,DE,online_store
#2732,2025-11-25 20:55:43,CUST-00272,julia.neumann883@example.com,Walnut Serving Board,Large,2,52.7,0.0,105.4,refunded,FR,online_store
#4307,2025-11-25 21:24:30,CUST-01247,clara.mueller619@example.com,Botanical Print A3,Fern,1,28.69,0.0,28.69,paid,DE,draft_order
#3657,2025-11-26 07:22:07,CUST-01481,clara.becker44@example.com,Soy Wax Candle — Cedar,Single,2,23.35,0.0,46.7,PAID,CH,online_store
#2497,2025-11-26 07:47:55,CUST-01101,max.weber889@example.com,Soy Wax Candle — Cedar,Set of 3,1,23.75,4.18,19.57,paid,AT,online_store
#1903,2025-11-26 08:14:52,CUST-01265,liam.mueller59@example.com,Aurora Ceramic Mug,Black / 350ml,2,18.52,0.0,37.04,PAID,AT,instagram
#1903,2025-11-26 08:14:52,CUST-01265,liam.mueller59@example.com,Merino Wool Beanie,Forest,3,32.68,0.0,98.04,paid,AT,instagram
#1903,2025-11-26 08:14:52,CUST-01265,liam.mueller59@example.com,Stoneware Dinner Plate Set,Set of 4,1,98.69,0.0,98.69,paid,AT,instagram
#1400,2025-11-26 08:57:10,CUST-00075,jonas.becker831@example.com,Aurora Ceramic Mug,Black / 350ml,1,18.28,0.0,18.28,paid,DE,online_store
#2820,2025-11-26 09:21:06,CUST-01090,felix.becker632@example.com,Soy Wax Candle — Cedar,Single,2,23.76,0.0,47.52,paid,NL,draft_order
#2820,2025-11-26 09:21:06,CUST-01090,felix.becker632@example.com,Walnut Serving Board,Large,1,53.97,0.0,53.97,paid,NL,draft_order
#1671,2025-11-26 10:01:36,CUST-00719,julia.braun704@example.com,Organic Cotton Tote,Navy,1,14.77,3.21,11.56,refunded,NL,draft_order
#1671,2025-11-26 10:01:36,CUST-00719,julia.braun704@example.com,Walnut Serving Board,Small,1,55.22,12.01,43.21,refunded,NL,draft_order
#2897,2025-11-26 10:22:09,CUST-00909,liam.wolf992@example.com,Botanical Print A3,Olive,1,28.35,0.0,28.35,paid,US,online_store
#2670,2025-11-26 10:33:40,CUST-00636,anna.richter586@example.com,Soy Wax Candle — Cedar,Set of 3,2,23.47,0.0,46.94,paid,US,online_store
#4147,2025-11-26 10:46:41,CUST-01346,max.neumann573@example.com,Soy Wax Candle — Cedar,Set of 3,2,23.75,0.0,47.5,paid,FR,online_store
#4147,2025-11-26 10:46:41,CUST-01346,max.neumann573@example.com,Recycled Glass Vase,Amber,1,41.32,0.0,41.32,paid,FR,online_store
#3190,2025-11-26 11:10:53,CUST-00477,mia.hoffmann602@example.com,Aurora Ceramic Mug,Black / 350ml,2,17.69,0.0,35.38,paid,FR,online_store
#3190,2025-11-26 11:10:53,CUST-00477,mia.hoffmann602@example.com,Walnut Serving Board,Small,2,55.47,0.0,110.94,paid,FR,online_store
#1441,2025-11-26 11:23:35,CUST-01565,paul.schwarz427@example.com,Soy Wax Candle — Cedar,Set of 3,1,24.2,0.0,24.2,paid,NL,online_store
#1441,2025-11-26 11:23:35,CUST-01565,paul.schwarz427@example.com,Recycled Glass Vase,Amber,1,42.49,0.0,42.49,paid,NL,online_store
#3604,2025-11-26 11:48:23,CUST-00664,mia.wolf965@example.com,Soy Wax Candle — Cedar,Single,1,24.08,4.31,19.77,paid,US,instagram
#3604,2025-11-26 11:48:23,CUST-00664,mia.wolf965@example.com,Soy Wax Candle — Cedar,Set of 3,1,24.55,4.71,19.84,paid,US,instagram
#3604,2025-11-26 11:48:23,CUST-00664,mia.wolf965@example.com,Linen Throw Blanket,Natural,1,80.38,15.03,65.35,paid,US,instagram
#4004,2025-11-26 11:58:49,CUST-01321,anna.koch334@example.com,Linen Throw Blanket,Charcoal,1,79.63,0.0,79.63,paid,DE,online_store
#3156,2025-11-26 12:23:46,CUST-01496,laura.mueller403@example.com,Botanical Print A3,Fern,1,28.59,5.0,23.59,paid,AT,online_store
#3156,2025-11-26 12:23:46,CUST-01496,laura.mueller403@example.com,Soy Wax Candle — Cedar,Single,1,23.8,2.5,21.3,paid,AT,online_store
#1861,2025-11-26 12:58:28,CUST-00120,luis.schmidt359@example.com,Linen Throw Blanket,Rust,1,79.56,0.0,,paid,DE,online_store
#4509,2025-11-26 13:27:16,CUST-00671,luis.mueller801@example.com,Merino Wool Beanie,Oat,1,31.64,0.0,31.64,refunded,FR,draft_order
#1170,2025-11-26 13:41:58,CUST-00179,mia.koch935@example.com,Aurora Ceramic Mug,Black / 350ml,1,17.81,3.62,14.19,paid,DE,online_store
#2162,2025-11-26 14:31:05,CUST-00961,felix.wolf823@example.com,Soy Wax Candle — Cedar,Set of 3,1,23.49,0.0,23.49,paid,US,online_store
#3965,2025-11-26 14:50:18,CUST-00671,luis.mueller801@example.com,Stoneware Dinner Plate Set,Set of 6,1,96.84,0.0,96.84,paid,FR,draft_order
#3965,2025-11-26 14:50:18,CUST-00671,luis.mueller801@example.com,Merino Wool Beanie,Black,1,32.02,0.0,32.02,paid,FR,draft_order
#2130,2025-11-26 15:13:02,CUST-00119,ben.richter482@example.com,Soy Wax Candle — Cedar,Single,1,24.13,4.79,19.34,paid,DE,online_store
#3559,2025-11-26 15:38:18,CUST-00859,anna.koch534@example.com,Aurora Ceramic Mug,White / 350ml,2,18.04,4.25,31.83,paid,DE,online_store
#3559,2025-11-26 15:38:18,CUST-00859,anna.koch534@example.com,Merino Wool Beanie,Forest,1,32.73,7.23,25.5,paid,DE,online_store
#1375,2025-11-26 15:43:44,CUST-00079,marie.neumann815@example.com,Recycled Glass Vase,Smoke,1,41.18,0.0,41.18,paid,NL,instagram
#2892,2025-11-26 15:50:52,CUST-01087,jonas.fischer441@example.com,Recycled Glass Vase,Smoke,2,41.95,0.0,83.9,refunded,DE,online_store
#2892,2025-11-26 15:50:52,CUST-01087,jonas.fischer441@example.com,Soy Wax Candle — Cedar,Single,1,23.79,0.0,23.79,refunded,DE,online_store
#4084,2025-11-26 16:04:51,CUST-00176,clara.wagner449@example.com,Organic Cotton Tote,Cream,1,14.72,0.0,14.72,paid,AT,online_store
#4084,2025-11-26 16:04:51,CUST-00176,clara.wagner449@example.com,Merino Wool Beanie,Oat,1,31.23,0.0,31.23,paid,AT,online_store
#1180,2025-11-26 16:10:50,CUST-00297,erik.wagner597@example.com,Linen Throw Blanket,Rust,1,80.13,18.26,61.87,paid,GB,online_store
#1180,2025-11-26 16:10:50,CUST-00297,erik.wagner597@example.com,Merino Wool Beanie,Oat,1,31.65,3.49,28.16,paid,GB,online_store
#3533,2025-11-26 16:19:24,CUST-01384,ben.wagner613@example.com,Recycled Glass Vase,Amber,1,41.88,0.0,41.88,paid,DE,online_store
#1123,2025-11-26 17:18:22,CUST-00120,luis.schmidt359@example.com,Aurora Ceramic Mug,White / 350ml,1,17.92,2.69,15.23,refunded,DE,online_store
#2494,2025-11-26 17:19:09,CUST-00933,ben.koch494@example.com,Soy Wax Candle — Cedar,Set of 3,1,24.46,0.0,24.46,paid,FR,online_store
#2494,2025-11-26 17:19:09,CUST-00933,ben.koch494@example.com,Aurora Ceramic Mug,Black / 350ml,1,18.52,0.0,18.52,paid,FR,online_store
#3680,2025-11-26 17:25:22,CUST-00811,julia.koch686@example.com,Merino Wool Beanie,Black,1,32.85,0.0,32.85,paid,NL,online_store
#3217,2025-11-26 17:41:05,CUST-00811,julia.koch686@example.com,Aurora Ceramic Mug,Sage / 350ml,1,18.14,0.0,18.14,paid,NL,online_store
#2326,2025-11-26 17:48:08,CUST-00877,mia.neumann109@example.com,Botanical Print A3,Fern,2,27.61,8.33,46.89,paid,DE,online_store
#2326,2025-11-26 17:48:08,CUST-00877,mia.neumann109@example.com,Stoneware Dinner Plate Set,Set of 6,1,94.58,12.17,82.41,paid,DE,online_store
#3248,2025-11-26 18:16:11,CUST-01517,sofia.hoffmann290@example.com,Linen Throw Blanket,Charcoal,1,80.88,11.25,69.63,paid,FR,online_store
#3248,2025-11-26 18:16:11,CUST-01517,sofia.hoffmann290@example.com,Aurora Ceramic Mug,Sage / 350ml,1,17.95,3.46,14.49,paid,FR,online_store
#1868,2025-11-26 18:16:44,CUST-01235,liam.hartmann116@example.com,Aurora Ceramic Mug,Black / 350ml,1,18.28,0.0,18.28,paid,GB,pos
#1868,2025-11-26 18:16:44,CUST-01235,liam.hartmann116@example.com,Linen Throw Blanket,Charcoal,2,79.04,0.0,158.08,PAID,GB,pos
#3897,2025-11-26 18:38:20,CUST-01437,clara.schwarz683@example.com,Recycled Glass Vase,Amber,1,43.13,0.0,43.13,paid,GB,draft_order
#3897,2025-11-26 18:38:20,CUST-01437,clara.schwarz683@example.com,Merino Wool Beanie,Forest,1,32.77,0.0,32.77,paid,GB,draft_order
#3897,2025-11-26 18:38:20,CUST-01437,clara.schwarz683@example.com,Soy Wax Candle — Cedar,Single,1,23.56,0.0,23.56,paid,GB,draft_order
#1656,2025-11-26 19:35:41,CUST-00363,mia.fischer735@example.com,Linen Throw Blanket,Charcoal,1,78.31,0.0,78.31,paid,FR,online_store
#3954,2025-11-26 20:09:07,CUST-01593,noah.braun506@example.com,Recycled Glass Vase,Amber,3,42.56,31.67,96.01,paid,DE,draft_order
#4127,2025-11-26 21:03:55,CUST-00654,luis.neumann213@example.com,Recycled Glass Vase,Smoke,2,43.14,0.0,86.28,paid,US,online_store
#4127,2025-11-26 21:03:55,CUST-00654,luis.neumann213@example.com,Soy Wax Candle — Cedar,Set of 3,1,23.32,0.0,23.32,paid,US,online_store
#3534,2025-11-26 22:29:33,CUST-00851,marie.koch722@example.com,Aurora Ceramic Mug,Black / 350ml,1,18.12,3.18,14.94,paid,FR,online_store
#3882,2025-11-26 22:33:00,CUST-00610,erik.klein708@example.com,Recycled Glass Vase,Amber,2,41.41,0.0,82.82,paid,DE,instagram
#3334,2025-11-26 22:40:59,CUST-00063,emma.klein107@example.com,Walnut Serving Board,Small,1,53.91,0.0,53.91,paid,AT,online_store
#3334,2025-11-26 22:40:59,CUST-00063,emma.klein107@example.com,Merino Wool Beanie,Black,1,31.77,0.0,31.77,paid,AT,online_store
#3334,2025-11-26 22:40:59,CUST-00063,emma.klein107@example.com,Linen Throw Blanket,Charcoal,2,79.4,0.0,158.8,paid,AT,online_store
#1370,2025-11-26 23:34:13,CUST-01623,luis.richter793@example.com,Linen Throw Blanket,Rust,2,80.29,0.0,160.58,paid,DE,online_store
#1370,2025-11-26 23:34:13,CUST-01623,luis.richter793@example.com,Organic Cotton Tote,Cream,1,15.29,0.0,15.29,paid,DE,online_store
#3064,2025-11-27 04:05:16,CUST-00728,nina.weber577@example.com,Walnut Serving Board,Small,1,54.17,6.76,47.41,paid,FR,instagram
#3578,2025-11-27 04:44:44,CUST-00869,luis.mueller216@example.com,Brass Pour-Over Stand,Standard,1,66.48,8.75,57.73,paid,GB,online_store
#3311,2025-11-27 07:19:35,CUST-00889,anna.neumann672@example.com,Botanical Print A3,Fern,1,28.29,0.0,28.29,paid,DE,instagram
#2678,2025-11-27 08:41:00,CUST-01600,marie.weber801@example.com,Botanical Print A3,Fern,1,27.94,6.03,21.91,paid,GB,instagram
#4456,2025-11-27 10:23:42,CUST-00827,tom.wagner761@example.com,Walnut Serving Board,Small,1,55.1,0.0,55.1,paid,FR,online_store
#3345,2025-11-27 10:34:36,CUST-00609,lena.koch87@example.com,Organic Cotton Tote,Navy,1,15.37,0.0,15.37,paid,DE,online_store
#3345,2025-11-27 10:34:36,CUST-00609,lena.koch87@example.com,Merino Wool Beanie,Oat,1,31.64,0.0,31.64,paid,DE,online_store
#1302,2025-11-27 11:07:51,CUST-00961,felix.wolf823@example.com,Botanical Print A3,Fern,1,28.62,0.0,28.62,paid,US,online_store
#1302,2025-11-27 11:07:51,CUST-00961,felix.wolf823@example.com,Aurora Ceramic Mug,Black / 350ml,2,17.54,0.0,35.08,paid,US,online_store
#1302,2025-11-27 11:07:51,CUST-00961,felix.wolf823@example.com,Aurora Ceramic Mug,Sage / 350ml,3,18.41,0.0,55.23,paid,US,online_store
#3016,2025-11-27 11:35:03,CUST-00728,nina.weber577@example.com,Soy Wax Candle — Cedar,Set of 3,1,24.06,2.67,21.39,paid,FR,online_store
#3016,2025-11-27 11:35:03,CUST-00728,nina.weber577@example.com,Merino Wool Beanie,Oat,1,32.43,7.89,24.54,paid,FR,online_store
#1139,2025-11-27 12:18:10,CUST-00109,sofia.fischer339@example.com,Organic Cotton Tote,Navy,3,15.43,0.0,46.29,paid,US,online_store
#3527,2025-11-27 12:21:03,CUST-01319,noah.fischer739@example.com,Merino Wool Beanie,Forest,1,31.28,0.0,31.28,paid,US,online_store
#4389,2025-11-27 12:25:10,CUST-01061,paul.braun785@example.com,Botanical Print A3,Fern,1,27.84,0.0,27.84,paid,GB,online_store
#2496,2025-11-27 12:35:12,CUST-01637,marie.wagner526@example.com,Recycled Glass Vase,Smoke,3,42.88,0.0,128.64,paid,NL,online_store
#4450,2025-11-27 12:41:41,CUST-00941,max.richter407@example.com,Merino Wool Beanie,Oat,1,31.44,0.0,31.44,paid,FR,online_store
#4450,2025-11-27 12:41:41,CUST-00941,max.richter407@example.com,Aurora Ceramic Mug,Sage / 350ml,2,18.36,0.0,36.72,paid,FR,online_store
#4450,2025-11-27 12:41:41,CUST-00941,max.richter407@example.com,Aurora Ceramic Mug,White / 350ml,1,17.94,0.0,17.94,paid,FR,online_store
#1596,2025-11-27 12:45:54,CUST-00212,lena.weber662@example.com,Recycled Glass Vase,Amber,1,42.08,0.0,42.08,paid,DE,instagram
#1410,2025-11-27 12:48:31,CUST-00473,liam.braun571@example.com,Soy Wax Candle — Cedar,Set of 3,1,23.94,5.71,18.23,paid,US,draft_order
#1187,2025-11-27 13:09:33,CUST-01611,julia.fischer323@example.com,Merino Wool Beanie,Black,1,31.12,4.43,26.69,paid,US,online_store
#1445,2025-11-27 13:30:55,CUST-01324,lena.hoffmann466@example.com,Merino Wool Beanie,Forest,1,32.95,0.0,32.95,paid,DE,instagram
#1445,2025-11-27 13:30:55,CUST-01324,lena.hoffmann466@example.com,Botanical Print A3,Eucalyptus,1,27.98,0.0,27.98,paid,DE,instagram
#3164,2025-11-27 13:38:43,CUST-01103,noah.wolf612@example.com,Merino Wool Beanie,Black,1,31.54,7.69,23.85,paid,US,pos
#3164,2025-11-27 13:38:43,CUST-01103,noah.wolf612@example.com,Walnut Serving Board,Small,1,53.64,12.76,40.88,paid,US,pos
#2183,2025-11-27 14:13:24,CUST-00014,laura.richter656@example.com,Organic Cotton Tote,Navy,2,14.67,5.41,23.93,paid,GB,online_store
#2510,2025-11-27 14:14:59,CUST-01090,felix.becker632@example.com,Organic Cotton Tote,Cream,1,15.29,3.8,11.49,paid,NL,online_store
#3161,2025-11-27 14:20:10,CUST-00169,marie.richter600@example.com,Aurora Ceramic Mug,Sage / 350ml,1,18.13,4.16,13.97,paid,US,online_store
#4222,2025-11-27 14:33:44,CUST-00297,erik.wagner597@example.com,Brass Pour-Over Stand,Standard,1,68.53,0.0,68.53,pending,GB,instagram
#4222,2025-11-27 14:33:44,CUST-00297,erik.wagner597@example.com,Organic Cotton Tote,Cream,1,15.43,0.0,15.43,pending,GB,instagram
#2893,2025-11-27 14:41:08,CUST-00941,max.richter407@example.com,Soy Wax Candle — Cedar,Set of 3,1,24.03,4.31,19.72,refunded,FR,online_store
#2893,2025-11-27 14:41:08,CUST-00941,max.richter407@example.com,Soy Wax Candle — Cedar,Set of 3,3,23.95,10.41,61.44,refunded,FR,online_store
#2583,2025-11-27 16:18:37,CUST-01426,noah.wolf113@example.com,Organic Cotton Tote,Navy,1,15.19,0.0,15.19,paid,US,online_store
#2048,2025-11-27 16:19:08,CUST-01021,erik.hartmann20@example.com,Soy Wax Candle — Cedar,Set of 3,2,23.67,0.0,47.34,paid,DE,online_store
#2048,2025-11-27 16:19:08,CUST-01021,erik.hartmann20@example.com,Aurora Ceramic Mug,Sage / 350ml,1,18.28,0.0,18.28,paid,DE,online_store
#1748,2025-11-27 16:50:29,CUST-00637,julia.schmidt824@example.com,Botanical Print A3,Eucalyptus,1,27.49,0.0,27.49,pending,US,online_store
#1748,2025-11-27 16:50:29,CUST-00637,julia.schmidt824@example.com,Botanical Print A3,Fern,1,28.11,0.0,28.11,pending,US,online_store
#1748,2025-11-27 16:50:29,CUST-00637,julia.schmidt824@example.com,Botanical Print A3,Fern,1,28.11,0.0,,pending,US,online_store
#1475,2025-11-27 17:03:30,CUST-00216,paul.richter967@example.com,Soy Wax Candle — Cedar,Single,1,23.44,0.0,23.44,paid,US,online_store
#1475,2025-11-27 17:03:30,CUST-00216,paul.richter967@example.com,Linen Throw Blanket,Natural,1,79.5,0.0,,paid,US,online_store
#2600,2025-11-27 17:15:24,CUST-00811,julia.koch686@example.com,Linen Throw Blanket,Natural,3,80.45,0.0,241.35,paid,NL,online_store
#2600,2025-11-27 17:15:24,CUST-00811,julia.koch686@example.com,Organic Cotton Tote,Navy,1,15.27,0.0,15.27,paid,NL,online_store
#1153,2025-11-27 17:54:26,CUST-00312,julia.braun837@example.com,Botanical Print A3,Fern,1,28.49,0.0,28.49,paid,DE,instagram
#3698,2025-11-27 18:08:55,CUST-00176,clara.wagner449@example.com,Walnut Serving Board,Small,1,54.83,0.0,54.83,paid,AT,online_store
#1910,2025-11-27 18:55:32,CUST-01334,liam.schmidt752@example.com,Organic Cotton Tote,Cream,3,14.91,0.0,44.73,paid,FR,instagram
#3484,2025-11-27 19:26:04,CUST-00853,marie.becker77@example.com,Soy Wax Candle — Cedar,Set of 3,1,23.52,5.03,18.49,refunded,DE,online_store
#3484,2025-11-27 19:26:04,CUST-00853,marie.becker77@example.com,Organic Cotton Tote,Cream,1,14.67,2.05,12.62,refunded,DE,online_store
#1678,2025-11-27 19:56:16,CUST-00565,paul.becker144@example.com,Organic Cotton Tote,Cream,1,14.85,0.0,14.85,paid,DE,instagram
#1678,2025-11-27 19:56:16,CUST-00565,paul.becker144@example.com,Soy Wax Candle — Cedar,Single,2,24.5,0.0,49.0,paid,DE,instagram
#1678,2025-11-27 19:56:16,CUST-00565,paul.becker144@example.com,Soy Wax Candle — Cedar,Single,1,24.64,0.0,24.64,paid,DE,instagram
#2796,2025-11-27 19:56:40,CUST-00984,paul.wagner703@example.com,Aurora Ceramic Mug,White / 350ml,1,17.94,4.36,13.58,paid,DE,online_store
#2796,2025-11-27 19:56:40,CUST-00984,paul.wagner703@example.com,Merino Wool Beanie,Oat,1,32.57,7.59,24.98,paid,DE,online_store
#2796,2025-11-27 19:56:40,CUST-00984,paul.wagner703@example.com,Stoneware Dinner Plate Set,Set of 4,1,94.99,16.62,78.37,paid,DE,online_store
#2700,2025-11-27 20:10:48,CUST-00119,ben.richter482@example.com,Organic Cotton Tote,Navy,1,15.27,0.0,15.27,paid,DE,draft_order
#2833,2025-11-27 20:49:19,CUST-01191,anna.krueger280@example.com,Organic Cotton Tote,Cream,1,14.85,1.91,12.94,paid,DE,online_store
#2126,2025-11-27 22:42:05,CUST-01653,mia.hoffmann555@example.com,Soy Wax Candle — Cedar,Set of 3,1,24.17,0.0,24.17,paid,GB,online_store
#3170,2025-11-27 22:46:45,CUST-00178,jonas.becker15@example.com,Stoneware Dinner Plate Set,Set of 4,1,96.02,0.0,96.02,paid,US,online_store
#3011,2025-11-27 23:42:04,CUST-00893,jonas.koch657@example.com,Aurora Ceramic Mug,Black / 350ml,1,17.64,3.78,13.86,paid,US,online_store
#3641,2025-11-28 06:46:04,CUST-00509,laura.wolf758@example.com,Linen Throw Blanket,Natural,1,80.52,0.0,80.52,paid,DE,online_store
#3641,2025-11-28 06:46:04,CUST-00509,laura.wolf758@example.com,Linen Throw Blanket,Natural,1,77.87,0.0,77.87,paid,DE,online_store
#2542,2025-11-28 07:13:52,CUST-01323,mia.hartmann56@example.com,Organic Cotton Tote,Navy,1,14.57,0.0,14.57,paid,AT,online_store
#3716,2025-11-28 08:14:10,CUST-00368,liam.weber312@example.com,Aurora Ceramic Mug,White / 350ml,1,18.34,0.0,18.34,paid,DE,online_store
#2331,2025-11-28 08:24:22,CUST-00671,luis.mueller801@example.com,Linen Throw Blanket,Rust,1,80.83,9.76,71.07,paid,FR,draft_order
#2331,2025-11-28 08:24:22,CUST-00671,luis.mueller801@example.com,Stoneware Dinner Plate Set,Set of 4,1,93.63,10.73,82.9,paid,FR,draft_order
#2331,2025-11-28 08:24:22,CUST-00671,luis.mueller801@example.com,Aurora Ceramic Mug,Sage / 350ml,1,17.47,2.48,,paid,FR,draft_order
#2642,2025-11-28 08:39:23,CUST-01021,erik.hartmann20@example.com,Merino Wool Beanie,Forest,1,32.19,5.61,26.58,paid,DE,online_store
#3376,2025-11-28 10:20:16,CUST-00394,noah.wagner404@example.com,Stoneware Dinner Plate Set,Set of 6,1,95.93,0.0,95.93,paid,US,online_store
#3003,2025-11-28 11:04:37,CUST-00185,nina.hartmann458@example.com,Merino Wool Beanie,Black,2,32.11,0.0,64.22,paid,US,draft_order
#2452,2025-11-28 11:07:54,CUST-01665,nina.koch771@example.com,Botanical Print A3,Fern,1,27.55,0.0,27.55,paid,US,online_store
#4324,2025-11-28 11:17:26,CUST-00037,jonas.fischer881@example.com,Soy Wax Candle — Cedar,Set of 3,1,23.37,0.0,23.37,refunded,DE,online_store
#4324,2025-11-28 11:17:26,CUST-00037,jonas.fischer881@example.com,Merino Wool Beanie,Black,1,31.49,0.0,31.49,refunded,DE,online_store
#4324,2025-11-28 11:17:26,CUST-00037,jonas.fischer881@example.com,Soy Wax Candle — Cedar,Set of 3,1,24.65,0.0,24.65,refunded,DE,online_store
#4155,2025-11-28 11:29:45,CUST-00675,nina.koch103@example.com,Aurora Ceramic Mug,Black / 350ml,2,17.84,4.39,31.29,refunded,DE,online_store
#3047,2025-11-28 11:29:47,CUST-00370,felix.fischer651@example.com,Stoneware Dinner Plate Set,Set of 6,1,95.1,0.0,95.1,refunded,CH,online_store
#3047,2025-11-28 11:29:47,CUST-00370,felix.fischer651@example.com,Aurora Ceramic Mug,Sage / 350ml,1,18.28,0.0,18.28,refunded,CH,online_store
#4162,2025-11-28 11:36:05,CUST-00430,tom.wagner480@example.com,Botanical Print A3,Fern,3,27.74,0.0,83.22,paid,DE,online_store
#4162,2025-11-28 11:36:05,CUST-00430,tom.wagner480@example.com,Linen Throw Blanket,Natural,1,76.86,0.0,76.86,paid,DE,online_store
#4162,2025-11-28 11:36:05,CUST-00430,tom.wagner480@example.com,Botanical Print A3,Fern,1,27.78,0.0,27.78,paid,DE,online_store
#3931,2025-11-28 11:54:47,CUST-00307,erik.becker45@example.com,Stoneware Dinner Plate Set,Set of 6,1,97.0,0.0,97.0,paid,US,online_store
#3931,2025-11-28 11:54:47,CUST-00307,erik.becker45@example.com,Linen Throw Blanket,Charcoal,1,78.7,0.0,78.7,paid,US,online_store
#3931,2025-11-28 11:54:47,CUST-00307,erik.becker45@example.com,Linen Throw Blanket,Rust,1,77.63,0.0,77.63,paid,US,online_store
#1873,2025-11-28 12:01:11,CUST-00864,erik.koch699@example.com,Botanical Print A3,Eucalyptus,1,28.58,0.0,28.58,paid,AT,online_store
#3049,2025-11-28 12:48:54,CUST-00618,liam.schmidt408@example.com,Merino Wool Beanie,Black,1,31.57,0.0,31.57,paid,US,online_store
#3049,2025-11-28 12:48:54,CUST-00618,liam.schmidt408@example.com,Soy Wax Candle — Cedar,Single,1,23.74,0.0,23.74,paid,US,online_store
#4407,2025-11-28 13:39:04,CUST-00964,marie.mueller265@example.com,Merino Wool Beanie,Forest,2,31.6,0.0,63.2,paid,DE,online_store
#4407,2025-11-28 13:39:04,CUST-00964,marie.mueller265@example.com,Brass Pour-Over Stand,Standard,1,66.97,0.0,66.97,paid,DE,online_store
#2214,2025-11-28 13:44:32,CUST-00014,laura.richter656@example.com,Soy Wax Candle — Cedar,Single,2,23.52,8.59,38.45,paid,GB,online_store
#4267,2025-11-28 13:46:20,CUST-00014,laura.richter656@example.com,Soy Wax Candle — Cedar,Single,1,23.84,0.0,23.84,paid,GB,online_store
#4356,2025-11-28 13:59:36,CUST-01113,lena.hoffmann317@example.com,Botanical Print A3,Olive,1,27.59,0.0,27.59,paid,GB,online_store
#4356,2025-11-28 13:59:36,CUST-01113,lena.hoffmann317@example.com,Merino Wool Beanie,Oat,1,32.38,0.0,32.38,paid,GB,online_store
#4356,2025-11-28 13:59:36,CUST-01113,lena.hoffmann317@example.com,Organic Cotton Tote,Cream,1,14.57,0.0,14.57,PAID,GB,online_store
#2261,2025-11-28 14:12:01,CUST-00131,ben.neumann849@example.com,Stoneware Dinner Plate Set,Set of 6,1,97.02,0.0,97.02,paid,US,online_store
#2261,2025-11-28 14:12:01,CUST-00131,ben.neumann849@example.com,Merino Wool Beanie,Forest,2,31.96,0.0,63.92,paid,US,online_store
#1377,2025-11-28 14:13:06,CUST-00730,tom.hartmann283@example.com,Organic Cotton Tote,Cream,1,15.1,0.0,15.1,paid,US,online_store
#1197,2025-11-28 14:30:18,CUST-00442,luis.hartmann822@example.com,Soy Wax Candle — Cedar,Single,1,23.95,5.32,18.63,paid,GB,online_store
#2688,2025-11-28 14:31:57,CUST-00439,julia.klein655@example.com,Aurora Ceramic Mug,White / 350ml,1,17.5,4.06,13.44,paid,AT,pos
#2688,2025-11-28 14:31:57,CUST-00439,julia.klein655@example.com,Linen Throw Blanket,Charcoal,1,77.61,9.13,68.48,paid,AT,pos
#2688,2025-11-28 14:31:57,CUST-00439,julia.klein655@example.com,Walnut Serving Board,Small,1,55.23,12.8,42.43,paid,AT,pos
#1519,2025-11-28 15:33:56,CUST-00412,felix.koch305@example.com,Aurora Ceramic Mug,Sage / 350ml,1,17.67,0.0,17.67,paid,FR,instagram
#1519,2025-11-28 15:33:56,CUST-00412,felix.koch305@example.com,Linen Throw Blanket,Rust,1,77.28,0.0,77.28,paid,FR,instagram
#1917,2025-11-28 15:53:09,CUST-00187,anna.hoffmann245@example.com,Soy Wax Candle — Cedar,Single,1,24.4,0.0,24.4,PAID,GB,online_store
#2531,2025-11-28 15:53:41,CUST-00637,julia.schmidt824@example.com,Stoneware Dinner Plate Set,Set of 4,1,96.48,0.0,96.48,paid,US,online_store
#4033,2025-11-28 15:56:39,CUST-01090,felix.becker632@example.com,Soy Wax Candle — Cedar,Single,1,23.36,0.0,23.36,paid,NL,draft_order
#4336,2025-11-28 16:01:12,CUST-01616,emma.richter626@example.com,Linen Throw Blanket,Natural,3,78.29,0.0,234.87,PAID,AT,online_store
#2530,2025-11-28 16:09:57,CUST-00636,anna.richter586@example.com,Organic Cotton Tote,Navy,1,14.99,2.95,12.04,paid,US,online_store
#2530,2025-11-28 16:09:57,CUST-00636,anna.richter586@example.com,Aurora Ceramic Mug,Sage / 350ml,1,17.88,3.71,14.17,paid,US,online_store
#4107,2025-11-28 16:56:17,CUST-00849,felix.schmidt397@example.com,Soy Wax Candle — Cedar,Set of 3,1,23.56,0.0,23.56,paid,US,online_store
#1817,2025-11-28 17:01:03,CUST-00324,noah.schmidt655@example.com,Brass Pour-Over Stand,Standard,1,67.38,0.0,67.38,paid,FR,online_store
#4303,2025-11-28 18:12:09,CUST-01564,julia.mueller678@example.com,Brass Pour-Over Stand,Standard,1,68.74,0.0,68.74,paid,US,pos
#1269,2025-11-28 18:53:42,CUST-01090,felix.becker632@example.com,Aurora Ceramic Mug,Sage / 350ml,1,17.67,0.0,17.67,paid,NL,online_store
#1269,2025-11-28 18:53:42,CUST-01090,felix.becker632@example.com,Organic Cotton Tote,Cream,1,15.12,0.0,15.12,paid,NL,online_store
#1097,2025-11-28 19:24:10,CUST-00582,noah.wagner805@example.com,Recycled Glass Vase,Amber,1,41.48,0.0,41.48,paid,US,online_store
#1097,2025-11-28 19:24:10,CUST-00582,noah.wagner805@example.com,Aurora Ceramic Mug,Black / 350ml,1,18.14,0.0,18.14,paid,US,online_store
#1812,2025-11-28 19:58:56,CUST-00167,nina.mueller689@example.com,Organic Cotton Tote,Cream,1,15.35,0.0,15.35,paid,NL,online_store
#4087,2025-11-28 21:03:34,CUST-00167,nina.mueller689@example.com,Soy Wax Candle — Cedar,Single,2,23.85,0.0,47.7,paid,NL,online_store
#4219,2025-11-28 22:23:52,CUST-00926,anna.krueger71@example.com,Aurora Ceramic Mug,Sage / 350ml,1,18.16,0.0,18.16,paid,DE,draft_order
#3017,2025-11-28 22:58:45,CUST-00119,ben.richter482@example.com,Walnut Serving Board,Large,1,54.73,0.0,54.73,paid,,online_store
#1027,2025-11-29 05:30:17,CUST-00934,laura.neumann760@example.com,Merino Wool Beanie,Forest,1,31.46,5.15,26.31,paid,AT,online_store
#1027,2025-11-29 05:30:17,CUST-00934,laura.neumann760@example.com,Organic Cotton Tote,Cream,1,15.39,2.4,12.99,paid,AT,online_store
#2434,2025-11-29 06:00:30,CUST-01593,noah.braun506@example.com,Organic Cotton Tote,Navy,1,15.4,0.0,15.4,paid,DE,online_store
#2105,2025-11-29 07:13:04,CUST-00189,laura.schwarz812@example.com,Organic Cotton Tote,Cream,1,14.93,2.64,12.29,paid,NL,online_store
#4227,2025-11-29 07:39:16,CUST-00955,laura.neumann416@example.com,Stoneware Dinner Plate Set,Set of 4,1,95.86,0.0,95.86,paid,GB,pos
#2233,2025-11-29 09:22:18,CUST-00526,clara.koch508@example.com,Walnut Serving Board,Small,2,52.64,14.19,91.09,paid,GB,online_store
#2697,2025-11-29 11:13:23,CUST-01303,ben.becker567@example.com,Linen Throw Blanket,Rust,1,79.4,10.56,68.84,paid,DE,online_store
#3948,2025-11-29 11:32:19,CUST-00543,laura.wolf441@example.com,Soy Wax Candle — Cedar,Single,1,23.42,0.0,23.42,paid,DE,online_store
#3948,2025-11-29 11:32:19,CUST-00543,laura.wolf441@example.com,Brass Pour-Over Stand,Standard,1,69.88,0.0,69.88,paid,DE,online_store
#2433,2025-11-29 11:59:38,CUST-00070,noah.fischer708@example.com,Soy Wax Candle — Cedar,Single,1,24.37,3.83,20.54,paid,AT,online_store
#3923,2025-11-29 12:05:26,CUST-00431,noah.wolf470@example.com,Soy Wax Candle — Cedar,Single,1,24.3,3.59,20.71,paid,GB,online_store
#3878,2025-11-29 12:41:55,CUST-00679,max.mueller361@example.com,Recycled Glass Vase,Smoke,1,41.76,6.93,34.83,paid,AT,instagram
#3878,2025-11-29 12:41:55,CUST-00679,max.mueller361@example.com,Aurora Ceramic Mug,Sage / 350ml,1,17.58,4.27,13.31,paid,AT,instagram
#3878,2025-11-29 12:41:55,CUST-00679,max.mueller361@example.com,Organic Cotton Tote,Navy,2,15.16,6.93,23.39,paid,AT,instagram
#1247,2025-11-29 13:10:53,CUST-00853,marie.becker77@example.com,Soy Wax Candle — Cedar,Single,1,24.34,0.0,24.34,paid,DE,pos
#1247,2025-11-29 13:10:53,CUST-00853,marie.becker77@example.com,Soy Wax Candle — Cedar,Single,1,24.34,0.0,24.34,paid,DE,pos
#3510,2025-11-29 13:39:26,CUST-00957,luis.klein573@example.com,Aurora Ceramic Mug,Black / 350ml,2,17.6,5.11,30.09,paid,AT,online_store
#3426,2025-11-29 14:09:39,CUST-00191,nina.wolf896@example.com,Aurora Ceramic Mug,White / 350ml,1,17.99,0.0,17.99,paid,NL,online_store
#3426,2025-11-29 14:09:39,CUST-00191,nina.wolf896@example.com,Brass Pour-Over Stand,Standard,1,66.96,0.0,66.96,paid,NL,online_store
#3426,2025-11-29 14:09:39,CUST-00191,nina.wolf896@example.com,Organic Cotton Tote,Navy,1,14.87,0.0,14.87,paid,NL,online_store
#2868,2025-11-29 14:26:34,CUST-01169,mia.klein564@example.com,Stoneware Dinner Plate Set,Set of 4,1,98.14,23.71,74.43,paid,DE,online_store
#2868,2025-11-29 14:26:34,CUST-01169,mia.klein564@example.com,Stoneware Dinner Plate Set,Set of 4,1,98.14,23.71,74.43,paid,DE,online_store
#1653,2025-11-29 14:28:32,CUST-00583,liam.richter130@example.com,Organic Cotton Tote,Cream,1,14.84,2.97,11.87,paid,FR,draft_order
#2295,2025-11-29 14:47:26,CUST-01426,noah.wolf113@example.com,Linen Throw Blanket,Natural,1,77.03,0.0,77.03,paid,US,pos
#1523,2025-11-29 14:54:40,CUST-00201,paul.becker625@example.com,Linen Throw Blanket,Natural,1,77.93,0.0,77.93,paid,NL,online_store
#1146,2025-11-29 15:42:57,CUST-00390,lena.richter783@example.com,Recycled Glass Vase,Smoke,1,41.62,6.78,34.84,paid,US,instagram
#4388,2025-11-29 17:01:04,CUST-00782,sofia.becker941@example.com,Aurora Ceramic Mug,Black / 350ml,1,17.66,0.0,17.66,paid,NL,instagram
#1182,2025-11-29 17:10:48,CUST-00203,marie.richter683@example.com,Recycled Glass Vase,Smoke,3,41.39,0.0,124.17,paid,DE,online_store
#2250,2025-11-29 17:46:49,CUST-01040,luis.neumann450@example.com,Stoneware Dinner Plate Set,Set of 4,2,95.88,0.0,191.76,paid,FR,online_store
#2250,2025-11-29 17:46:49,CUST-01040,luis.neumann450@example.com,Aurora Ceramic Mug,Black / 350ml,1,18.11,0.0,18.11,paid,FR,online_store
#3030,2025-11-29 19:20:16,CUST-00620,luis.wagner318@example.com,Soy Wax Candle — Cedar,Single,1,23.61,0.0,23.61,paid,DE,pos
#3030,2025-11-29 19:20:16,CUST-00620,luis.wagner318@example.com,Merino Wool Beanie,Oat,1,31.57,0.0,31.57,paid,DE,pos
#3188,2025-11-29 20:14:15,CUST-00543,laura.wolf441@example.com,Linen Throw Blanket,Rust,2,79.53,0.0,159.06,paid,DE,instagram
#3188,2025-11-29 20:14:15,CUST-00543,laura.wolf441@example.com,Stoneware Dinner Plate Set,Set of 4,1,97.17,0.0,97.17,paid,DE,instagram
#1822,2025-11-29 21:20:45,CUST-01568,paul.hoffmann765@example.com,Organic Cotton Tote,Navy,1,15.23,0.0,15.23,paid,CH,instagram
#1822,2025-11-29 21:20:45,CUST-01568,paul.hoffmann765@example.com,Aurora Ceramic Mug,Sage / 350ml,2,17.64,0.0,35.28,paid,CH,instagram
#2869,2025-11-29 21:22:11,CUST-00357,paul.krueger830@example.com,Aurora Ceramic Mug,Sage / 350ml,2,18.34,0.0,36.68,paid,GB,draft_order
#2869,2025-11-29 21:22:11,CUST-00357,paul.krueger830@example.com,Linen Throw Blanket,Charcoal,1,78.83,0.0,78.83,paid,GB,draft_order
#3857,2025-11-29 21:38:39,CUST-00409,laura.wolf471@example.com,Soy Wax Candle — Cedar,Set of 3,1,23.28,0.0,23.28,paid,AT,online_store
#2365,2025-11-29 21:54:57,CUST-01087,jonas.fischer441@example.com,Soy Wax Candle — Cedar,Single,2,24.09,5.93,42.25,paid,DE,online_store
#2365,2025-11-29 21:54:57,CUST-01087,jonas.fischer441@example.com,Stoneware Dinner Plate Set,Set of 6,1,98.73,14.95,83.78,paid,DE,online_store
#3391,2025-11-30 01:30:22,CUST-00931,luis.mueller794@example.com,Merino Wool Beanie,Black,2,32.44,0.0,64.88,paid,GB,online_store
#3391,2025-11-30 01:30:22,CUST-00931,luis.mueller794@example.com,Walnut Serving Board,Small,1,52.41,0.0,52.41,paid,GB,online_store
#3536,2025-11-30 07:23:29,CUST-01235,liam.hartmann116@example.com,Soy Wax Candle — Cedar,Set of 3,1,24.33,0.0,24.33,paid,GB,online_store
#3684,2025-11-30 07:28:25,CUST-00291,noah.wolf87@example.com,Soy Wax Candle — Cedar,Set of 3,2,23.43,0.0,46.86,paid,US,pos
#3575,2025-11-30 09:02:53,CUST-00069,paul.krueger438@example.com,Botanical Print A3,Eucalyptus,1,28.07,0.0,28.07,paid,GB,pos
#2990,2025-11-30 09:46:48,CUST-00189,laura.schwarz812@example.com,Soy Wax Candle — Cedar,Set of 3,1,23.38,5.75,17.63,refunded,NL,online_store
#3538,2025-11-30 10:18:20,CUST-01388,paul.krueger774@example.com,Organic Cotton Tote,Cream,1,14.58,0.0,14.58,paid,AT,online_store
#3538,2025-11-30 10:18:20,CUST-01388,paul.krueger774@example.com,Aurora Ceramic Mug,Black / 350ml,1,18.49,0.0,18.49,paid,AT,online_store
#2399,2025-11-30 10:30:10,CUST-01541,tom.weber27@example.com,Merino Wool Beanie,Oat,2,32.13,14.11,50.15,paid,DE,online_store
#3182,2025-11-30 11:39:47,CUST-00808,erik.mueller902@example.com,Organic Cotton Tote,Navy,1,14.86,0.0,14.86,refunded,NL,online_store
#3243,2025-11-30 12:25:32,CUST-00074,max.braun768@example.com,Linen Throw Blanket,Rust,2,77.08,0.0,154.16,paid,,draft_order
#3243,2025-11-30 12:25:32,CUST-00074,max.braun768@example.com,Aurora Ceramic Mug,Sage / 350ml,1,17.75,0.0,17.75,paid,DE,draft_order
#1569,2025-11-30 12:36:15,CUST-00204,marie.klein162@example.com,Walnut Serving Board,Small,1,55.16,0.0,55.16,paid,DE,online_store
#4394,2025-11-30 12:54:13,CUST-00543,laura.wolf441@example.com,Aurora Ceramic Mug,White / 350ml,1,18.51,0.0,18.51,paid,DE,online_store
#2144,2025-11-30 13:00:30,CUST-00652,sofia.wagner599@example.com,Stoneware Dinner Plate Set,Set of 4,1,93.97,0.0,93.97,paid,DE,online_store
#2144,2025-11-30 13:00:30,CUST-00652,sofia.wagner599@example.com,Aurora Ceramic Mug,Sage / 350ml,1,17.77,0.0,17.77,paid,DE,online_store
#2702,2025-11-30 13:59:01,CUST-00596,felix.becker898@example.com,Organic Cotton Tote,Cream,3,15.08,7.2,38.04,paid,DE,online_store
#3988,2025-11-30 13:59:22,CUST-01555,clara.braun433@example.com,Merino Wool Beanie,Forest,1,31.72,0.0,31.72,paid,NL,online_store
#1546,2025-11-30 15:25:24,CUST-00894,max.wagner340@example.com,Soy Wax Candle — Cedar,Set of 3,1,23.81,5.32,18.49,paid,NL,online_store
#3967,2025-11-30 15:30:45,CUST-01125,emma.richter228@example.com,Recycled Glass Vase,Amber,1,41.26,9.76,31.5,paid,FR,online_store
#3967,2025-11-30 15:30:45,CUST-01125,emma.richter228@example.com,Recycled Glass Vase,Amber,1,41.26,9.76,31.5,paid,FR,online_store
#1851,2025-11-30 15:45:21,CUST-00231,max.schmidt195@example.com,Merino Wool Beanie,Forest,1,31.61,0.0,31.61,paid,CH,online_store
#3867,2025-11-30 15:54:30,CUST-01616,emma.richter626@example.com,Botanical Print A3,Olive,1,27.51,0.0,27.51,paid,AT,online_store
#1228,2025-11-30 16:07:54,CUST-01463,ben.hoffmann868@example.com,Soy Wax Candle — Cedar,Single,1,24.11,0.0,24.11,paid,CH,instagram
#4483,2025-11-30 16:49:48,CUST-01476,sofia.braun294@example.com,Linen Throw Blanket,Charcoal,1,78.15,19.51,58.64,paid,GB,pos
#1158,2025-11-30 17:15:46,CUST-01287,max.hartmann648@example.com,Botanical Print A3,Fern,1,28.13,3.25,24.88,paid,US,instagram
#1158,2025-11-30 17:15:46,CUST-01287,max.hartmann648@example.com,Stoneware Dinner Plate Set,Set of 6,2,93.83,22.76,164.9,paid,US,instagram
#1830,2025-11-30 17:16:18,CUST-00477,mia.hoffmann602@example.com,Merino Wool Beanie,Oat,1,31.37,0.0,31.37,paid,FR,instagram
#1147,2025-11-30 17:27:22,CUST-01525,felix.schwarz136@example.com,Linen Throw Blanket,Rust,1,77.32,0.0,77.32,paid,CH,online_store
#1147,2025-11-30 17:27:22,CUST-01525,felix.schwarz136@example.com,Recycled Glass Vase,Smoke,3,43.11,0.0,129.33,paid,CH,online_store
#1328,2025-11-30 17:41:42,CUST-00291,noah.wolf87@example.com,Walnut Serving Board,Small,1,52.71,0.0,52.71,paid,,instagram
#1328,2025-11-30 17:41:42,CUST-00291,noah.wolf87@example.com,Linen Throw Blanket,Natural,1,79.19,0.0,79.19,paid,US,instagram
#1328,2025-11-30 17:41:42,CUST-00291,noah.wolf87@example.com,Aurora Ceramic Mug,White / 350ml,1,17.8,0.0,17.8,paid,US,instagram
#2300,2025-11-30 17:44:02,CUST-00818,marie.krueger511@example.com,Organic Cotton Tote,Navy,1,15.42,0.0,15.42,paid,US,pos
#4012,2025-11-30 18:03:42,CUST-00583,liam.richter130@example.com,Aurora Ceramic Mug,White / 350ml,3,17.83,0.0,53.49,paid,FR,online_store
#2179,2025-11-30 18:43:53,CUST-01588,nina.wolf874@example.com,Recycled Glass Vase,Smoke,1,40.88,0.0,40.88,paid,NL,draft_order
#1685,2025-11-30 19:16:55,CUST-00858,felix.hartmann564@example.com,Organic Cotton Tote,Cream,1,15.35,0.0,15.35,paid,US,online_store
#3595,2025-11-30 19:36:20,CUST-00584,lena.koch330@example.com,Linen Throw Blanket,Natural,1,77.78,0.0,77.78,paid,NL,pos
#1537,2025-11-30 19:58:37,CUST-01638,noah.hoffmann34@example.com,Walnut Serving Board,Large,3,53.76,0.0,161.28,pending,FR,pos
#2336,2025-11-30 20:00:48,CUST-01250,liam.wolf991@example.com,Merino Wool Beanie,Black,1,31.86,6.66,25.2,paid,,online_store
#3504,2025-11-30 20:30:29,CUST-00001,noah.mueller251@example.com,Stoneware Dinner Plate Set,Set of 4,1,97.74,0.0,97.74,paid,DE,online_store
#2019,2025-11-30 23:15:38,CUST-01545,emma.wolf672@example.com,Brass Pour-Over Stand,Standard,1,67.57,0.0,67.57,paid,GB,online_store
#3546,2025-11-30 23:53:36,CUST-01046,clara.neumann795@example.com,Walnut Serving Board,Large,1,54.41,0.0,54.41,paid,GB,online_store
#3396,2025-12-01 08:00:31,CUST-01161,mia.hartmann620@example.com,Aurora Ceramic Mug,White / 350ml,1,17.58,0.0,17.58,paid,AT,online_store
#3396,2025-12-01 08:00:31,CUST-01161,mia.hartmann620@example.com,Walnut Serving Board,Small,1,55.16,0.0,55.16,paid,AT,online_store
#3975,2025-12-01 08:23:08,CUST-00167,nina.mueller689@example.com,Merino Wool Beanie,Oat,1,32.32,0.0,32.32,refunded,NL,online_store
#4423,2025-12-01 11:36:36,CUST-01186,noah.wagner38@example.com,Linen Throw Blanket,Natural,1,76.88,0.0,76.88,paid,US,draft_order
#4022,2025-12-01 12:54:13,CUST-00603,noah.weber903@example.com,Recycled Glass Vase,Amber,1,42.09,0.0,42.09,paid,DE,online_store
#4022,2025-12-01 12:54:13,CUST-00603,noah.weber903@example.com,Merino Wool Beanie,Oat,2,32.04,0.0,64.08,paid,DE,online_store
#1349,2025-12-01 13:56:48,CUST-01519,felix.richter462@example.com,Merino Wool Beanie,Black,1,31.94,0.0,31.94,pending,AT,online_store
#2807,2025-12-01 14:11:51,CUST-00958,max.neumann284@example.com,Walnut Serving Board,Large,1,53.73,0.0,53.73,paid,DE,online_store
#3288,2025-12-01 14:41:57,CUST-01260,clara.schwarz692@example.com,Aurora Ceramic Mug,White / 350ml,1,17.89,0.0,17.89,paid,FR,draft_order
#3288,2025-12-01 14:41:57,CUST-01260,clara.schwarz692@example.com,Botanical Print A3,Fern,1,27.54,0.0,27.54,paid,FR,draft_order
#1243,2025-12-01 14:56:57,CUST-01234,clara.braun591@example.com,Aurora Ceramic Mug,Sage / 350ml,1,18.21,0.0,18.21,paid,US,online_store
#1243,2025-12-01 14:56:57,CUST-01234,clara.braun591@example.com,Organic Cotton Tote,Navy,1,15.34,0.0,15.34,paid,US,online_store
#1243,2025-12-01 14:56:57,CUST-01234,clara.braun591@example.com,Soy Wax Candle — Cedar,Single,1,24.27,0.0,24.27,paid,US,online_store
#2970,2025-12-01 15:50:55,CUST-00822,marie.wolf56@example.com,Soy Wax Candle — Cedar,Set of 3,1,24.36,4.69,19.67,refunded,NL,online_store
#1287,2025-12-01 16:01:28,CUST-00492,liam.mueller863@example.com,Recycled Glass Vase,Amber,1,40.95,4.68,36.27,paid,GB,online_store
#1121,2025-12-01 18:05:12,CUST-00190,lena.hartmann130@example.com,Organic Cotton Tote,Cream,1,14.79,0.0,14.79,paid,US,instagram
#1121,2025-12-01 18:05:12,CUST-00190,lena.hartmann130@example.com,Linen Throw Blanket,Rust,1,76.84,0.0,76.84,paid,US,instagram
#4522,2025-12-01 18:31:39,CUST-01177,max.fischer288@example.com,Organic Cotton Tote,Navy,3,15.2,0.0,45.6,paid,NL,online_store
#4522,2025-12-01 18:31:39,CUST-01177,max.fischer288@example.com,Organic Cotton Tote,Navy,2,15.25,0.0,30.5,PAID,NL,online_store
#2595,2025-12-01 19:31:12,CUST-00626,paul.hartmann536@example.com,Aurora Ceramic Mug,Black / 350ml,1,17.71,0.0,,paid,US,online_store
#1443,2025-12-01 21:01:01,CUST-00046,liam.mueller949@example.com,Linen Throw Blanket,Charcoal,3,78.63,36.24,199.65,paid,FR,online_store
#3158,2025-12-01 21:41:00,CUST-00484,tom.wolf380@example.com,Brass Pour-Over Stand,Standard,1,68.39,0.0,68.39,paid,,online_store
#1549,2025-12-02 06:15:33,CUST-00283,tom.krueger779@example.com,Linen Throw Blanket,Charcoal,1,77.3,0.0,77.3,paid,GB,online_store
#4460,2025-12-02 08:43:23,CUST-01463,ben.hoffmann868@example.com,Aurora Ceramic Mug,Sage / 350ml,1,18.25,0.0,18.25,paid,CH,online_store
#2548,2025-12-02 09:16:43,CUST-00757,emma.hartmann266@example.com,Linen Throw Blanket,Natural,1,76.85,10.81,66.04,paid,AT,instagram
#4332,2025-12-02 11:33:55,CUST-01264,marie.neumann291@example.com,Linen Throw Blanket,Charcoal,1,77.39,0.0,77.39,paid,DE,online_store
#4332,2025-12-02 11:33:55,CUST-01264,marie.neumann291@example.com,Linen Throw Blanket,Charcoal,1,77.39,0.0,77.39,paid,DE,online_store
#2879,2025-12-02 14:02:30,CUST-01015,felix.koch562@example.com,Soy Wax Candle — Cedar,Set of 3,1,23.54,0.0,23.54,paid,US,online_store
#3112,2025-12-02 14:17:01,CUST-00280,julia.hoffmann358@example.com,Merino Wool Beanie,Black,1,31.13,4.87,26.26,paid,US,online_store
#3112,2025-12-02 14:17:01,CUST-00280,julia.hoffmann358@example.com,Aurora Ceramic Mug,Sage / 350ml,1,18.49,3.29,15.2,paid,US,online_store
#4438,2025-12-02 15:09:49,CUST-00683,erik.hoffmann349@example.com,Brass Pour-Over Stand,Standard,2,68.25,30.66,105.84,paid,FR,online_store
#4514,2025-12-02 15:11:44,CUST-01517,sofia.hoffmann290@example.com,Walnut Serving Board,Small,1,52.92,0.0,52.92,paid,FR,online_store
#2571,2025-12-02 15:39:03,CUST-00484,tom.wolf380@example.com,Aurora Ceramic Mug,Black / 350ml,2,17.68,0.0,35.36,paid,DE,pos
#2571,2025-12-02 15:39:03,CUST-00484,tom.wolf380@example.com,Aurora Ceramic Mug,Black / 350ml,2,17.67,0.0,35.34,paid,DE,pos
#3493,2025-12-02 16:45:37,CUST-01594,sofia.schmidt368@example.com,Merino Wool Beanie,Black,1,32.36,0.0,32.36,paid,AT,online_store
#3810,2025-12-02 17:46:21,CUST-01209,jonas.becker394@example.com,Brass Pour-Over Stand,Standard,2,69.73,0.0,139.46,refunded,DE,online_store
#2582,2025-12-02 18:05:11,CUST-00793,sofia.neumann303@example.com,Recycled Glass Vase,Amber,1,42.96,0.0,42.96,paid,DE,online_store
#1982,2025-12-02 18:08:11,CUST-01203,erik.richter402@example.com,Soy Wax Candle — Cedar,Set of 3,1,24.02,0.0,24.02,paid,DE,online_store
#1982,2025-12-02 18:08:11,CUST-01203,erik.richter402@example.com,Aurora Ceramic Mug,Black / 350ml,1,18.0,0.0,18.0,paid,DE,online_store
#4006,2025-12-02 19:20:30,CUST-01381,max.klein896@example.com,Linen Throw Blanket,Charcoal,1,79.89,0.0,79.89,paid,GB,pos
#4240,2025-12-02 19:28:32,CUST-01427,tom.neumann571@example.com,Recycled Glass Vase,Amber,1,41.38,0.0,41.38,paid,FR,online_store
#1208,2025-12-02 21:57:07,CUST-00939,anna.braun159@example.com,Soy Wax Candle — Cedar,Set of 3,1,23.57,5.24,18.33,paid,US,draft_order
#1208,2025-12-02 21:57:07,CUST-00939,anna.braun159@example.com,Linen Throw Blanket,Natural,2,79.77,36.97,122.57,paid,US,draft_order
#1208,2025-12-02 21:57:07,CUST-00939,anna.braun159@example.com,Merino Wool Beanie,Black,1,32.59,6.02,26.57,paid,US,draft_order
#2931,2025-12-02 23:25:10,CUST-00808,erik.mueller902@example.com,Botanical Print A3,Fern,1,27.44,0.0,27.44,paid,NL,online_store
#2931,2025-12-02 23:25:10,CUST-00808,erik.mueller902@example.com,Botanical Print A3,Eucalyptus,1,28.81,0.0,28.81,paid,NL,online_store
#1464,2025-12-03 11:17:08,CUST-01294,lena.koch38@example.com,Walnut Serving Board,Large,1,54.4,0.0,54.4,paid,FR,pos
#1464,2025-12-03 11:17:08,CUST-01294,lena.koch38@example.com,Aurora Ceramic Mug,White / 350ml,1,17.72,0.0,17.72,paid,FR,pos
#2528,2025-12-03 11:44:16,CUST-00756,liam.schwarz698@example.com,Brass Pour-Over Stand,Standard,1,67.66,11.62,56.04,paid,DE,online_store
#2073,2025-12-03 13:10:29,CUST-00667,clara.richter153@example.com,Organic Cotton Tote,Cream,1,15.08,0.0,15.08,paid,DE,online_store
#2073,2025-12-03 13:10:29,CUST-00667,clara.richter153@example.com,Brass Pour-Over Stand,Standard,1,69.97,0.0,69.97,paid,DE,online_store
#2073,2025-12-03 13:10:29,CUST-00667,clara.richter153@example.com,Soy Wax Candle — Cedar,Set of 3,1,24.0,0.0,24.0,paid,DE,online_store
#4124,2025-12-03 13:25:52,CUST-00454,ben.neumann392@example.com,Walnut Serving Board,Large,1,52.79,0.0,52.79,paid,US,online_store
#4124,2025-12-03 13:25:52,CUST-00454,ben.neumann392@example.com,Linen Throw Blanket,Natural,1,78.27,0.0,78.27,paid,US,online_store
#3422,2025-12-03 15:04:51,CUST-00247,julia.braun719@example.com,Walnut Serving Board,Large,1,54.61,0.0,54.61,paid,DE,online_store
#3422,2025-12-03 15:04:51,CUST-00247,julia.braun719@example.com,Merino Wool Beanie,Forest,2,32.5,0.0,65.0,paid,DE,online_store
#1043,2025-12-03 15:08:30,CUST-01353,mia.hoffmann469@example.com,Soy Wax Candle — Cedar,Single,1,23.84,2.66,21.18,paid,DE,pos
#3905,2025-12-03 18:56:46,CUST-01541,tom.weber27@example.com,Walnut Serving Board,Large,2,53.56,0.0,107.12,paid,DE,online_store
#2769,2025-12-03 20:20:29,CUST-01598,liam.richter874@example.com,Merino Wool Beanie,Oat,1,31.39,0.0,31.39,paid,GB,instagram
#2769,2025-12-03 20:20:29,CUST-01598,liam.richter874@example.com,Organic Cotton Tote,Cream,1,15.27,0.0,15.27,paid,GB,instagram
#2769,2025-12-03 20:20:29,CUST-01598,liam.richter874@example.com,Brass Pour-Over Stand,Standard,1,69.71,0.0,69.71,paid,GB,instagram
#3794,2025-12-03 22:23:31,CUST-00394,noah.wagner404@example.com,Brass Pour-Over Stand,Standard,2,66.04,0.0,132.08,paid,US,online_store
#3794,2025-12-03 22:23:31,CUST-00394,noah.wagner404@example.com,Stoneware Dinner Plate Set,Set of 6,1,95.78,0.0,95.78,paid,,online_store
#3794,2025-12-03 22:23:31,CUST-00394,noah.wagner404@example.com,Organic Cotton Tote,Cream,2,15.27,0.0,30.54,paid,US,online_store
#3178,2025-12-04 04:50:01,CUST-01373,marie.wolf750@example.com,Organic Cotton Tote,Navy,1,14.69,0.0,14.69,paid,US,online_store
#3178,2025-12-04 04:50:01,CUST-01373,marie.wolf750@example.com,Merino Wool Beanie,Oat,3,32.43,0.0,97.29,paid,US,online_store
#2645,2025-12-04 08:19:47,CUST-00719,julia.braun704@example.com,Botanical Print A3,Fern,1,28.53,0.0,28.53,paid,NL,online_store
#1788,2025-12-04 12:12:16,CUST-01130,erik.schmidt463@example.com,Organic Cotton Tote,Cream,1,14.73,0.0,14.73,paid,US,online_store
#4273,2025-12-04 12:18:03,CUST-01109,laura.mueller972@example.com,Organic Cotton Tote,Navy,1,15.32,0.0,15.32,refunded,DE,online_store
#1842,2025-12-04 14:10:11,CUST-00941,max.richter407@example.com,Soy Wax Candle — Cedar,Set of 3,3,23.75,0.0,71.25,paid,FR,online_store
#1842,2025-12-04 14:10:11,CUST-00941,max.richter407@example.com,Soy Wax Candle — Cedar,Single,1,23.93,0.0,23.93,paid,FR,online_store
#2377,2025-12-04 14:36:06,CUST-00272,julia.neumann883@example.com,Organic Cotton Tote,Cream,1,15.41,0.0,15.41,PAID,FR,draft_order
#1474,2025-12-04 15:23:46,CUST-00254,ben.schmidt615@example.com,Linen Throw Blanket,Rust,1,80.49,0.0,80.49,paid,DE,online_store
#3077,2025-12-04 15:24:56,CUST-00405,nina.weber452@example.com,Linen Throw Blanket,Natural,1,81.27,0.0,81.27,paid,DE,online_store
#3077,2025-12-04 15:24:56,CUST-00405,nina.weber452@example.com,Linen Throw Blanket,Rust,1,77.27,0.0,77.27,paid,DE,online_store
#1819,2025-12-04 17:51:39,CUST-00246,anna.schwarz544@example.com,Organic Cotton Tote,Cream,2,15.23,0.0,30.46,paid,DE,instagram
#1819,2025-12-04 17:51:39,CUST-00246,anna.schwarz544@example.com,Organic Cotton Tote,Cream,2,14.71,0.0,29.42,paid,DE,instagram
#1639,2025-12-04 18:48:05,CUST-00783,emma.koch135@example.com,Recycled Glass Vase,Amber,1,41.01,7.75,33.26,paid,DE,online_store
#3233,2025-12-04 22:04:07,CUST-00671,luis.mueller801@example.com,Stoneware Dinner Plate Set,Set of 4,3,93.52,0.0,280.56,paid,FR,online_store
#1174,2025-12-05 10:55:15,CUST-01073,clara.klein410@example.com,Aurora Ceramic Mug,Black / 350ml,1,17.69,0.0,17.69,paid,GB,instagram
#4422,2025-12-05 11:07:02,CUST-00043,noah.koch550@example.com,Merino Wool Beanie,Oat,1,32.7,0.0,32.7,paid,US,online_store
#4338,2025-12-05 11:52:20,CUST-00110,ben.schmidt431@example.com,Recycled Glass Vase,Smoke,1,42.73,0.0,42.73,pending,US,online_store
#1356,2025-12-05 11:55:35,CUST-01061,paul.braun785@example.com,Organic Cotton Tote,Cream,1,15.03,0.0,15.03,paid,GB,instagram
#1356,2025-12-05 11:55:35,CUST-01061,paul.braun785@example.com,Aurora Ceramic Mug,Sage / 350ml,1,17.79,0.0,17.79,paid,GB,instagram
#1364,2025-12-05 12:03:57,CUST-00538,jonas.richter733@example.com,Recycled Glass Vase,Smoke,1,43.13,9.02,34.11,paid,US,pos
#3554,2025-12-05 13:22:16,CUST-00842,tom.braun916@example.com,Aurora Ceramic Mug,White / 350ml,2,17.82,0.0,35.64,paid,NL,online_store
#3033,2025-12-05 13:29:24,CUST-01410,anna.becker30@example.com,Organic Cotton Tote,Cream,2,15.36,0.0,30.72,paid,FR,online_store
#2017,2025-12-05 14:22:34,CUST-01216,sofia.wagner925@example.com,Linen Throw Blanket,Natural,1,79.8,0.0,79.8,paid,FR,instagram
#2017,2025-12-05 14:22:34,CUST-01216,sofia.wagner925@example.com,Recycled Glass Vase,Smoke,1,41.03,0.0,41.03,paid,FR,instagram
#3371,2025-12-05 14:32:10,CUST-00931,luis.mueller794@example.com,Organic Cotton Tote,Navy,1,15.01,0.0,15.01,paid,GB,online_store
#2422,2025-12-05 15:14:21,CUST-00729,felix.neumann271@example.com,Linen Throw Blanket,Rust,1,78.24,0.0,78.24,paid,US,online_store
#2422,2025-12-05 15:14:21,CUST-00729,felix.neumann271@example.com,Botanical Print A3,Eucalyptus,2,28.3,0.0,,paid,US,online_store
#4449,2025-12-05 16:07:20,CUST-01483,erik.klein923@example.com,Soy Wax Candle — Cedar,Set of 3,2,24.47,0.0,48.94,paid,CH,pos
#4449,2025-12-05 16:07:20,CUST-01483,erik.klein923@example.com,Merino Wool Beanie,Oat,1,31.09,0.0,31.09,paid,CH,pos
#2192,2025-12-05 18:04:43,CUST-00500,nina.koch232@example.com,Merino Wool Beanie,Black,1,31.33,0.0,31.33,paid,DE,instagram
#2192,2025-12-05 18:04:43,CUST-00500,nina.koch232@example.com,Aurora Ceramic Mug,Black / 350ml,1,17.63,0.0,17.63,paid,DE,instagram
#2192,2025-12-05 18:04:43,CUST-00500,nina.koch232@example.com,Merino Wool Beanie,Forest,1,32.49,0.0,32.49,paid,DE,instagram
#1885,2025-12-05 20:17:22,CUST-01372,felix.wagner747@example.com,Aurora Ceramic Mug,Sage / 350ml,1,17.58,4.28,13.3,paid,AT,online_store
#2710,2025-12-05 21:17:43,CUST-01381,max.klein896@example.com,Linen Throw Blanket,Charcoal,2,77.75,0.0,155.5,paid,GB,online_store
#3525,2025-12-06 08:40:41,CUST-00941,max.richter407@example.com,Brass Pour-Over Stand,Standard,1,67.8,0.0,67.8,paid,FR,instagram
#4447,2025-12-06 09:01:19,CUST-00245,mia.wagner649@example.com,Aurora Ceramic Mug,Black / 350ml,1,18.5,0.0,18.5,paid,GB,online_store
#1456,2025-12-06 10:45:57,CUST-01277,clara.krueger510@example.com,Stoneware Dinner Plate Set,Set of 6,3,95.09,0.0,285.27,paid,DE,instagram
#4282,2025-12-06 12:54:05,CUST-00072,ben.wagner374@example.com,Walnut Serving Board,Small,1,55.18,0.0,55.18,paid,AT,online_store
#3103,2025-12-06 13:23:08,CUST-00654,luis.neumann213@example.com,Stoneware Dinner Plate Set,Set of 4,3,93.17,0.0,279.51,paid,US,online_store
#4266,2025-12-06 13:52:38,CUST-00130,anna.mueller843@example.com,Aurora Ceramic Mug,White / 350ml,2,18.07,0.0,36.14,refunded,US,online_store
#2273,2025-12-06 14:11:44,CUST-00163,felix.klein480@example.com,Recycled Glass Vase,Amber,1,40.9,0.0,40.9,paid,GB,online_store
#2273,2025-12-06 14:11:44,CUST-00163,felix.klein480@example.com,Aurora Ceramic Mug,White / 350ml,1,18.13,0.0,18.13,paid,GB,online_store
#2291,2025-12-06 14:18:44,CUST-00303,tom.hoffmann141@example.com,Organic Cotton Tote,Navy,1,15.43,0.0,15.43,paid,DE,draft_order
#4168,2025-12-06 15:15:01,CUST-00941,max.richter407@example.com,Botanical Print A3,Fern,1,28.22,0.0,28.22,paid,FR,online_store
#4168,2025-12-06 15:15:01,CUST-00941,max.richter407@example.com,Walnut Serving Board,Large,3,52.69,0.0,158.07,paid,FR,online_store
#4168,2025-12-06 15:15:01,CUST-00941,max.richter407@example.com,Botanical Print A3,Olive,1,27.96,0.0,27.96,paid,FR,online_store
#3521,2025-12-06 15:21:43,CUST-00275,felix.weber990@example.com,Recycled Glass Vase,Amber,1,41.21,0.0,41.21,PAID,DE,online_store
#3278,2025-12-06 15:41:30,CUST-01230,ben.krueger713@example.com,Merino Wool Beanie,Oat,2,31.94,0.0,63.88,paid,GB,online_store
#3589,2025-12-06 17:06:42,CUST-00278,mia.schwarz764@example.com,Walnut Serving Board,Small,2,55.26,0.0,110.52,paid,DE,pos
#3076,2025-12-06 17:35:59,CUST-00075,jonas.becker831@example.com,Aurora Ceramic Mug,Sage / 350ml,1,17.74,0.0,17.74,paid,DE,online_store
#1606,2025-12-06 17:38:46,CUST-01382,sofia.krueger426@example.com,Organic Cotton Tote,Navy,1,15.24,0.0,15.24,paid,NL,instagram
#2876,2025-12-06 17:47:53,CUST-01437,clara.schwarz683@example.com,Linen Throw Blanket,Rust,1,76.89,0.0,76.89,paid,GB,online_store
#2876,2025-12-06 17:47:53,CUST-01437,clara.schwarz683@example.com,Aurora Ceramic Mug,Sage / 350ml,2,17.93,0.0,35.86,paid,GB,online_store
#3162,2025-12-06 18:10:38,CUST-00120,luis.schmidt359@example.com,Soy Wax Candle — Cedar,Set of 3,1,24.05,0.0,24.05,paid,DE,online_store
#3502,2025-12-06 19:04:03,CUST-00959,sofia.krueger589@example.com,Merino Wool Beanie,Oat,3,32.71,0.0,98.13,paid,DE,online_store
#3502,2025-12-06 19:04:03,CUST-00959,sofia.krueger589@example.com,Organic Cotton Tote,Navy,1,15.39,0.0,15.39,paid,DE,online_store
#4152,2025-12-06 19:25:42,CUST-01023,lena.krueger239@example.com,Soy Wax Candle — Cedar,Single,1,23.32,0.0,23.32,pending,DE,online_store
#4152,2025-12-06 19:25:42,CUST-01023,lena.krueger239@example.com,Linen Throw Blanket,Rust,2,80.72,0.0,161.44,pending,DE,online_store
#1344,2025-12-06 19:33:33,CUST-00071,luis.schmidt597@example.com,Aurora Ceramic Mug,Sage / 350ml,1,18.19,0.0,18.19,paid,US,online_store
#4313,2025-12-06 21:07:44,CUST-00633,emma.koch373@example.com,Aurora Ceramic Mug,Black / 350ml,1,17.64,0.0,17.64,paid,US,online_store
#2757,2025-12-06 23:21:04,CUST-01404,luis.neumann14@example.com,Linen Throw Blanket,Natural,1,79.48,0.0,79.48,PAID,DE,online_store
#2817,2025-12-07 12:50:58,CUST-00634,lena.becker879@example.com,Soy Wax Candle — Cedar,Single,1,23.62,0.0,23.62,paid,DE,instagram
#1791,2025-12-07 13:03:09,CUST-01479,luis.braun928@example.com,Soy Wax Candle — Cedar,Single,1,23.55,0.0,23.55,pending,DE,online_store
#1881,2025-12-07 14:04:41,CUST-00616,max.becker978@example.com,Merino Wool Beanie,Forest,1,31.58,0.0,31.58,paid,CH,online_store
#3072,2025-12-07 15:44:04,CUST-00757,emma.hartmann266@example.com,Brass Pour-Over Stand,Standard,1,68.11,15.9,52.21,paid,AT,online_store
#2170,2025-12-07 15:44:09,CUST-01451,liam.schwarz606@example.com,Walnut Serving Board,Large,1,55.14,0.0,55.14,paid,CH,online_store
#1786,2025-12-07 15:52:01,CUST-00193,lena.fischer993@example.com,Recycled Glass Vase,Smoke,1,42.9,9.85,33.05,paid,DE,instagram
#1581,2025-12-07 16:49:16,CUST-00030,mia.fischer836@example.com,Linen Throw Blanket,Natural,1,77.05,0.0,77.05,paid,DE,draft_order
#2281,2025-12-07 16:52:34,CUST-01293,julia.krueger892@example.com,Recycled Glass Vase,Amber,1,41.45,0.0,,paid,NL,online_store
#1205,2025-12-07 17:43:46,CUST-01598,liam.richter874@example.com,Merino Wool Beanie,Black,1,31.72,0.0,31.72,paid,GB,instagram
#3337,2025-12-07 18:18:55,CUST-00276,erik.krueger942@example.com,Aurora Ceramic Mug,Black / 350ml,1,18.51,0.0,18.51,paid,US,online_store
#3337,2025-12-07 18:18:55,CUST-00276,erik.krueger942@example.com,Soy Wax Candle — Cedar,Single,1,23.89,0.0,23.89,paid,US,online_store
#3337,2025-12-07 18:18:55,CUST-00276,erik.krueger942@example.com,Recycled Glass Vase,Smoke,1,42.64,0.0,42.64,paid,US,online_store
#4506,2025-12-07 18:25:21,CUST-00394,noah.wagner404@example.com,Soy Wax Candle — Cedar,Set of 3,1,23.89,0.0,23.89,paid,US,online_store
#4506,2025-12-07 18:25:21,CUST-00394,noah.wagner404@example.com,Recycled Glass Vase,Amber,1,42.25,0.0,42.25,paid,US,online_store
#1999,2025-12-08 08:45:03,CUST-00367,nina.becker133@example.com,Soy Wax Candle — Cedar,Set of 3,1,24.38,0.0,24.38,paid,,online_store
#1999,2025-12-08 08:45:03,CUST-00367,nina.becker133@example.com,Soy Wax Candle — Cedar,Set of 3,1,23.79,0.0,23.79,paid,US,online_store
#4176,2025-12-08 09:06:22,CUST-01075,tom.weber308@example.com,Recycled Glass Vase,Smoke,1,41.37,0.0,41.37,paid,DE,online_store
#4176,2025-12-08 09:06:22,CUST-01075,tom.weber308@example.com,Botanical Print A3,Fern,1,28.76,0.0,28.76,paid,DE,online_store
#4176,2025-12-08 09:06:22,CUST-01075,tom.weber308@example.com,Recycled Glass Vase,Smoke,1,41.37,0.0,41.37,paid,DE,online_store
#4045,2025-12-08 12:33:06,CUST-01662,anna.becker60@example.com,Walnut Serving Board,Large,2,54.59,0.0,109.18,paid,DE,draft_order
#2068,2025-12-08 12:43:01,CUST-01484,max.fischer860@example.com,Botanical Print A3,Fern,1,28.36,0.0,28.36,paid,FR,online_store
#1591,2025-12-08 14:49:59,CUST-00246,anna.schwarz544@example.com,Recycled Glass Vase,Smoke,3,42.14,0.0,126.42,paid,DE,draft_order
#3117,2025-12-08 15:06:25,CUST-00409,laura.wolf471@example.com,Walnut Serving Board,Small,1,54.95,0.0,54.95,paid,AT,online_store
#3707,2025-12-08 16:02:53,CUST-00502,tom.schmidt720@example.com,Recycled Glass Vase,Smoke,2,42.17,0.0,84.34,paid,DE,instagram
#3707,2025-12-08 16:02:53,CUST-00502,tom.schmidt720@example.com,Aurora Ceramic Mug,White / 350ml,1,17.57,0.0,17.57,paid,DE,instagram
#2001,2025-12-08 18:23:17,CUST-01572,max.schwarz90@example.com,Organic Cotton Tote,Navy,1,15.28,0.0,15.28,paid,DE,online_store
#1326,2025-12-09 12:29:39,CUST-01064,paul.krueger925@example.com,Organic Cotton Tote,Cream,2,15.44,0.0,30.88,paid,DE,online_store
#2461,2025-12-09 14:12:52,CUST-01650,laura.koch348@example.com,Organic Cotton Tote,Cream,1,15.23,0.0,15.23,paid,US,online_store
#2400,2025-12-09 15:07:30,CUST-01531,clara.wolf169@example.com,Linen Throw Blanket,Natural,1,79.27,8.01,71.26,paid,DE,online_store
#4138,2025-12-09 15:29:33,CUST-00291,noah.wolf87@example.com,Soy Wax Candle — Cedar,Set of 3,3,24.0,0.0,72.0,refunded,US,online_store
#3773,2025-12-09 16:54:18,CUST-00351,lena.krueger381@example.com,Botanical Print A3,Fern,1,27.86,0.0,27.86,paid,US,online_store
#3773,2025-12-09 16:54:18,CUST-00351,lena.krueger381@example.com,Soy Wax Candle — Cedar,Set of 3,1,24.0,0.0,24.0,paid,US,online_store
#3098,2025-12-09 17:20:32,CUST-00469,liam.neumann688@example.com,Merino Wool Beanie,Oat,1,32.75,0.0,32.75,paid,US,online_store
#3098,2025-12-09 17:20:32,CUST-00469,liam.neumann688@example.com,Soy Wax Candle — Cedar,Single,3,23.34,0.0,70.02,paid,US,online_store
#3160,2025-12-09 17:55:09,CUST-00216,paul.richter967@example.com,Aurora Ceramic Mug,Black / 350ml,1,17.66,0.0,17.66,refunded,US,pos
#3160,2025-12-09 17:55:09,CUST-00216,paul.richter967@example.com,Botanical Print A3,Olive,1,28.08,0.0,28.08,refunded,US,pos
#1354,2025-12-09 19:33:02,CUST-01574,sofia.mueller665@example.com,Aurora Ceramic Mug,Black / 350ml,1,17.49,0.0,17.49,paid,DE,instagram
#3808,2025-12-09 19:40:50,CUST-01575,jonas.braun879@example.com,Linen Throw Blanket,Charcoal,2,77.5,0.0,155.0,paid,FR,instagram
#2734,2025-12-09 19:46:46,CUST-01410,anna.becker30@example.com,Soy Wax Candle — Cedar,Set of 3,1,24.47,0.0,24.47,paid,FR,online_store
#2734,2025-12-09 19:46:46,CUST-01410,anna.becker30@example.com,Stoneware Dinner Plate Set,Set of 4,1,94.74,0.0,94.74,paid,FR,online_store
#2878,2025-12-09 19:56:53,CUST-00167,nina.mueller689@example.com,Aurora Ceramic Mug,Black / 350ml,2,18.52,0.0,37.04,paid,NL,instagram
#1201,2025-12-09 21:33:16,CUST-00187,anna.hoffmann245@example.com,Soy Wax Candle — Cedar,Single,1,23.42,0.0,23.42,paid,GB,online_store
#1201,2025-12-09 21:33:16,CUST-00187,anna.hoffmann245@example.com,Aurora Ceramic Mug,Black / 350ml,1,18.19,0.0,18.19,PAID,GB,online_store
#1201,2025-12-09 21:33:16,CUST-00187,anna.hoffmann245@example.com,Merino Wool Beanie,Black,1,32.92,0.0,32.92,paid,GB,online_store
#3131,2025-12-09 22:43:37,CUST-00252,noah.neumann570@example.com,Botanical Print A3,Fern,1,27.84,0.0,27.84,paid,DE,online_store
#3813,2025-12-09 23:11:00,CUST-01123,max.becker504@example.com,Recycled Glass Vase,Smoke,1,41.12,0.0,41.12,paid,US,online_store
#2385,2025-12-10 08:46:28,CUST-00503,tom.braun340@example.com,Soy Wax Candle — Cedar,Set of 3,1,23.72,0.0,23.72,pending,GB,instagram
#2928,2025-12-10 11:21:50,CUST-01030,noah.hoffmann698@example.com,Recycled Glass Vase,Amber,1,42.77,0.0,42.77,paid,,online_store
#1856,2025-12-10 12:39:31,CUST-01381,max.klein896@example.com,Merino Wool Beanie,Black,2,32.89,13.68,52.1,paid,GB,online_store
#1856,2025-12-10 12:39:31,CUST-01381,max.klein896@example.com,Recycled Glass Vase,Amber,2,42.84,14.29,71.39,paid,GB,online_store
#1856,2025-12-10 12:39:31,CUST-01381,max.klein896@example.com,Walnut Serving Board,Large,1,52.86,12.12,40.74,paid,GB,online_store
#1252,2025-12-10 13:01:25,CUST-01263,mia.mueller538@example.com,Aurora Ceramic Mug,Sage / 350ml,1,17.55,0.0,17.55,paid,DE,online_store
#3980,2025-12-10 13:01:25,CUST-00353,clara.koch27@example.com,Linen Throw Blanket,Natural,1,78.89,0.0,,paid,FR,online_store
#2486,2025-12-10 13:10:40,CUST-00374,emma.fischer657@example.com,Merino Wool Beanie,Forest,1,31.25,0.0,31.25,paid,FR,online_store
#3163,2025-12-10 13:48:19,CUST-00776,max.mueller776@example.com,Stoneware Dinner Plate Set,Set of 6,1,96.14,0.0,96.14,paid,NL,instagram
#3621,2025-12-10 14:30:23,CUST-00912,julia.richter930@example.com,Organic Cotton Tote,Cream,1,15.16,0.0,15.16,paid,DE,online_store
#3621,2025-12-10 14:30:23,CUST-00912,julia.richter930@example.com,Linen Throw Blanket,Charcoal,1,76.65,0.0,76.65,paid,DE,online_store
#1496,2025-12-10 16:45:30,CUST-00689,luis.neumann604@example.com,Walnut Serving Board,Large,2,53.06,0.0,106.12,refunded,NL,online_store
#2988,2025-12-10 17:59:26,CUST-00777,sofia.mueller642@example.com,Organic Cotton Tote,Navy,1,14.96,0.0,14.96,paid,FR,draft_order
#2988,2025-12-10 17:59:26,CUST-00777,sofia.mueller642@example.com,Linen Throw Blanket,Rust,1,78.05,0.0,78.05,paid,FR,draft_order
#2988,2025-12-10 17:59:26,CUST-00777,sofia.mueller642@example.com,Soy Wax Candle — Cedar,Single,2,23.58,0.0,47.16,paid,,draft_order
#2988,2025-12-10 17:59:26,CUST-00777,sofia.mueller642@example.com,Organic Cotton Tote,Navy,1,14.96,0.0,14.96,paid,FR,draft_order
#1657,2025-12-10 18:41:25,CUST-00257,clara.koch866@example.com,Soy Wax Candle — Cedar,Set of 3,1,23.64,0.0,23.64,refunded,GB,online_store
#1657,2025-12-10 18:41:25,CUST-00257,clara.koch866@example.com,Walnut Serving Board,Large,2,53.77,0.0,107.54,refunded,GB,online_store
#2175,2025-12-10 19:24:34,CUST-01557,julia.wolf693@example.com,Recycled Glass Vase,Smoke,1,42.95,0.0,42.95,paid,DE,pos
#2135,2025-12-11 12:01:08,CUST-00458,emma.mueller475@example.com,Organic Cotton Tote,Navy,1,14.66,0.0,14.66,paid,GB,online_store
#2135,2025-12-11 12:01:08,CUST-00458,emma.mueller475@example.com,Stoneware Dinner Plate Set,Set of 4,2,94.84,0.0,189.68,paid,GB,online_store
#4044,2025-12-11 13:00:39,CUST-00978,max.schwarz795@example.com,Recycled Glass Vase,Smoke,1,42.49,7.03,35.46,paid,DE,online_store
#1259,2025-12-11 13:25:59,CUST-00377,felix.hartmann827@example.com,Recycled Glass Vase,Amber,1,41.4,0.0,41.4,paid,GB,online_store
#1886,2025-12-11 13:53:05,CUST-00246,anna.schwarz544@example.com,Recycled Glass Vase,Smoke,2,41.38,0.0,82.76,pending,DE,online_store
#1886,2025-12-11 13:53:05,CUST-00246,anna.schwarz544@example.com,Merino Wool Beanie,Black,1,32.78,0.0,32.78,pending,DE,online_store
#2995,2025-12-11 14:17:20,CUST-01384,ben.wagner613@example.com,Recycled Glass Vase,Smoke,1,41.39,0.0,41.39,pending,DE,online_store
#2995,2025-12-11 14:17:20,CUST-01384,ben.wagner613@example.com,Aurora Ceramic Mug,Sage / 350ml,1,18.4,0.0,18.4,pending,DE,online_store
#2995,2025-12-11 14:17:20,CUST-01384,ben.wagner613@example.com,Merino Wool Beanie,Forest,1,31.99,0.0,31.99,pending,DE,online_store
#1307,2025-12-11 15:23:46,CUST-00815,tom.hartmann77@example.com,Botanical Print A3,Olive,1,28.15,0.0,28.15,paid,FR,pos
#3733,2025-12-11 16:38:33,CUST-01334,liam.schmidt752@example.com,Organic Cotton Tote,Navy,1,15.07,3.57,11.5,paid,FR,online_store
#3733,2025-12-11 16:38:33,CUST-01334,liam.schmidt752@example.com,Merino Wool Beanie,Black,1,32.28,7.76,24.52,paid,FR,online_store
#3733,2025-12-11 16:38:33,CUST-01334,liam.schmidt752@example.com,Organic Cotton Tote,Navy,1,15.07,3.57,11.5,paid,FR,online_store
#2262,2025-12-11 17:28:39,CUST-00958,max.neumann284@example.com,Aurora Ceramic Mug,Sage / 350ml,1,17.91,0.0,17.91,paid,DE,online_store
#2262,2025-12-11 17:28:39,CUST-00958,max.neumann284@example.com,Organic Cotton Tote,Cream,1,15.05,0.0,15.05,paid,DE,online_store
#2262,2025-12-11 17:28:39,CUST-00958,max.neumann284@example.com,Soy Wax Candle — Cedar,Single,3,24.56,0.0,73.68,paid,DE,online_store
#3833,2025-12-12 08:31:29,CUST-01209,jonas.becker394@example.com,Soy Wax Candle — Cedar,Set of 3,2,23.44,0.0,46.88,paid,DE,online_store
#1677,2025-12-12 09:03:29,CUST-00880,laura.klein148@example.com,Organic Cotton Tote,Cream,1,14.66,0.0,14.66,paid,DE,draft_order
#1652,2025-12-12 09:18:59,CUST-01077,anna.neumann445@example.com,Soy Wax Candle — Cedar,Single,1,23.51,0.0,23.51,paid,US,online_store
#1652,2025-12-12 09:18:59,CUST-01077,anna.neumann445@example.com,Linen Throw Blanket,Charcoal,1,80.8,0.0,80.8,paid,US,online_store
#1652,2025-12-12 09:18:59,CUST-01077,anna.neumann445@example.com,Linen Throw Blanket,Charcoal,1,80.8,0.0,80.8,paid,US,online_store
#2063,2025-12-12 11:09:51,CUST-01401,mia.hoffmann188@example.com,Aurora Ceramic Mug,Black / 350ml,1,18.36,0.0,18.36,refunded,FR,online_store
#1366,2025-12-12 12:49:04,CUST-00984,paul.wagner703@example.com,Walnut Serving Board,Large,1,52.97,0.0,52.97,paid,DE,online_store
#1366,2025-12-12 12:49:04,CUST-00984,paul.wagner703@example.com,Recycled Glass Vase,Amber,1,41.58,0.0,41.58,paid,DE,online_store
#1945,2025-12-12 14:37:23,CUST-00032,paul.richter622@example.com,Aurora Ceramic Mug,Black / 350ml,1,18.53,0.0,18.53,paid,US,instagram
#2154,2025-12-12 15:35:03,CUST-00190,lena.hartmann130@example.com,Soy Wax Candle — Cedar,Set of 3,1,24.2,0.0,24.2,paid,US,online_store
#1857,2025-12-12 16:05:40,CUST-01375,laura.koch95@example.com,Organic Cotton Tote,Navy,1,15.24,0.0,15.24,paid,DE,online_store
#3630,2025-12-12 16:18:28,CUST-00872,anna.schmidt56@example.com,Soy Wax Candle — Cedar,Single,1,24.18,0.0,24.18,paid,DE,online_store
#3961,2025-12-12 17:26:44,CUST-01054,tom.richter227@example.com,Aurora Ceramic Mug,Black / 350ml,1,17.52,0.0,17.52,paid,GB,online_store
#2999,2025-12-12 19:05:24,CUST-01477,clara.koch117@example.com,Stoneware Dinner Plate Set,Set of 4,1,97.22,0.0,97.22,paid,DE,online_store
#2098,2025-12-12 20:02:04,CUST-01506,jonas.wagner703@example.com,Soy Wax Candle — Cedar,Single,1,24.35,0.0,24.35,paid,US,online_store
#4489,2025-12-12 20:44:27,CUST-00189,laura.schwarz812@example.com,Stoneware Dinner Plate Set,Set of 6,1,93.34,0.0,93.34,paid,NL,online_store
#4489,2025-12-12 20:44:27,CUST-00189,laura.schwarz812@example.com,Aurora Ceramic Mug,White / 350ml,1,18.48,0.0,18.48,paid,NL,online_store
#1010,2025-12-12 21:47:04,CUST-00184,anna.richter290@example.com,Soy Wax Candle — Cedar,Set of 3,1,24.68,0.0,24.68,paid,FR,draft_order
#1010,2025-12-12 21:47:04,CUST-00184,anna.richter290@example.com,Merino Wool Beanie,Oat,1,32.74,0.0,32.74,PAID,FR,draft_order
#4368,2025-12-12 23:06:16,CUST-00473,liam.braun571@example.com,Linen Throw Blanket,Rust,1,78.89,0.0,78.89,paid,US,instagram
#4349,2025-12-13 08:59:32,CUST-01388,paul.krueger774@example.com,Soy Wax Candle — Cedar,Set of 3,1,24.07,0.0,24.07,paid,AT,online_store
#1771,2025-12-13 10:51:11,CUST-00092,felix.hoffmann594@example.com,Botanical Print A3,Fern,1,28.62,0.0,28.62,paid,GB,instagram
#1771,2025-12-13 10:51:11,CUST-00092,felix.hoffmann594@example.com,Stoneware Dinner Plate Set,Set of 4,1,97.32,0.0,97.32,paid,GB,instagram
#2858,2025-12-13 11:16:36,CUST-00657,mia.koch406@example.com,Merino Wool Beanie,Oat,1,32.01,0.0,32.01,paid,US,online_store
#2858,2025-12-13 11:16:36,CUST-00657,mia.koch406@example.com,Brass Pour-Over Stand,Standard,1,68.92,0.0,68.92,paid,US,online_store
#2858,2025-12-13 11:16:36,CUST-00657,mia.koch406@example.com,Soy Wax Candle — Cedar,Single,1,24.54,0.0,24.54,paid,US,online_store
#2858,2025-12-13 11:16:36,CUST-00657,mia.koch406@example.com,Brass Pour-Over Stand,Standard,1,68.92,0.0,68.92,paid,US,online_store
#4465,2025-12-13 11:45:33,CUST-01177,max.fischer288@example.com,Botanical Print A3,Fern,2,28.51,0.0,57.02,paid,NL,pos
#4465,2025-12-13 11:45:33,CUST-01177,max.fischer288@example.com,Aurora Ceramic Mug,Sage / 350ml,1,18.15,0.0,18.15,paid,NL,pos
#3440,2025-12-13 12:28:12,CUST-00079,marie.neumann815@example.com,Soy Wax Candle — Cedar,Single,1,23.73,0.0,23.73,refunded,NL,pos
#3026,2025-12-13 12:31:30,CUST-00049,clara.krueger714@example.com,Soy Wax Candle — Cedar,Set of 3,1,24.64,0.0,24.64,paid,CH,online_store
#3026,2025-12-13 12:31:30,CUST-00049,clara.krueger714@example.com,Recycled Glass Vase,Smoke,1,41.81,0.0,41.81,paid,CH,online_store
#3933,2025-12-13 13:41:09,CUST-00760,luis.hartmann688@example.com,Merino Wool Beanie,Forest,1,32.21,0.0,32.21,paid,US,online_store
#2791,2025-12-13 13:47:23,CUST-00179,mia.koch935@example.com,Linen Throw Blanket,Natural,1,80.92,0.0,80.92,paid,DE,online_store
#2791,2025-12-13 13:47:23,CUST-00179,mia.koch935@example.com,Organic Cotton Tote,Navy,1,15.06,0.0,15.06,paid,DE,online_store
#2791,2025-12-13 13:47:23,CUST-00179,mia.koch935@example.com,Organic Cotton Tote,Navy,1,15.28,0.0,15.28,paid,DE,online_store
#2974,2025-12-13 14:01:21,CUST-00473,liam.braun571@example.com,Merino Wool Beanie,Oat,1,31.89,0.0,31.89,paid,US,online_store
#1875,2025-12-13 14:13:10,CUST-00409,laura.wolf471@example.com,Walnut Serving Board,Small,1,53.38,12.98,40.4,paid,AT,draft_order
#3450,2025-12-13 15:13:26,CUST-01018,jonas.richter761@example.com,Aurora Ceramic Mug,Sage / 350ml,1,17.59,0.0,17.59,paid,US,online_store
#3450,2025-12-13 15:13:26,CUST-01018,jonas.richter761@example.com,Soy Wax Candle — Cedar,Single,1,23.71,0.0,23.71,paid,US,online_store
#4080,2025-12-13 16:15:57,CUST-00284,nina.wolf643@example.com,Soy Wax Candle — Cedar,Single,1,23.62,0.0,23.62,pending,DE,online_store
#4080,2025-12-13 16:15:57,CUST-00284,nina.wolf643@example.com,Botanical Print A3,Olive,1,28.55,0.0,28.55,pending,DE,online_store
#4080,2025-12-13 16:15:57,CUST-00284,nina.wolf643@example.com,Aurora Ceramic Mug,Sage / 350ml,1,18.06,0.0,18.06,pending,,online_store
#2193,2025-12-13 16:20:04,CUST-01042,liam.hartmann573@example.com,Organic Cotton Tote,Cream,1,15.42,0.0,15.42,PAID,DE,instagram
#2193,2025-12-13 16:20:04,CUST-01042,liam.hartmann573@example.com,Botanical Print A3,Eucalyptus,2,27.94,0.0,55.88,paid,DE,instagram
#3128,2025-12-13 17:39:08,CUST-00189,laura.schwarz812@example.com,Linen Throw Blanket,Natural,1,79.83,0.0,79.83,paid,NL,online_store
#3128,2025-12-13 17:39:08,CUST-00189,laura.schwarz812@example.com,Organic Cotton Tote,Navy,1,14.65,0.0,14.65,paid,NL,online_store
#3282,2025-12-13 17:42:52,CUST-01634,laura.schwarz599@example.com,Organic Cotton Tote,Cream,1,15.29,0.0,,paid,US,online_store
#1959,2025-12-13 19:06:22,CUST-01448,felix.becker138@example.com,Soy Wax Candle — Cedar,Set of 3,1,23.36,0.0,23.36,paid,DE,draft_order
#3776,2025-12-13 19:23:34,CUST-00353,clara.koch27@example.com,Organic Cotton Tote,Navy,1,14.83,0.0,14.83,paid,FR,online_store
#4092,2025-12-13 19:26:33,CUST-01176,luis.mueller702@example.com,Aurora Ceramic Mug,White / 350ml,1,18.18,2.36,15.82,paid,DE,online_store
#1826,2025-12-13 19:57:10,CUST-00528,laura.wolf390@example.com,Recycled Glass Vase,Amber,1,42.97,0.0,42.97,paid,NL,online_store
#2391,2025-12-13 20:59:28,CUST-00112,tom.mueller306@example.com,Soy Wax Candle — Cedar,Single,1,24.14,0.0,24.14,paid,FR,instagram
#4309,2025-12-13 21:03:20,CUST-00691,emma.schwarz790@example.com,Botanical Print A3,Olive,1,28.74,0.0,28.74,paid,CH,instagram
#3321,2025-12-13 21:34:01,CUST-00139,mia.koch501@example.com,Aurora Ceramic Mug,White / 350ml,1,17.56,0.0,17.56,paid,US,online_store
#3722,2025-12-13 23:45:50,CUST-00577,jonas.hoffmann603@example.com,Aurora Ceramic Mug,White / 350ml,1,18.06,0.0,18.06,paid,GB,online_store
#2441,2025-12-13 23:46:02,CUST-01082,julia.fischer297@example.com,Soy Wax Candle — Cedar,Set of 3,1,24.03,0.0,24.03,paid,FR,online_store
#1964,2025-12-14 03:50:00,CUST-00963,tom.koch985@example.com,Aurora Ceramic Mug,Black / 350ml,1,17.74,0.0,17.74,paid,FR,online_store
#4408,2025-12-14 06:31:31,CUST-00277,ben.weber604@example.com,Linen Throw Blanket,Rust,1,79.21,0.0,79.21,paid,US,pos
#2414,2025-12-14 10:59:02,CUST-00329,max.fischer558@example.com,Botanical Print A3,Eucalyptus,2,28.22,6.14,50.3,paid,US,instagram
#3405,2025-12-14 12:18:38,CUST-00394,noah.wagner404@example.com,Walnut Serving Board,Small,1,52.88,0.0,52.88,paid,US,instagram
#3405,2025-12-14 12:18:38,CUST-00394,noah.wagner404@example.com,Linen Throw Blanket,Natural,3,79.96,0.0,239.88,paid,US,instagram
#2751,2025-12-14 12:43:44,CUST-00874,ben.schwarz415@example.com,Soy Wax Candle — Cedar,Set of 3,1,23.72,0.0,23.72,paid,US,online_store
#2751,2025-12-14 12:43:44,CUST-00874,ben.schwarz415@example.com,Organic Cotton Tote,Navy,1,15.1,0.0,15.1,paid,US,online_store
#1313,2025-12-14 14:27:55,CUST-01517,sofia.hoffmann290@example.com,Stoneware Dinner Plate Set,Set of 6,1,98.84,0.0,98.84,paid,FR,online_store
#3651,2025-12-14 15:02:28,CUST-00634,lena.becker879@example.com,Merino Wool Beanie,Black,1,31.83,0.0,31.83,paid,DE,online_store
#3651,2025-12-14 15:02:28,CUST-00634,lena.becker879@example.com,Walnut Serving Board,Small,1,52.43,0.0,52.43,paid,DE,online_store
#4236,2025-12-14 15:05:33,CUST-00569,marie.hartmann579@example.com,Merino Wool Beanie,Forest,3,31.53,0.0,94.59,paid,DE,pos
#2708,2025-12-14 15:51:55,CUST-01324,lena.hoffmann466@example.com,Walnut Serving Board,Large,2,54.43,0.0,108.86,paid,DE,instagram
#1879,2025-12-14 15:57:51,CUST-00657,mia.koch406@example.com,Walnut Serving Board,Large,1,53.89,0.0,53.89,paid,US,online_store
#3996,2025-12-14 16:15:34,CUST-01582,luis.klein410@example.com,Recycled Glass Vase,Smoke,2,42.36,20.44,64.28,paid,US,instagram
#3564,2025-12-14 17:10:10,CUST-00901,lena.neumann913@example.com,Recycled Glass Vase,Amber,1,42.63,0.0,42.63,paid,FR,online_store
#3105,2025-12-14 17:27:01,CUST-00052,tom.becker521@example.com,Organic Cotton Tote,Navy,1,15.08,0.0,15.08,paid,DE,online_store
#1729,2025-12-14 19:05:51,CUST-00529,anna.krueger836@example.com,Organic Cotton Tote,Cream,1,15.27,0.0,15.27,paid,NL,online_store
#1729,2025-12-14 19:05:51,CUST-00529,anna.krueger836@example.com,Botanical Print A3,Olive,1,28.68,0.0,28.68,paid,NL,online_store
#4497,2025-12-14 19:41:58,CUST-00933,ben.koch494@example.com,Organic Cotton Tote,Navy,1,14.92,0.0,14.92,paid,FR,online_store
#4497,2025-12-14 19:41:58,CUST-00933,ben.koch494@example.com,Soy Wax Candle — Cedar,Single,1,23.53,0.0,23.53,paid,FR,online_store
#4497,2025-12-14 19:41:58,CUST-00933,ben.koch494@example.com,Soy Wax Candle — Cedar,Single,1,23.53,0.0,23.53,paid,FR,online_store
#4497,2025-12-14 19:41:58,CUST-00933,ben.koch494@example.com,Organic Cotton Tote,Navy,1,14.92,0.0,14.92,paid,FR,online_store
#4416,2025-12-14 19:59:30,CUST-01594,sofia.schmidt368@example.com,Organic Cotton Tote,Cream,1,15.23,0.0,15.23,paid,AT,instagram
#1016,2025-12-14 20:04:37,CUST-01305,erik.schwarz17@example.com,Soy Wax Candle — Cedar,Single,1,23.92,0.0,23.92,paid,NL,online_store
#2430,2025-12-14 20:29:56,CUST-00120,luis.schmidt359@example.com,Botanical Print A3,Eucalyptus,1,28.45,3.01,25.44,refunded,DE,online_store
#3689,2025-12-14 23:50:39,CUST-00276,erik.krueger942@example.com,Linen Throw Blanket,Natural,3,78.9,0.0,236.7,paid,US,instagram
#1655,2025-12-15 07:09:29,CUST-01187,julia.weber955@example.com,Stoneware Dinner Plate Set,Set of 6,1,97.23,0.0,97.23,paid,DE,online_store
#1655,2025-12-15 07:09:29,CUST-01187,julia.weber955@example.com,Aurora Ceramic Mug,Sage / 350ml,2,17.56,0.0,35.12,paid,DE,online_store
#1655,2025-12-15 07:09:29,CUST-01187,julia.weber955@example.com,Aurora Ceramic Mug,White / 350ml,1,17.84,0.0,17.84,paid,DE,online_store
#4224,2025-12-15 09:05:47,CUST-01055,mia.mueller214@example.com,Merino Wool Beanie,Oat,2,32.24,0.0,64.48,paid,GB,instagram
#3854,2025-12-15 10:22:13,CUST-01361,luis.krueger581@example.com,Linen Throw Blanket,Rust,2,79.49,0.0,158.98,paid,DE,online_store
#2626,2025-12-15 12:13:12,CUST-00189,laura.schwarz812@example.com,Botanical Print A3,Olive,1,27.43,0.0,27.43,paid,NL,online_store
#1292,2025-12-15 12:40:20,CUST-00150,tom.hartmann189@example.com,Recycled Glass Vase,Smoke,1,41.8,0.0,41.8,paid,CH,online_store
#1292,2025-12-15 12:40:20,CUST-00150,tom.hartmann189@example.com,Walnut Serving Board,Small,1,53.92,0.0,53.92,paid,CH,online_store
#1700,2025-12-15 12:50:04,CUST-00148,lena.richter56@example.com,Walnut Serving Board,Small,2,53.79,0.0,107.58,paid,US,online_store
#1700,2025-12-15 12:50:04,CUST-00148,lena.richter56@example.com,Walnut Serving Board,Large,1,54.33,0.0,54.33,paid,US,online_store
#4426,2025-12-15 13:41:13,CUST-01237,clara.krueger536@example.com,Aurora Ceramic Mug,White / 350ml,1,18.5,0.0,18.5,paid,AT,online_store
#3196,2025-12-15 13:50:26,CUST-01209,jonas.becker394@example.com,Merino Wool Beanie,Forest,1,32.44,0.0,32.44,paid,DE,online_store
#3196,2025-12-15 13:50:26,CUST-01209,jonas.becker394@example.com,Merino Wool Beanie,Black,1,31.53,0.0,31.53,paid,DE,online_store
#3196,2025-12-15 13:50:26,CUST-01209,jonas.becker394@example.com,Aurora Ceramic Mug,White / 350ml,1,17.92,0.0,17.92,paid,DE,online_store
#3870,2025-12-15 14:19:23,CUST-00548,lena.neumann467@example.com,Soy Wax Candle — Cedar,Single,2,23.69,0.0,47.38,paid,FR,online_store
#3870,2025-12-15 14:19:23,CUST-00548,lena.neumann467@example.com,Recycled Glass Vase,Smoke,1,43.23,0.0,43.23,paid,FR,online_store
#3766,2025-12-15 14:35:46,CUST-00098,ben.hoffmann394@example.com,Aurora Ceramic Mug,White / 350ml,1,17.79,0.0,17.79,paid,US,online_store
#3952,2025-12-15 15:30:27,CUST-00075,jonas.becker831@example.com,Aurora Ceramic Mug,Sage / 350ml,1,17.75,0.0,17.75,paid,DE,online_store
#3115,2025-12-15 17:55:37,CUST-00208,felix.mueller675@example.com,Soy Wax Candle — Cedar,Single,3,23.79,0.0,71.37,paid,US,online_store
#2243,2025-12-16 09:21:51,CUST-00103,luis.wolf913@example.com,Aurora Ceramic Mug,Black / 350ml,1,18.25,0.0,18.25,paid,US,online_store
#2243,2025-12-16 09:21:51,CUST-00103,luis.wolf913@example.com,Walnut Serving Board,Small,1,54.38,0.0,54.38,paid,US,online_store
#2776,2025-12-16 09:23:02,CUST-00551,noah.mueller664@example.com,Walnut Serving Board,Large,3,54.6,0.0,163.8,paid,DE,online_store
#2776,2025-12-16 09:23:02,CUST-00551,noah.mueller664@example.com,Aurora Ceramic Mug,Black / 350ml,2,18.1,0.0,36.2,paid,DE,online_store
#2776,2025-12-16 09:23:02,CUST-00551,noah.mueller664@example.com,Brass Pour-Over Stand,Standard,1,68.2,0.0,68.2,paid,DE,online_store
#1418,2025-12-16 10:57:46,CUST-00401,noah.braun816@example.com,Aurora Ceramic Mug,Sage / 350ml,1,17.73,0.0,17.73,paid,AT,online_store
#1418,2025-12-16 10:57:46,CUST-00401,noah.braun816@example.com,Merino Wool Beanie,Black,1,31.72,0.0,31.72,paid,AT,online_store
#1418,2025-12-16 10:57:46,CUST-00401,noah.braun816@example.com,Aurora Ceramic Mug,Sage / 350ml,1,17.73,0.0,17.73,paid,AT,online_store
#2474,2025-12-16 11:08:04,CUST-01266,sofia.weber123@example.com,Recycled Glass Vase,Smoke,1,43.22,0.0,43.22,paid,DE,online_store
#3679,2025-12-16 12:15:25,CUST-01069,julia.wagner310@example.com,Linen Throw Blanket,Charcoal,1,77.85,0.0,77.85,paid,DE,online_store
#2022,2025-12-16 12:29:19,CUST-00394,noah.wagner404@example.com,Merino Wool Beanie,Black,1,32.89,0.0,32.89,paid,US,online_store
#2022,2025-12-16 12:29:19,CUST-00394,noah.wagner404@example.com,Organic Cotton Tote,Cream,1,15.42,0.0,15.42,paid,US,online_store
#1115,2025-12-16 13:45:56,CUST-00872,anna.schmidt56@example.com,Aurora Ceramic Mug,White / 350ml,2,18.35,0.0,36.7,paid,DE,instagram
#3670,2025-12-16 14:09:38,CUST-01652,emma.klein127@example.com,Linen Throw Blanket,Charcoal,1,79.1,0.0,79.1,paid,GB,instagram
#2137,2025-12-16 15:05:02,CUST-01538,paul.becker843@example.com,Aurora Ceramic Mug,White / 350ml,1,17.77,0.0,17.77,paid,DE,online_store
#2608,2025-12-16 16:45:05,CUST-01114,julia.wagner931@example.com,Organic Cotton Tote,Navy,2,14.66,6.06,23.26,paid,CH,online_store
#2558,2025-12-16 16:48:19,CUST-00246,anna.schwarz544@example.com,Soy Wax Candle — Cedar,Single,2,23.75,0.0,47.5,paid,DE,online_store
#2925,2025-12-16 17:02:05,CUST-01169,mia.klein564@example.com,Aurora Ceramic Mug,Sage / 350ml,1,18.16,0.0,18.16,paid,DE,online_store
#2925,2025-12-16 17:02:05,CUST-01169,mia.klein564@example.com,Linen Throw Blanket,Natural,2,77.57,0.0,155.14,paid,DE,online_store
#2925,2025-12-16 17:02:05,CUST-01169,mia.klein564@example.com,Organic Cotton Tote,Cream,2,14.97,0.0,29.94,paid,DE,online_store
#2925,2025-12-16 17:02:05,CUST-01169,mia.klein564@example.com,Aurora Ceramic Mug,Sage / 350ml,1,18.16,0.0,18.16,paid,DE,online_store
#3667,2025-12-16 17:16:18,CUST-00966,julia.mueller270@example.com,Soy Wax Candle — Cedar,Single,1,24.27,0.0,24.27,paid,DE,online_store
#3197,2025-12-16 17:28:15,CUST-00954,jonas.mueller89@example.com,Organic Cotton Tote,Cream,1,14.99,0.0,14.99,paid,CH,draft_order
#3197,2025-12-16 17:28:15,CUST-00954,jonas.mueller89@example.com,Soy Wax Candle — Cedar,Set of 3,1,23.66,0.0,23.66,paid,CH,draft_order
#2212,2025-12-16 19:30:26,CUST-01201,marie.weber701@example.com,Organic Cotton Tote,Navy,1,15.33,0.0,15.33,paid,GB,online_store
#3972,2025-12-16 19:42:55,CUST-01236,mia.wagner540@example.com,Linen Throw Blanket,Charcoal,1,77.56,0.0,77.56,paid,CH,instagram
#2683,2025-12-16 20:45:08,CUST-00626,paul.hartmann536@example.com,Merino Wool Beanie,Forest,1,32.56,0.0,32.56,paid,US,online_store
#1165,2025-12-16 22:33:22,CUST-00632,nina.weber522@example.com,Linen Throw Blanket,Charcoal,1,77.32,0.0,77.32,paid,DE,online_store
#1165,2025-12-16 22:33:22,CUST-00632,nina.weber522@example.com,Linen Throw Blanket,Natural,1,78.14,0.0,78.14,paid,DE,online_store
#4365,2025-12-17 07:12:41,CUST-00187,anna.hoffmann245@example.com,Walnut Serving Board,Small,2,55.57,0.0,111.14,paid,GB,online_store
#1681,2025-12-17 12:02:16,CUST-00500,nina.koch232@example.com,Linen Throw Blanket,Natural,1,79.01,0.0,79.01,paid,DE,online_store
#3785,2025-12-17 17:15:56,CUST-00179,mia.koch935@example.com,Aurora Ceramic Mug,Sage / 350ml,1,18.22,0.0,18.22,paid,DE,draft_order
#2911,2025-12-17 17:53:08,CUST-01601,noah.schmidt172@example.com,Merino Wool Beanie,Black,1,31.34,0.0,31.34,paid,GB,online_store
#2911,2025-12-17 17:53:08,CUST-01601,noah.schmidt172@example.com,Linen Throw Blanket,Rust,2,79.19,0.0,158.38,paid,GB,online_store
#2911,2025-12-17 17:53:08,CUST-01601,noah.schmidt172@example.com,Linen Throw Blanket,Natural,1,78.2,0.0,78.2,paid,GB,online_store
#3828,2025-12-17 18:06:59,CUST-01445,luis.mueller33@example.com,Walnut Serving Board,Large,1,55.13,0.0,55.13,paid,CH,online_store
#3398,2025-12-17 18:43:12,CUST-00154,ben.koch390@example.com,Walnut Serving Board,Large,1,54.16,0.0,54.16,paid,US,online_store
#1167,2025-12-17 20:04:36,CUST-01495,max.weber243@example.com,Linen Throw Blanket,Charcoal,1,81.32,0.0,81.32,paid,NL,online_store
#1167,2025-12-17 20:04:36,CUST-01495,max.weber243@example.com,Merino Wool Beanie,Black,1,31.91,0.0,31.91,PAID,NL,online_store
#3792,2025-12-17 20:34:26,CUST-00351,lena.krueger381@example.com,Organic Cotton Tote,Cream,1,15.12,0.0,15.12,paid,US,instagram
#4284,2025-12-17 21:53:10,CUST-00189,laura.schwarz812@example.com,Aurora Ceramic Mug,Black / 350ml,1,18.06,0.0,18.06,paid,NL,online_store
#1164,2025-12-17 22:27:12,CUST-00904,erik.becker144@example.com,Aurora Ceramic Mug,Black / 350ml,1,18.09,0.0,18.09,paid,US,online_store
#2831,2025-12-17 23:14:39,CUST-00729,felix.neumann271@example.com,Aurora Ceramic Mug,Black / 350ml,1,18.09,0.0,18.09,paid,US,online_store
#2831,2025-12-17 23:14:39,CUST-00729,felix.neumann271@example.com,Aurora Ceramic Mug,Black / 350ml,1,18.09,0.0,18.09,paid,US,online_store
#3250,2025-12-17 23:25:18,CUST-01090,felix.becker632@example.com,Linen Throw Blanket,Rust,1,77.1,0.0,77.1,paid,NL,online_store
#4042,2025-12-18 09:02:13,CUST-00280,julia.hoffmann358@example.com,Merino Wool Beanie,Oat,1,32.13,4.41,27.72,paid,US,online_store
#4042,2025-12-18 09:02:13,CUST-00280,julia.hoffmann358@example.com,Merino Wool Beanie,Forest,1,31.23,4.5,26.73,paid,US,online_store
#1646,2025-12-18 10:32:02,CUST-01334,liam.schmidt752@example.com,Soy Wax Candle — Cedar,Single,3,24.2,0.0,72.6,paid,FR,online_store
#1646,2025-12-18 10:32:02,CUST-01334,liam.schmidt752@example.com,Walnut Serving Board,Small,1,54.29,0.0,54.29,paid,FR,online_store
#1622,2025-12-18 10:46:07,CUST-00254,ben.schmidt615@example.com,Linen Throw Blanket,Natural,1,76.89,0.0,76.89,paid,DE,online_store
#1622,2025-12-18 10:46:07,CUST-00254,ben.schmidt615@example.com,Linen Throw Blanket,Rust,1,79.45,0.0,79.45,paid,DE,online_store
#3728,2025-12-18 10:47:33,CUST-01563,nina.richter600@example.com,Recycled Glass Vase,Amber,1,41.27,0.0,41.27,paid,DE,online_store
#2267,2025-12-18 11:02:48,CUST-01401,mia.hoffmann188@example.com,Aurora Ceramic Mug,Sage / 350ml,1,17.78,0.0,17.78,paid,FR,online_store
#1415,2025-12-18 11:21:46,CUST-00582,noah.wagner805@example.com,Aurora Ceramic Mug,Black / 350ml,1,17.73,0.0,17.73,paid,US,online_store
#2301,2025-12-18 12:18:53,CUST-00809,lena.hartmann116@example.com,Organic Cotton Tote,Cream,1,15.29,0.0,15.29,paid,AT,online_store
#3384,2025-12-18 12:36:22,CUST-01483,erik.klein923@example.com,Aurora Ceramic Mug,White / 350ml,1,17.59,0.0,17.59,paid,CH,instagram
#2788,2025-12-18 13:03:44,CUST-00594,emma.weber162@example.com,Organic Cotton Tote,Cream,1,15.06,0.0,15.06,paid,US,online_store
#4122,2025-12-18 13:17:59,CUST-00588,max.krueger336@example.com,Botanical Print A3,Fern,1,27.64,0.0,27.64,paid,GB,pos
#3755,2025-12-18 14:30:42,CUST-00594,emma.weber162@example.com,Stoneware Dinner Plate Set,Set of 6,1,97.43,0.0,97.43,paid,US,online_store
#3755,2025-12-18 14:30:42,CUST-00594,emma.weber162@example.com,Botanical Print A3,Eucalyptus,1,27.94,0.0,27.94,paid,US,online_store
#3755,2025-12-18 14:30:42,CUST-00594,emma.weber162@example.com,Linen Throw Blanket,Charcoal,1,79.76,0.0,79.76,paid,US,online_store
#1704,2025-12-18 15:56:46,CUST-01478,emma.koch318@example.com,Merino Wool Beanie,Forest,1,31.35,0.0,31.35,paid,US,online_store
#3697,2025-12-18 16:13:41,CUST-01248,nina.wagner379@example.com,Merino Wool Beanie,Oat,1,32.15,0.0,32.15,paid,NL,online_store
#4381,2025-12-18 16:32:50,CUST-00153,felix.fischer122@example.com,Recycled Glass Vase,Smoke,1,42.51,0.0,42.51,paid,US,online_store
#2989,2025-12-18 17:12:22,CUST-01264,marie.neumann291@example.com,Linen Throw Blanket,Natural,1,77.6,0.0,77.6,paid,DE,instagram
#2747,2025-12-18 17:15:45,CUST-00317,jonas.krueger953@example.com,Aurora Ceramic Mug,Sage / 350ml,1,17.72,0.0,17.72,paid,DE,online_store
#2171,2025-12-18 18:34:45,CUST-00386,julia.krueger316@example.com,Soy Wax Candle — Cedar,Single,1,24.7,0.0,24.7,paid,US,online_store
#1892,2025-12-18 22:00:33,CUST-00838,julia.klein561@example.com,Soy Wax Candle — Cedar,Single,1,24.11,0.0,24.11,paid,NL,instagram
#2867,2025-12-18 23:17:05,CUST-01216,sofia.wagner925@example.com,Brass Pour-Over Stand,Standard,1,70.03,0.0,70.03,pending,FR,online_store
#3798,2025-12-19 09:03:45,CUST-00537,mia.braun143@example.com,Walnut Serving Board,Large,1,55.49,0.0,55.49,paid,GB,online_store
#4418,2025-12-19 10:16:53,CUST-00167,nina.mueller689@example.com,Botanical Print A3,Fern,1,28.36,0.0,28.36,paid,NL,online_store
#2982,2025-12-19 11:09:03,CUST-01353,mia.hoffmann469@example.com,Walnut Serving Board,Small,1,53.49,11.08,42.41,paid,DE,online_store
#2955,2025-12-19 11:44:11,CUST-00851,marie.koch722@example.com,Organic Cotton Tote,Cream,1,14.96,0.0,14.96,paid,FR,online_store
#1104,2025-12-19 13:46:32,CUST-00269,laura.schmidt309@example.com,Stoneware Dinner Plate Set,Set of 4,1,95.85,0.0,95.85,paid,AT,online_store
#3852,2025-12-19 14:31:31,CUST-00775,tom.schwarz547@example.com,Botanical Print A3,Eucalyptus,1,27.59,0.0,27.59,pending,DE,draft_order
#3852,2025-12-19 14:31:31,CUST-00775,tom.schwarz547@example.com,Linen Throw Blanket,Natural,3,81.23,0.0,243.69,pending,DE,draft_order
#4467,2025-12-19 16:22:23,CUST-01374,liam.wagner120@example.com,Recycled Glass Vase,Amber,2,41.22,0.0,82.44,paid,DE,instagram
#4467,2025-12-19 16:22:23,CUST-01374,liam.wagner120@example.com,Merino Wool Beanie,Black,1,31.46,0.0,31.46,paid,DE,instagram
#4315,2025-12-19 17:14:32,CUST-01581,ben.braun755@example.com,Merino Wool Beanie,Oat,1,32.45,0.0,32.45,paid,GB,draft_order
#3399,2025-12-19 18:09:38,CUST-01431,mia.hartmann377@example.com,Organic Cotton Tote,Cream,1,14.96,0.0,14.96,paid,DE,online_store
#2165,2025-12-19 18:43:39,CUST-01142,julia.becker390@example.com,Botanical Print A3,Fern,1,27.73,0.0,27.73,paid,DE,online_store
#2464,2025-12-19 20:51:37,CUST-00941,max.richter407@example.com,Recycled Glass Vase,Smoke,3,42.29,0.0,126.87,paid,FR,online_store
#3783,2025-12-20 03:27:28,CUST-01640,ben.weber586@example.com,Linen Throw Blanket,Rust,1,81.26,0.0,81.26,paid,,pos
#1972,2025-12-20 08:36:12,CUST-00246,anna.schwarz544@example.com,Organic Cotton Tote,Navy,1,14.79,0.0,14.79,paid,DE,online_store
#1972,2025-12-20 08:36:12,CUST-00246,anna.schwarz544@example.com,Organic Cotton Tote,Navy,1,14.79,0.0,14.79,paid,DE,online_store
#1635,2025-12-20 09:05:27,CUST-00672,tom.hartmann580@example.com,Organic Cotton Tote,Navy,2,14.65,0.0,29.3,paid,US,online_store
#2704,2025-12-20 10:30:06,CUST-01081,liam.schwarz771@example.com,Linen Throw Blanket,Natural,1,78.95,0.0,78.95,refunded,GB,instagram
#2411,2025-12-20 10:38:55,CUST-00588,max.krueger336@example.com,Soy Wax Candle — Cedar,Single,2,24.53,0.0,49.06,paid,GB,online_store
#1713,2025-12-20 12:25:10,CUST-00298,max.klein716@example.com,Soy Wax Candle — Cedar,Set of 3,1,23.99,0.0,23.99,paid,GB,online_store
#1713,2025-12-20 12:25:10,CUST-00298,max.klein716@example.com,Recycled Glass Vase,Amber,1,42.42,0.0,42.42,paid,GB,online_store
#1465,2025-12-20 12:35:22,CUST-01390,liam.klein312@example.com,Merino Wool Beanie,Black,2,31.43,0.0,62.86,paid,US,online_store
#1226,2025-12-20 13:10:23,CUST-00070,noah.fischer708@example.com,Merino Wool Beanie,Black,1,32.02,0.0,32.02,paid,AT,draft_order
#1226,2025-12-20 13:10:23,CUST-00070,noah.fischer708@example.com,Organic Cotton Tote,Navy,1,15.4,0.0,15.4,paid,AT,draft_order
#2594,2025-12-20 14:07:57,CUST-00927,laura.wagner208@example.com,Merino Wool Beanie,Forest,1,31.49,0.0,31.49,paid,US,online_store
#1947,2025-12-20 14:58:02,CUST-00941,max.richter407@example.com,Linen Throw Blanket,Natural,3,77.79,0.0,,refunded,FR,online_store
#2444,2025-12-20 15:44:12,CUST-00557,mia.weber550@example.com,Organic Cotton Tote,Cream,1,14.55,0.0,14.55,paid,DE,online_store
#2444,2025-12-20 15:44:12,CUST-00557,mia.weber550@example.com,Soy Wax Candle — Cedar,Set of 3,1,23.47,0.0,23.47,paid,DE,online_store
#2443,2025-12-20 15:44:45,CUST-00416,liam.klein81@example.com,Botanical Print A3,Olive,1,27.81,0.0,27.81,refunded,US,online_store
#4276,2025-12-20 16:16:58,CUST-01332,ben.koch445@example.com,Merino Wool Beanie,Black,3,31.35,15.0,79.05,paid,GB,draft_order
#4276,2025-12-20 16:16:58,CUST-01332,ben.koch445@example.com,Soy Wax Candle — Cedar,Set of 3,1,24.59,5.33,19.26,paid,GB,draft_order
#2253,2025-12-20 16:16:59,CUST-00567,lena.hoffmann987@example.com,Merino Wool Beanie,Forest,1,31.91,0.0,31.91,paid,GB,online_store
#1550,2025-12-20 16:18:46,CUST-00246,anna.schwarz544@example.com,Aurora Ceramic Mug,Sage / 350ml,1,17.91,0.0,17.91,paid,DE,online_store
#1904,2025-12-20 17:21:15,CUST-00010,jonas.klein876@example.com,Recycled Glass Vase,Smoke,1,41.33,0.0,41.33,paid,DE,online_store
#1904,2025-12-20 17:21:15,CUST-00010,jonas.klein876@example.com,Organic Cotton Tote,Cream,1,15.45,0.0,,paid,DE,online_store
#3768,2025-12-20 17:37:12,CUST-01278,emma.schmidt273@example.com,Aurora Ceramic Mug,White / 350ml,1,18.3,0.0,18.3,paid,DE,online_store
#3768,2025-12-20 17:37:12,CUST-01278,emma.schmidt273@example.com,Stoneware Dinner Plate Set,Set of 4,1,96.27,0.0,96.27,paid,DE,online_store
#3768,2025-12-20 17:37:12,CUST-01278,emma.schmidt273@example.com,Soy Wax Candle — Cedar,Set of 3,1,23.71,0.0,23.71,paid,DE,online_store
#3796,2025-12-20 18:18:01,CUST-00782,sofia.becker941@example.com,Aurora Ceramic Mug,White / 350ml,1,17.53,0.0,17.53,paid,NL,instagram
#3796,2025-12-20 18:18:01,CUST-00782,sofia.becker941@example.com,Recycled Glass Vase,Amber,1,42.16,0.0,42.16,paid,NL,instagram
#3796,2025-12-20 18:18:01,CUST-00782,sofia.becker941@example.com,Soy Wax Candle — Cedar,Set of 3,1,23.49,0.0,23.49,paid,NL,instagram
#3104,2025-12-20 18:23:02,CUST-00893,jonas.koch657@example.com,Recycled Glass Vase,Smoke,1,42.21,9.61,32.6,paid,US,online_store
#3104,2025-12-20 18:23:02,CUST-00893,jonas.koch657@example.com,Soy Wax Candle — Cedar,Set of 3,1,24.62,3.64,20.98,paid,US,online_store
#3325,2025-12-20 18:23:02,CUST-01334,liam.schmidt752@example.com,Walnut Serving Board,Large,2,55.03,0.0,110.06,paid,FR,draft_order
#3325,2025-12-20 18:23:02,CUST-01334,liam.schmidt752@example.com,Organic Cotton Tote,Cream,2,15.29,0.0,30.58,paid,FR,draft_order
#2549,2025-12-20 18:55:53,CUST-00675,nina.koch103@example.com,Organic Cotton Tote,Navy,1,14.97,0.0,14.97,paid,DE,pos
#2956,2025-12-20 19:56:12,CUST-00315,felix.fischer280@example.com,Aurora Ceramic Mug,White / 350ml,1,18.34,0.0,18.34,paid,US,instagram
#2956,2025-12-20 19:56:12,CUST-00315,felix.fischer280@example.com,Merino Wool Beanie,Forest,1,31.81,0.0,31.81,paid,US,instagram
#3406,2025-12-20 21:43:10,CUST-00685,lena.weber882@example.com,Botanical Print A3,Fern,3,27.24,0.0,81.72,paid,US,pos
#1371,2025-12-20 22:50:07,CUST-01334,liam.schmidt752@example.com,Organic Cotton Tote,Cream,2,15.0,0.0,30.0,paid,FR,online_store
#3454,2025-12-20 23:57:06,CUST-00037,jonas.fischer881@example.com,Walnut Serving Board,Small,3,53.79,0.0,161.37,refunded,DE,pos
#3454,2025-12-20 23:57:06,CUST-00037,jonas.fischer881@example.com,Stoneware Dinner Plate Set,Set of 6,1,93.47,0.0,93.47,refunded,DE,pos
#2765,2025-12-21 06:46:23,CUST-00179,mia.koch935@example.com,Merino Wool Beanie,Black,1,31.81,0.0,31.81,paid,DE,online_store
#2765,2025-12-21 06:46:23,CUST-00179,mia.koch935@example.com,Merino Wool Beanie,Black,1,31.81,0.0,31.81,paid,DE,online_store
#2745,2025-12-21 10:14:25,CUST-00883,mia.klein760@example.com,Merino Wool Beanie,Black,1,32.05,0.0,32.05,paid,AT,pos
#2745,2025-12-21 10:14:25,CUST-00883,mia.klein760@example.com,Stoneware Dinner Plate Set,Set of 4,3,96.27,0.0,288.81,paid,AT,pos
#1295,2025-12-21 11:48:01,CUST-01229,tom.braun140@example.com,Organic Cotton Tote,Navy,2,14.66,0.0,29.32,pending,DE,online_store
#1295,2025-12-21 11:48:01,CUST-01229,tom.braun140@example.com,Soy Wax Candle — Cedar,Set of 3,1,24.71,0.0,24.71,pending,DE,online_store
#4225,2025-12-21 12:00:21,CUST-01232,marie.schwarz191@example.com,Stoneware Dinner Plate Set,Set of 4,1,94.55,0.0,94.55,refunded,US,online_store
#2631,2025-12-21 12:22:19,CUST-00458,emma.mueller475@example.com,Organic Cotton Tote,Cream,1,15.11,0.0,15.11,paid,GB,instagram
#1725,2025-12-21 12:49:09,CUST-00322,emma.fischer221@example.com,Recycled Glass Vase,Amber,1,42.36,9.91,32.45,paid,NL,online_store
#3215,2025-12-21 13:39:10,CUST-00100,noah.braun824@example.com,Linen Throw Blanket,Natural,1,80.55,0.0,80.55,paid,CH,online_store
#4076,2025-12-21 13:39:37,CUST-00799,liam.klein694@example.com,Organic Cotton Tote,Navy,1,14.97,0.0,14.97,paid,DE,instagram
#4076,2025-12-21 13:39:37,CUST-00799,liam.klein694@example.com,Aurora Ceramic Mug,White / 350ml,2,18.35,0.0,36.7,paid,DE,instagram
#2941,2025-12-21 13:53:13,CUST-00241,max.weber227@example.com,Merino Wool Beanie,Oat,1,31.19,0.0,31.19,paid,AT,online_store
#2941,2025-12-21 13:53:13,CUST-00241,max.weber227@example.com,Linen Throw Blanket,Charcoal,1,80.12,0.0,80.12,paid,AT,online_store
#2030,2025-12-21 15:37:07,CUST-00014,laura.richter656@example.com,Merino Wool Beanie,Forest,1,31.1,0.0,31.1,paid,GB,online_store
#3291,2025-12-21 15:42:02,CUST-00025,ben.becker977@example.com,Recycled Glass Vase,Smoke,1,41.27,0.0,41.27,paid,FR,online_store
#3291,2025-12-21 15:42:02,CUST-00025,ben.becker977@example.com,Recycled Glass Vase,Smoke,1,41.27,0.0,41.27,paid,FR,online_store
#3045,2025-12-21 16:49:20,CUST-00722,paul.hoffmann130@example.com,Organic Cotton Tote,Cream,1,15.41,0.0,15.41,paid,DE,online_store
#2347,2025-12-21 19:09:45,CUST-00849,felix.schmidt397@example.com,Aurora Ceramic Mug,White / 350ml,1,18.26,0.0,18.26,paid,US,draft_order
#1406,2025-12-21 19:12:30,CUST-01347,luis.hoffmann343@example.com,Recycled Glass Vase,Smoke,1,42.91,0.0,,paid,DE,online_store
#3086,2025-12-21 19:25:01,CUST-01042,liam.hartmann573@example.com,Recycled Glass Vase,Amber,1,42.54,0.0,42.54,paid,DE,online_store
#3086,2025-12-21 19:25:01,CUST-01042,liam.hartmann573@example.com,Merino Wool Beanie,Forest,1,31.57,0.0,31.57,paid,DE,online_store
#4328,2025-12-21 20:09:10,CUST-00757,emma.hartmann266@example.com,Brass Pour-Over Stand,Standard,1,67.12,0.0,67.12,paid,AT,pos
#3591,2025-12-21 20:21:38,CUST-00214,felix.wolf180@example.com,Soy Wax Candle — Cedar,Set of 3,1,24.15,0.0,24.15,paid,DE,online_store
#3313,2025-12-21 21:47:25,CUST-00793,sofia.neumann303@example.com,Aurora Ceramic Mug,Black / 350ml,1,17.59,0.0,17.59,paid,DE,online_store
#3855,2025-12-21 22:13:14,CUST-01595,max.becker881@example.com,Linen Throw Blanket,Natural,1,79.22,0.0,79.22,paid,AT,online_store
#3855,2025-12-21 22:13:14,CUST-01595,max.becker881@example.com,Stoneware Dinner Plate Set,Set of 4,3,98.56,0.0,295.68,paid,AT,online_store
#3855,2025-12-21 22:13:14,CUST-01595,max.becker881@example.com,Soy Wax Candle — Cedar,Set of 3,2,24.04,0.0,48.08,paid,AT,online_store
#3908,2025-12-22 08:35:00,CUST-01381,max.klein896@example.com,Soy Wax Candle — Cedar,Single,1,24.34,0.0,24.34,paid,GB,online_store
#1529,2025-12-22 10:36:36,CUST-00553,luis.braun238@example.com,Merino Wool Beanie,Black,1,32.5,0.0,32.5,paid,FR,online_store
#1297,2025-12-22 11:40:48,CUST-01037,mia.koch94@example.com,Recycled Glass Vase,Amber,1,43.07,0.0,43.07,paid,GB,online_store
#3418,2025-12-22 12:23:55,CUST-00811,julia.koch686@example.com,Soy Wax Candle — Cedar,Single,1,24.25,3.95,20.3,paid,NL,online_store
#3893,2025-12-22 13:07:54,CUST-01113,lena.hoffmann317@example.com,Linen Throw Blanket,Rust,2,77.25,20.9,133.6,paid,GB,online_store
#1089,2025-12-22 14:41:12,CUST-01165,jonas.klein2@example.com,Merino Wool Beanie,Forest,1,32.55,0.0,32.55,paid,DE,online_store
#1590,2025-12-22 15:20:43,CUST-00220,luis.weber689@example.com,Soy Wax Candle — Cedar,Set of 3,3,24.63,15.0,58.89,paid,FR,draft_order
#2721,2025-12-22 15:23:07,CUST-01480,paul.richter265@example.com,Organic Cotton Tote,Navy,1,15.16,0.0,15.16,paid,FR,instagram
#2770,2025-12-22 16:23:17,CUST-00849,felix.schmidt397@example.com,Soy Wax Candle — Cedar,Set of 3,1,23.92,0.0,23.92,refunded,US,instagram
#2770,2025-12-22 16:23:17,CUST-00849,felix.schmidt397@example.com,Organic Cotton Tote,Cream,1,15.32,0.0,,refunded,US,instagram
#2934,2025-12-22 16:39:35,CUST-01334,liam.schmidt752@example.com,Aurora Ceramic Mug,Black / 350ml,1,17.56,0.0,17.56,paid,FR,online_store
#3900,2025-12-22 16:41:03,CUST-00276,erik.krueger942@example.com,Soy Wax Candle — Cedar,Set of 3,1,24.51,6.0,18.51,paid,US,instagram
#3900,2025-12-22 16:41:03,CUST-00276,erik.krueger942@example.com,Soy Wax Candle — Cedar,Single,1,24.6,4.5,20.1,paid,US,instagram
#3138,2025-12-22 18:22:32,CUST-01127,marie.hartmann888@example.com,Stoneware Dinner Plate Set,Set of 6,1,98.17,0.0,98.17,paid,US,pos
#3354,2025-12-22 19:20:57,CUST-00528,laura.wolf390@example.com,Soy Wax Candle — Cedar,Single,1,23.54,0.0,23.54,paid,NL,pos
#3056,2025-12-22 20:27:51,CUST-01662,anna.becker60@example.com,Aurora Ceramic Mug,Sage / 350ml,2,17.53,0.0,35.06,paid,DE,online_store
#2339,2025-12-22 20:31:17,CUST-00856,anna.krueger159@example.com,Stoneware Dinner Plate Set,Set of 4,3,95.34,66.67,219.35,refunded,DE,online_store
#2298,2025-12-22 21:16:25,CUST-00816,anna.koch285@example.com,Organic Cotton Tote,Navy,1,14.75,0.0,14.75,paid,DE,online_store
#2298,2025-12-22 21:16:25,CUST-00816,anna.koch285@example.com,Stoneware Dinner Plate Set,Set of 4,1,93.63,0.0,93.63,paid,DE,online_store
#1294,2025-12-22 21:35:22,CUST-00125,noah.mueller590@example.com,Organic Cotton Tote,Cream,1,14.69,0.0,14.69,paid,,instagram
#2951,2025-12-22 22:50:50,CUST-00377,felix.hartmann827@example.com,Soy Wax Candle — Cedar,Single,2,24.06,0.0,48.12,paid,GB,online_store
#2951,2025-12-22 22:50:50,CUST-00377,felix.hartmann827@example.com,Brass Pour-Over Stand,Standard,1,69.69,0.0,69.69,paid,GB,online_store
#1071,2025-12-23 07:21:55,CUST-00333,nina.wolf361@example.com,Merino Wool Beanie,Forest,1,32.55,0.0,32.55,paid,US,online_store
#1071,2025-12-23 07:21:55,CUST-00333,nina.wolf361@example.com,Recycled Glass Vase,Amber,2,41.3,0.0,82.6,paid,US,online_store
#1071,2025-12-23 07:21:55,CUST-00333,nina.wolf361@example.com,Recycled Glass Vase,Smoke,1,41.02,0.0,41.02,paid,US,online_store
#2168,2025-12-23 08:13:21,CUST-00358,anna.neumann564@example.com,Aurora Ceramic Mug,Sage / 350ml,1,18.15,0.0,18.15,paid,US,online_store
#2168,2025-12-23 08:13:21,CUST-00358,anna.neumann564@example.com,Merino Wool Beanie,Forest,1,32.02,0.0,32.02,paid,US,online_store
#1345,2025-12-23 09:48:45,CUST-00209,emma.schmidt764@example.com,Botanical Print A3,Olive,2,27.66,0.0,55.32,paid,US,draft_order
#2601,2025-12-23 10:54:36,CUST-00549,julia.hartmann100@example.com,Merino Wool Beanie,Black,1,32.87,0.0,32.87,paid,US,online_store
#1149,2025-12-23 11:02:13,CUST-01221,laura.wagner64@example.com,Linen Throw Blanket,Natural,1,79.85,0.0,79.85,paid,US,online_store
#1149,2025-12-23 11:02:13,CUST-01221,laura.wagner64@example.com,Linen Throw Blanket,Charcoal,1,78.35,0.0,78.35,paid,US,online_store
#4355,2025-12-23 12:10:15,CUST-00776,max.mueller776@example.com,Recycled Glass Vase,Amber,1,41.4,0.0,41.4,paid,NL,online_store
#4355,2025-12-23 12:10:15,CUST-00776,max.mueller776@example.com,Linen Throw Blanket,Charcoal,1,78.33,0.0,78.33,paid,NL,online_store
#2633,2025-12-23 12:29:39,CUST-01518,sofia.braun812@example.com,Stoneware Dinner Plate Set,Set of 4,1,94.49,0.0,94.49,paid,DE,online_store
#2633,2025-12-23 12:29:39,CUST-01518,sofia.braun812@example.com,Aurora Ceramic Mug,Sage / 350ml,1,17.86,0.0,17.86,paid,DE,online_store
#1977,2025-12-23 14:29:32,CUST-01595,max.becker881@example.com,Soy Wax Candle — Cedar,Set of 3,1,23.93,0.0,23.93,paid,AT,online_store
#4513,2025-12-23 15:16:49,CUST-00189,laura.schwarz812@example.com,Brass Pour-Over Stand,Standard,1,69.95,0.0,69.95,paid,NL,online_store
#3238,2025-12-23 16:48:43,CUST-00014,laura.richter656@example.com,Organic Cotton Tote,Navy,1,15.17,0.0,15.17,paid,GB,online_store
#1160,2025-12-23 17:28:51,CUST-00226,lena.schwarz687@example.com,Merino Wool Beanie,Black,1,31.71,0.0,31.71,paid,AT,online_store
#1160,2025-12-23 17:28:51,CUST-00226,lena.schwarz687@example.com,Aurora Ceramic Mug,Sage / 350ml,1,17.47,0.0,17.47,paid,AT,online_store
#3696,2025-12-23 18:24:52,CUST-01162,felix.braun325@example.com,Walnut Serving Board,Small,2,54.83,0.0,109.66,pending,DE,online_store
#1288,2025-12-23 18:27:57,CUST-00414,clara.klein693@example.com,Merino Wool Beanie,Oat,1,31.92,0.0,31.92,paid,US,draft_order
#1288,2025-12-23 18:27:57,CUST-00414,clara.klein693@example.com,Recycled Glass Vase,Amber,1,40.84,0.0,40.84,paid,US,draft_order
#2616,2025-12-23 19:21:15,CUST-00246,anna.schwarz544@example.com,Organic Cotton Tote,Cream,1,15.42,0.0,15.42,PAID,DE,draft_order
#2889,2025-12-23 19:36:55,CUST-00941,max.richter407@example.com,Soy Wax Candle — Cedar,Single,1,24.29,0.0,24.29,paid,FR,instagram
#2889,2025-12-23 19:36:55,CUST-00941,max.richter407@example.com,Recycled Glass Vase,Amber,1,43.18,0.0,43.18,paid,FR,instagram
#4067,2025-12-23 20:36:07,CUST-00374,emma.fischer657@example.com,Stoneware Dinner Plate Set,Set of 6,1,98.47,0.0,98.47,paid,FR,pos
#3329,2025-12-23 21:52:15,CUST-00084,erik.braun806@example.com,Aurora Ceramic Mug,White / 350ml,1,17.74,0.0,17.74,paid,DE,online_store
#2786,2025-12-24 08:12:23,CUST-00860,julia.becker550@example.com,Organic Cotton Tote,Cream,1,14.96,0.0,14.96,paid,US,online_store
#2786,2025-12-24 08:12:23,CUST-00860,julia.becker550@example.com,Botanical Print A3,Olive,1,28.81,0.0,28.81,paid,US,online_store
#2453,2025-12-24 09:00:19,CUST-00472,jonas.klein148@example.com,Recycled Glass Vase,Smoke,2,43.01,0.0,86.02,paid,NL,online_store
#3224,2025-12-24 09:10:51,CUST-00662,mia.richter77@example.com,Linen Throw Blanket,Rust,1,77.15,0.0,77.15,paid,DE,online_store
#2609,2025-12-24 12:04:47,CUST-01209,jonas.becker394@example.com,Walnut Serving Board,Large,1,52.67,0.0,52.67,pending,DE,online_store
#1173,2025-12-24 12:15:36,CUST-00761,felix.becker898@example.com,Aurora Ceramic Mug,Black / 350ml,1,18.23,0.0,18.23,paid,US,online_store
#1242,2025-12-24 12:30:33,CUST-01069,julia.wagner310@example.com,Organic Cotton Tote,Navy,1,14.9,0.0,14.9,paid,DE,online_store
#1625,2025-12-24 13:53:59,CUST-01229,tom.braun140@example.com,Soy Wax Candle — Cedar,Set of 3,1,24.45,0.0,24.45,paid,DE,draft_order
#1625,2025-12-24 13:53:59,CUST-01229,tom.braun140@example.com,Botanical Print A3,Eucalyptus,1,27.27,0.0,27.27,paid,DE,draft_order
#1960,2025-12-24 14:50:50,CUST-00557,mia.weber550@example.com,Recycled Glass Vase,Smoke,1,42.53,0.0,42.53,paid,DE,online_store
#3446,2025-12-24 15:32:40,CUST-01588,nina.wolf874@example.com,Organic Cotton Tote,Navy,1,15.3,0.0,15.3,paid,NL,draft_order
#3446,2025-12-24 15:32:40,CUST-01588,nina.wolf874@example.com,Recycled Glass Vase,Amber,1,41.15,0.0,41.15,paid,NL,draft_order
#1899,2025-12-24 16:59:14,CUST-00530,erik.wagner618@example.com,Botanical Print A3,Olive,1,27.39,0.0,27.39,paid,AT,online_store
#4403,2025-12-24 17:16:31,CUST-01452,erik.neumann292@example.com,Organic Cotton Tote,Navy,1,14.99,0.0,14.99,paid,DE,online_store
#2748,2025-12-24 20:33:10,CUST-01582,luis.klein410@example.com,Soy Wax Candle — Cedar,Single,3,23.93,0.0,71.79,paid,US,draft_order
#2219,2025-12-24 20:41:01,CUST-01268,nina.becker713@example.com,Soy Wax Candle — Cedar,Set of 3,1,24.21,0.0,24.21,paid,DE,online_store
#2219,2025-12-24 20:41:01,CUST-01268,nina.becker713@example.com,Soy Wax Candle — Cedar,Set of 3,1,24.21,0.0,24.21,paid,DE,online_store
#3326,2025-12-24 22:18:57,CUST-00173,noah.schwarz845@example.com,Organic Cotton Tote,Cream,1,15.44,0.0,15.44,paid,CH,online_store
#2611,2025-12-25 09:51:30,CUST-01165,jonas.klein2@example.com,Stoneware Dinner Plate Set,Set of 6,1,93.92,0.0,93.92,paid,DE,pos
#4214,2025-12-25 11:54:00,CUST-00953,julia.koch691@example.com,Aurora Ceramic Mug,Sage / 350ml,1,17.58,0.0,17.58,pending,DE,online_store
#2656,2025-12-25 12:39:09,CUST-00955,laura.neumann416@example.com,Organic Cotton Tote,Navy,1,15.25,0.0,15.25,paid,GB,online_store
#1425,2025-12-25 13:52:05,CUST-01339,marie.mueller475@example.com,Linen Throw Blanket,Natural,1,79.27,0.0,79.27,refunded,FR,online_store
#4136,2025-12-25 14:33:17,CUST-00616,max.becker978@example.com,Recycled Glass Vase,Smoke,1,42.65,0.0,42.65,paid,CH,online_store
#4136,2025-12-25 14:33:17,CUST-00616,max.becker978@example.com,Merino Wool Beanie,Black,1,31.25,0.0,31.25,paid,CH,online_store
#1019,2025-12-25 15:12:42,CUST-00759,nina.hoffmann731@example.com,Walnut Serving Board,Large,1,53.35,0.0,53.35,paid,,online_store
#3461,2025-12-25 15:59:40,CUST-00480,noah.hartmann713@example.com,Merino Wool Beanie,Oat,1,32.12,0.0,32.12,paid,GB,instagram
#1426,2025-12-25 16:44:14,CUST-00763,luis.becker922@example.com,Aurora Ceramic Mug,Black / 350ml,1,18.15,0.0,18.15,refunded,DE,online_store
#1426,2025-12-25 16:44:14,CUST-00763,luis.becker922@example.com,Soy Wax Candle — Cedar,Set of 3,1,24.38,0.0,24.38,refunded,DE,online_store
#2065,2025-12-25 16:44:21,CUST-01199,luis.fischer774@example.com,Recycled Glass Vase,Amber,1,41.42,0.0,41.42,paid,FR,online_store
#2065,2025-12-25 16:44:21,CUST-01199,luis.fischer774@example.com,Soy Wax Candle — Cedar,Single,1,23.9,0.0,23.9,paid,FR,online_store
#2811,2025-12-25 18:25:58,CUST-00757,emma.hartmann266@example.com,Organic Cotton Tote,Navy,1,14.59,0.0,14.59,paid,AT,online_store
#1691,2025-12-25 19:03:50,CUST-00772,liam.mueller215@example.com,Linen Throw Blanket,Rust,2,79.42,0.0,158.84,paid,FR,online_store
#1691,2025-12-25 19:03:50,CUST-00772,liam.mueller215@example.com,Soy Wax Candle — Cedar,Single,1,23.33,0.0,23.33,paid,FR,online_store
#2508,2025-12-25 20:59:21,CUST-00430,tom.wagner480@example.com,Aurora Ceramic Mug,White / 350ml,2,18.25,0.0,36.5,paid,DE,online_store
#2508,2025-12-25 20:59:21,CUST-00430,tom.wagner480@example.com,Soy Wax Candle — Cedar,Single,1,24.22,0.0,24.22,paid,DE,online_store
#2138,2025-12-25 22:07:22,CUST-00428,felix.schmidt582@example.com,Soy Wax Candle — Cedar,Single,1,24.67,0.0,24.67,paid,GB,online_store
#2138,2025-12-25 22:07:22,CUST-00428,felix.schmidt582@example.com,Soy Wax Candle — Cedar,Set of 3,1,23.87,0.0,23.87,paid,GB,online_store
#3517,2025-12-26 02:05:53,CUST-01242,paul.schmidt612@example.com,Recycled Glass Vase,Smoke,1,42.69,0.0,42.69,paid,FR,instagram
#3517,2025-12-26 02:05:53,CUST-01242,paul.schmidt612@example.com,Merino Wool Beanie,Black,1,32.23,0.0,32.23,paid,FR,instagram
#3517,2025-12-26 02:05:53,CUST-01242,paul.schmidt612@example.com,Linen Throw Blanket,Charcoal,2,78.13,0.0,156.26,paid,FR,instagram
#1810,2025-12-26 08:11:52,CUST-00999,clara.schwarz456@example.com,Aurora Ceramic Mug,Sage / 350ml,1,17.49,0.0,17.49,paid,FR,online_store
#1810,2025-12-26 08:11:52,CUST-00999,clara.schwarz456@example.com,Stoneware Dinner Plate Set,Set of 4,1,93.68,0.0,93.68,paid,FR,online_store
#3607,2025-12-26 10:55:37,CUST-00798,felix.richter103@example.com,Soy Wax Candle — Cedar,Single,1,23.37,0.0,23.37,paid,NL,instagram
#3607,2025-12-26 10:55:37,CUST-00798,felix.richter103@example.com,Aurora Ceramic Mug,White / 350ml,1,18.08,0.0,18.08,paid,NL,instagram
#1743,2025-12-26 11:08:54,CUST-00244,marie.fischer330@example.com,Aurora Ceramic Mug,Sage / 350ml,1,17.61,0.0,17.61,paid,GB,online_store
#1743,2025-12-26 11:08:54,CUST-00244,marie.fischer330@example.com,Linen Throw Blanket,Rust,1,79.73,0.0,79.73,paid,GB,online_store
#3790,2025-12-26 11:17:14,CUST-00782,sofia.becker941@example.com,Aurora Ceramic Mug,Black / 350ml,2,18.5,0.0,37.0,paid,NL,online_store
#1567,2025-12-26 13:06:42,CUST-00581,nina.richter527@example.com,Botanical Print A3,Fern,1,27.27,0.0,27.27,paid,CH,online_store
#3653,2025-12-26 13:11:39,CUST-00487,laura.koch671@example.com,Linen Throw Blanket,Rust,1,77.64,13.54,64.1,paid,AT,online_store
#3571,2025-12-26 14:38:05,CUST-00075,jonas.becker831@example.com,Soy Wax Candle — Cedar,Single,1,24.5,0.0,24.5,paid,DE,online_store
#3571,2025-12-26 14:38:05,CUST-00075,jonas.becker831@example.com,Organic Cotton Tote,Navy,2,15.13,0.0,30.26,paid,DE,online_store
#2288,2025-12-26 14:42:24,CUST-00832,nina.wagner5@example.com,Organic Cotton Tote,Cream,1,14.65,0.0,14.65,paid,US,online_store
#2692,2025-12-26 14:53:27,CUST-00911,laura.neumann920@example.com,Soy Wax Candle — Cedar,Single,2,24.06,0.0,48.12,paid,NL,online_store
#3237,2025-12-26 14:56:13,CUST-00759,nina.hoffmann731@example.com,Soy Wax Candle — Cedar,Single,1,24.55,0.0,24.55,refunded,DE,draft_order
#2647,2025-12-26 16:25:51,CUST-00969,nina.richter765@example.com,Linen Throw Blanket,Charcoal,1,78.55,0.0,78.55,paid,GB,online_store
#2208,2025-12-26 17:14:21,CUST-01141,max.fischer394@example.com,Linen Throw Blanket,Natural,1,79.58,0.0,79.58,paid,FR,online_store
#3293,2025-12-26 18:26:57,CUST-00394,noah.wagner404@example.com,Botanical Print A3,Eucalyptus,2,28.15,0.0,56.3,paid,US,online_store
#3293,2025-12-26 18:26:57,CUST-00394,noah.wagner404@example.com,Merino Wool Beanie,Oat,3,32.29,0.0,96.87,paid,US,online_store
#3293,2025-12-26 18:26:57,CUST-00394,noah.wagner404@example.com,Linen Throw Blanket,Rust,2,80.55,0.0,161.1,paid,US,online_store
#1578,2025-12-27 10:05:18,CUST-01020,felix.weber633@example.com,Linen Throw Blanket,Charcoal,1,79.39,0.0,79.39,paid,US,online_store
#1578,2025-12-27 10:05:18,CUST-01020,felix.weber633@example.com,Stoneware Dinner Plate Set,Set of 4,1,96.73,0.0,96.73,paid,US,online_store
#4455,2025-12-27 10:12:14,CUST-00082,luis.wolf119@example.com,Merino Wool Beanie,Oat,1,32.09,0.0,32.09,paid,NL,instagram
#4123,2025-12-27 10:35:46,CUST-00053,paul.fischer692@example.com,Organic Cotton Tote,Navy,1,14.85,0.0,14.85,paid,NL,online_store
#2164,2025-12-27 11:29:29,CUST-01532,tom.wagner946@example.com,Recycled Glass Vase,Amber,2,41.86,0.0,83.72,PAID,GB,online_store
#2607,2025-12-27 11:29:37,CUST-01078,noah.koch870@example.com,Stoneware Dinner Plate Set,Set of 4,1,96.29,0.0,96.29,paid,GB,online_store
#2607,2025-12-27 11:29:37,CUST-01078,noah.koch870@example.com,Merino Wool Beanie,Black,1,32.79,0.0,32.79,paid,GB,online_store
#2525,2025-12-27 11:29:49,CUST-00078,laura.schmidt228@example.com,Merino Wool Beanie,Oat,1,32.75,0.0,32.75,paid,DE,online_store
#3718,2025-12-27 11:57:15,CUST-00268,nina.hartmann316@example.com,Organic Cotton Tote,Navy,1,14.77,0.0,14.77,pending,DE,online_store
#1386,2025-12-27 11:58:30,CUST-01565,paul.schwarz427@example.com,Recycled Glass Vase,Smoke,1,42.28,0.0,42.28,paid,NL,online_store
#3427,2025-12-27 12:11:20,CUST-01010,nina.braun655@example.com,Soy Wax Candle — Cedar,Single,1,24.07,0.0,24.07,paid,US,online_store
#3148,2025-12-27 12:12:24,CUST-00199,liam.wolf301@example.com,Soy Wax Candle — Cedar,Single,1,24.53,0.0,24.53,paid,US,pos
#3148,2025-12-27 12:12:24,CUST-00199,liam.wolf301@example.com,Aurora Ceramic Mug,Sage / 350ml,2,18.37,0.0,36.74,paid,US,pos
#1479,2025-12-27 14:01:57,CUST-00334,paul.krueger491@example.com,Merino Wool Beanie,Oat,1,31.84,0.0,31.84,paid,GB,online_store
#2891,2025-12-27 14:20:26,CUST-00870,sofia.braun211@example.com,Merino Wool Beanie,Forest,1,31.89,0.0,31.89,paid,US,instagram
#3987,2025-12-27 14:27:33,CUST-01491,ben.hartmann987@example.com,Merino Wool Beanie,Black,1,32.69,0.0,32.69,paid,DE,online_store
#3987,2025-12-27 14:27:33,CUST-01491,ben.hartmann987@example.com,Aurora Ceramic Mug,Black / 350ml,1,18.49,0.0,18.49,paid,DE,online_store
#4396,2025-12-27 14:53:43,CUST-00606,sofia.wagner631@example.com,Aurora Ceramic Mug,White / 350ml,1,18.41,0.0,,paid,GB,online_store
#1140,2025-12-27 15:08:07,CUST-01616,emma.richter626@example.com,Walnut Serving Board,Large,1,53.81,0.0,53.81,paid,AT,online_store
#4251,2025-12-27 15:08:10,CUST-00146,nina.klein853@example.com,Aurora Ceramic Mug,Sage / 350ml,1,18.4,2.07,16.33,paid,DE,instagram
#3671,2025-12-27 15:09:56,CUST-00543,laura.wolf441@example.com,Aurora Ceramic Mug,Sage / 350ml,1,18.19,0.0,18.19,paid,DE,online_store
#3671,2025-12-27 15:09:56,CUST-00543,laura.wolf441@example.com,Linen Throw Blanket,Rust,1,76.89,0.0,76.89,paid,DE,online_store
#3588,2025-12-27 15:54:04,CUST-00840,max.wagner666@example.com,Merino Wool Beanie,Forest,1,32.22,0.0,32.22,paid,CH,online_store
#3035,2025-12-27 16:12:26,CUST-00354,tom.schwarz121@example.com,Brass Pour-Over Stand,Standard,1,65.99,0.0,65.99,paid,DE,online_store
#2872,2025-12-27 16:33:44,CUST-01292,liam.schwarz827@example.com,Walnut Serving Board,Large,1,53.47,0.0,53.47,paid,GB,online_store
#2872,2025-12-27 16:33:44,CUST-01292,liam.schwarz827@example.com,Walnut Serving Board,Small,1,55.32,0.0,55.32,paid,GB,online_store
#2506,2025-12-27 17:34:49,CUST-01253,max.schmidt774@example.com,Aurora Ceramic Mug,Black / 350ml,1,17.97,0.0,17.97,paid,NL,instagram
#2506,2025-12-27 17:34:49,CUST-01253,max.schmidt774@example.com,Merino Wool Beanie,Black,1,32.22,0.0,32.22,paid,NL,instagram
#2506,2025-12-27 17:34:49,CUST-01253,max.schmidt774@example.com,Walnut Serving Board,Large,2,55.43,0.0,110.86,paid,NL,instagram
#1333,2025-12-27 18:01:17,CUST-01197,laura.becker913@example.com,Aurora Ceramic Mug,Black / 350ml,1,17.61,0.0,17.61,paid,GB,pos
#3185,2025-12-27 18:42:41,CUST-00553,luis.braun238@example.com,Aurora Ceramic Mug,Black / 350ml,1,17.6,0.0,17.6,paid,FR,online_store
#3185,2025-12-27 18:42:41,CUST-00553,luis.braun238@example.com,Stoneware Dinner Plate Set,Set of 4,1,98.16,0.0,98.16,paid,FR,online_store
#3682,2025-12-27 19:41:49,CUST-00402,emma.hartmann672@example.com,Merino Wool Beanie,Oat,1,31.56,0.0,31.56,paid,FR,online_store
#3682,2025-12-27 19:41:49,CUST-00402,emma.hartmann672@example.com,Linen Throw Blanket,Rust,2,76.92,0.0,153.84,paid,FR,online_store
#3456,2025-12-27 19:56:19,CUST-00362,nina.neumann565@example.com,Organic Cotton Tote,Cream,2,15.01,0.0,30.02,paid,DE,draft_order
#3456,2025-12-27 19:56:19,CUST-00362,nina.neumann565@example.com,Aurora Ceramic Mug,Sage / 350ml,1,18.02,0.0,18.02,paid,DE,draft_order
#3456,2025-12-27 19:56:19,CUST-00362,nina.neumann565@example.com,Walnut Serving Board,Large,1,55.08,0.0,55.08,paid,DE,draft_order
#3013,2025-12-27 20:20:37,CUST-00831,nina.weber462@example.com,Aurora Ceramic Mug,Black / 350ml,1,18.18,0.0,18.18,pending,US,online_store
#1327,2025-12-27 20:21:29,CUST-00845,paul.klein150@example.com,Walnut Serving Board,Large,2,52.44,14.03,90.85,PAID,NL,online_store
#1327,2025-12-27 20:21:29,CUST-00845,paul.klein150@example.com,Aurora Ceramic Mug,Black / 350ml,1,18.38,3.45,14.93,paid,NL,online_store
#2010,2025-12-27 20:54:23,CUST-00640,sofia.klein312@example.com,Stoneware Dinner Plate Set,Set of 6,1,96.67,0.0,96.67,paid,FR,online_store
#2143,2025-12-27 22:16:02,CUST-01301,lena.wolf813@example.com,Botanical Print A3,Fern,1,28.07,3.06,25.01,paid,DE,online_store
#2143,2025-12-27 22:16:02,CUST-01301,lena.wolf813@example.com,Botanical Print A3,Eucalyptus,3,28.51,9.84,75.69,paid,DE,online_store
#3629,2025-12-27 23:47:23,CUST-00357,paul.krueger830@example.com,Soy Wax Candle — Cedar,Set of 3,1,24.39,0.0,24.39,pending,GB,draft_order
#2846,2025-12-28 09:15:47,CUST-01233,emma.hartmann243@example.com,Organic Cotton Tote,Navy,1,14.92,0.0,14.92,paid,FR,instagram
#4505,2025-12-28 10:06:09,CUST-01213,luis.weber181@example.com,Merino Wool Beanie,Oat,1,31.24,0.0,31.24,paid,DE,pos
#4505,2025-12-28 10:06:09,CUST-01213,luis.weber181@example.com,Merino Wool Beanie,Oat,1,31.24,0.0,31.24,paid,DE,pos
#3681,2025-12-28 10:38:10,CUST-01382,sofia.krueger426@example.com,Recycled Glass Vase,Smoke,1,40.9,0.0,40.9,paid,NL,online_store
#3681,2025-12-28 10:38:10,CUST-01382,sofia.krueger426@example.com,Merino Wool Beanie,Forest,1,32.03,0.0,32.03,paid,NL,online_store
#1769,2025-12-28 12:17:50,CUST-00760,luis.hartmann688@example.com,Walnut Serving Board,Large,1,52.66,0.0,52.66,paid,US,online_store
#1497,2025-12-28 12:22:04,CUST-00074,max.braun768@example.com,Organic Cotton Tote,Navy,1,15.33,0.0,15.33,paid,DE,pos
#1497,2025-12-28 12:22:04,CUST-00074,max.braun768@example.com,Botanical Print A3,Olive,1,27.71,0.0,27.71,paid,DE,pos
#3753,2025-12-28 12:35:43,CUST-00972,erik.neumann110@example.com,Botanical Print A3,Fern,1,27.34,5.7,21.64,paid,DE,online_store
#2242,2025-12-28 13:10:42,CUST-01635,ben.krueger971@example.com,Soy Wax Candle — Cedar,Set of 3,1,23.45,0.0,23.45,paid,US,online_store
#4477,2025-12-28 13:55:58,CUST-01048,erik.koch65@example.com,Aurora Ceramic Mug,Sage / 350ml,1,18.41,0.0,18.41,paid,GB,pos
#4477,2025-12-28 13:55:58,CUST-01048,erik.koch65@example.com,Recycled Glass Vase,Amber,1,41.77,0.0,41.77,paid,GB,pos
#2373,2025-12-28 14:26:11,CUST-01599,julia.weber949@example.com,Soy Wax Candle — Cedar,Set of 3,1,23.71,0.0,23.71,paid,AT,online_store
#2122,2025-12-28 14:44:29,CUST-00134,clara.wolf851@example.com,Aurora Ceramic Mug,White / 350ml,1,18.3,0.0,18.3,paid,,online_store
#1836,2025-12-28 16:33:30,CUST-00228,ben.weber631@example.com,Linen Throw Blanket,Charcoal,1,76.86,0.0,76.86,paid,US,pos
#1836,2025-12-28 16:33:30,CUST-00228,ben.weber631@example.com,Soy Wax Candle — Cedar,Set of 3,2,23.72,0.0,47.44,paid,US,pos
#3070,2025-12-28 16:53:08,CUST-00947,mia.wagner615@example.com,Recycled Glass Vase,Smoke,1,42.43,0.0,42.43,paid,US,online_store
#2650,2025-12-28 16:56:05,CUST-00671,luis.mueller801@example.com,Linen Throw Blanket,Rust,1,79.86,0.0,79.86,paid,FR,online_store
#1023,2025-12-28 17:13:19,CUST-00729,felix.neumann271@example.com,Merino Wool Beanie,Black,1,31.87,0.0,31.87,paid,US,online_store
#1085,2025-12-28 17:48:02,CUST-00126,laura.schwarz204@example.com,Botanical Print A3,Eucalyptus,1,27.58,0.0,27.58,refunded,DE,online_store
#2225,2025-12-28 20:54:26,CUST-01381,max.klein896@example.com,Linen Throw Blanket,Charcoal,1,78.36,0.0,78.36,paid,GB,online_store
#2225,2025-12-28 20:54:26,CUST-01381,max.klein896@example.com,Aurora Ceramic Mug,Sage / 350ml,1,18.01,0.0,18.01,paid,GB,online_store
#2225,2025-12-28 20:54:26,CUST-01381,max.klein896@example.com,Stoneware Dinner Plate Set,Set of 6,1,94.04,0.0,94.04,paid,GB,online_store
#2225,2025-12-28 20:54:26,CUST-01381,max.klein896@example.com,Stoneware Dinner Plate Set,Set of 6,1,94.04,0.0,94.04,paid,GB,online_store
#2964,2025-12-29 11:18:11,CUST-00941,max.richter407@example.com,Linen Throw Blanket,Charcoal,1,80.81,0.0,80.81,paid,FR,pos
#2964,2025-12-29 11:18:11,CUST-00941,max.richter407@example.com,Linen Throw Blanket,Natural,1,79.33,0.0,79.33,paid,FR,pos
#2964,2025-12-29 11:18:11,CUST-00941,max.richter407@example.com,Merino Wool Beanie,Oat,1,32.68,0.0,32.68,paid,FR,pos
#3762,2025-12-29 14:01:17,CUST-00757,emma.hartmann266@example.com,Organic Cotton Tote,Cream,1,14.68,0.0,14.68,paid,AT,online_store
#2723,2025-12-29 14:18:56,CUST-00394,noah.wagner404@example.com,Aurora Ceramic Mug,Sage / 350ml,1,18.4,3.24,15.16,paid,US,online_store
#3071,2025-12-29 14:20:07,CUST-00886,sofia.weber819@example.com,Aurora Ceramic Mug,White / 350ml,1,17.74,3.3,14.44,paid,GB,pos
#1688,2025-12-29 14:31:01,CUST-00618,liam.schmidt408@example.com,Organic Cotton Tote,Cream,1,15.38,0.0,15.38,paid,US,instagram
#1688,2025-12-29 14:31:01,CUST-00618,liam.schmidt408@example.com,Organic Cotton Tote,Cream,1,14.59,0.0,14.59,paid,US,instagram
#1688,2025-12-29 14:31:01,CUST-00618,liam.schmidt408@example.com,Aurora Ceramic Mug,White / 350ml,1,17.71,0.0,17.71,paid,US,instagram
#3840,2025-12-29 14:45:15,CUST-01431,mia.hartmann377@example.com,Aurora Ceramic Mug,Black / 350ml,2,18.09,0.0,36.18,paid,DE,online_store
#1401,2025-12-29 14:55:59,CUST-01004,mia.weber160@example.com,Soy Wax Candle — Cedar,Set of 3,1,24.25,0.0,24.25,paid,DE,instagram
#3633,2025-12-29 15:10:44,CUST-00280,julia.hoffmann358@example.com,Botanical Print A3,Fern,1,27.19,0.0,27.19,paid,US,online_store
#3633,2025-12-29 15:10:44,CUST-00280,julia.hoffmann358@example.com,Soy Wax Candle — Cedar,Single,1,24.56,0.0,24.56,PAID,US,online_store
#1278,2025-12-29 15:12:56,CUST-00246,anna.schwarz544@example.com,Recycled Glass Vase,Smoke,1,42.14,0.0,42.14,paid,DE,online_store
#1329,2025-12-29 15:17:14,CUST-01562,liam.weber423@example.com,Organic Cotton Tote,Navy,2,14.89,0.0,29.78,paid,DE,online_store
#1758,2025-12-29 17:02:02,CUST-00034,max.krueger463@example.com,Soy Wax Candle — Cedar,Single,1,24.64,0.0,24.64,paid,DE,online_store
#1758,2025-12-29 17:02:02,CUST-00034,max.krueger463@example.com,Soy Wax Candle — Cedar,Single,1,24.15,0.0,24.15,paid,DE,online_store
#3145,2025-12-29 17:41:38,CUST-00454,ben.neumann392@example.com,Brass Pour-Over Stand,Standard,2,66.71,0.0,133.42,refunded,US,online_store
#2926,2025-12-29 19:42:18,CUST-01229,tom.braun140@example.com,Organic Cotton Tote,Navy,1,14.94,0.0,14.94,paid,DE,online_store
#2926,2025-12-29 19:42:18,CUST-01229,tom.braun140@example.com,Aurora Ceramic Mug,Sage / 350ml,1,17.79,0.0,17.79,paid,DE,online_store
#1650,2025-12-29 20:42:01,CUST-01023,lena.krueger239@example.com,Organic Cotton Tote,Navy,3,14.63,0.0,43.89,paid,DE,online_store
#2603,2025-12-29 21:20:53,CUST-01102,laura.koch521@example.com,Recycled Glass Vase,Amber,1,43.03,0.0,43.03,paid,CH,online_store
#2603,2025-12-29 21:20:53,CUST-01102,laura.koch521@example.com,Walnut Serving Board,Large,1,52.61,0.0,52.61,paid,CH,online_store
#2603,2025-12-29 21:20:53,CUST-01102,laura.koch521@example.com,Aurora Ceramic Mug,White / 350ml,2,18.31,0.0,36.62,paid,CH,online_store
#4440,2025-12-30 07:09:51,CUST-01593,noah.braun506@example.com,Walnut Serving Board,Large,1,54.26,12.84,41.42,refunded,DE,instagram
#2737,2025-12-30 08:19:28,CUST-01255,luis.koch723@example.com,Merino Wool Beanie,Oat,1,32.73,0.0,32.73,paid,US,online_store
#3727,2025-12-30 10:57:30,CUST-01609,ben.braun975@example.com,Walnut Serving Board,Large,1,55.41,0.0,55.41,paid,NL,online_store
#3715,2025-12-30 13:46:36,CUST-00861,max.koch680@example.com,Aurora Ceramic Mug,Black / 350ml,1,17.58,0.0,17.58,paid,DE,online_store
#3715,2025-12-30 13:46:36,CUST-00861,max.koch680@example.com,Soy Wax Candle — Cedar,Set of 3,1,23.42,0.0,23.42,paid,DE,online_store
#3436,2025-12-30 14:02:11,CUST-00044,ben.becker256@example.com,Walnut Serving Board,Large,2,54.83,17.35,92.31,paid,,online_store
#3436,2025-12-30 14:02:11,CUST-00044,ben.becker256@example.com,Aurora Ceramic Mug,White / 350ml,1,18.22,4.05,14.17,paid,NL,online_store
#1262,2025-12-30 15:20:19,CUST-00804,clara.schwarz490@example.com,Organic Cotton Tote,Cream,1,15.02,0.0,15.02,paid,FR,online_store
#4206,2025-12-30 17:05:48,CUST-01381,max.klein896@example.com,Organic Cotton Tote,Cream,1,14.81,0.0,14.81,paid,GB,online_store
#3214,2025-12-30 17:11:25,CUST-01322,jonas.braun385@example.com,Organic Cotton Tote,Navy,1,14.84,0.0,14.84,pending,AT,online_store
#4083,2025-12-30 17:26:59,CUST-00219,laura.neumann405@example.com,Soy Wax Candle — Cedar,Set of 3,2,24.05,0.0,48.1,paid,DE,online_store
#4083,2025-12-30 17:26:59,CUST-00219,laura.neumann405@example.com,Soy Wax Candle — Cedar,Set of 3,1,23.9,0.0,23.9,paid,DE,online_store
#4015,2025-12-31 05:52:17,CUST-01077,anna.neumann445@example.com,Brass Pour-Over Stand,Standard,1,68.11,0.0,68.11,paid,US,online_store
#3751,2025-12-31 05:57:32,CUST-01250,liam.wolf991@example.com,Stoneware Dinner Plate Set,Set of 4,1,98.5,0.0,98.5,paid,DE,online_store
#4125,2025-12-31 06:20:06,CUST-00130,anna.mueller843@example.com,Aurora Ceramic Mug,Sage / 350ml,1,18.43,0.0,18.43,paid,US,online_store
#2095,2025-12-31 08:45:37,CUST-00379,ben.hartmann349@example.com,Recycled Glass Vase,Smoke,2,42.91,0.0,85.82,paid,GB,online_store
#2095,2025-12-31 08:45:37,CUST-00379,ben.hartmann349@example.com,Aurora Ceramic Mug,White / 350ml,1,18.15,0.0,18.15,paid,GB,online_store
#2847,2025-12-31 10:19:17,CUST-01203,erik.richter402@example.com,Soy Wax Candle — Cedar,Set of 3,1,24.72,0.0,24.72,paid,DE,online_store
#2847,2025-12-31 10:19:17,CUST-01203,erik.richter402@example.com,Linen Throw Blanket,Rust,1,77.36,0.0,77.36,paid,DE,online_store
#3661,2025-12-31 11:12:56,CUST-00965,jonas.koch423@example.com,Organic Cotton Tote,Navy,1,15.13,0.0,15.13,paid,CH,online_store
#3314,2025-12-31 11:42:26,CUST-01632,ben.fischer436@example.com,Botanical Print A3,Eucalyptus,1,27.4,0.0,27.4,paid,AT,pos
#1553,2025-12-31 11:50:17,CUST-01432,tom.weber536@example.com,Aurora Ceramic Mug,Sage / 350ml,1,18.21,0.0,18.21,paid,GB,online_store
#1553,2025-12-31 11:50:17,CUST-01432,tom.weber536@example.com,Linen Throw Blanket,Charcoal,1,81.29,0.0,81.29,paid,GB,online_store
#1553,2025-12-31 11:50:17,CUST-01432,tom.weber536@example.com,Aurora Ceramic Mug,Sage / 350ml,1,17.6,0.0,17.6,paid,GB,online_store
#2562,2025-12-31 14:14:52,CUST-00329,max.fischer558@example.com,Botanical Print A3,Fern,1,27.97,0.0,27.97,paid,US,online_store
#4019,2025-12-31 14:19:19,CUST-00494,liam.hartmann17@example.com,Aurora Ceramic Mug,White / 350ml,2,17.87,0.0,35.74,refunded,DE,draft_order
#2471,2025-12-31 14:20:27,CUST-00119,ben.richter482@example.com,Linen Throw Blanket,Rust,1,79.59,0.0,79.59,paid,DE,online_store
#1719,2025-12-31 15:25:18,CUST-01598,liam.richter874@example.com,Brass Pour-Over Stand,Standard,1,69.79,16.17,53.62,paid,GB,online_store
#1719,2025-12-31 15:25:18,CUST-01598,liam.richter874@example.com,Walnut Serving Board,Large,1,54.36,13.36,41.0,paid,GB,online_store
#1719,2025-12-31 15:25:18,CUST-01598,liam.richter874@example.com,Aurora Ceramic Mug,White / 350ml,1,18.05,3.5,14.55,paid,GB,online_store
#3051,2025-12-31 15:28:37,CUST-01339,marie.mueller475@example.com,Recycled Glass Vase,Amber,1,41.84,0.0,41.84,paid,FR,online_store
#1487,2025-12-31 17:43:17,CUST-01334,liam.schmidt752@example.com,Soy Wax Candle — Cedar,Set of 3,2,23.71,0.0,47.42,paid,FR,instagram
#3513,2025-12-31 17:53:58,CUST-01166,marie.weber213@example.com,Aurora Ceramic Mug,White / 350ml,1,18.47,4.59,13.88,paid,FR,online_store
#3513,2025-12-31 17:53:58,CUST-01166,marie.weber213@example.com,Soy Wax Candle — Cedar,Single,1,24.2,3.76,20.44,paid,FR,online_store
#2787,2025-12-31 20:19:13,CUST-00855,clara.wagner867@example.com,Linen Throw Blanket,Natural,1,76.8,0.0,76.8,paid,DE,online_store
#2406,2026-01-01 15:01:39,CUST-00186,max.wolf557@example.com,Organic Cotton Tote,Cream,1,14.66,0.0,14.66,paid,US,online_store
#2450,2026-01-01 16:26:00,CUST-00602,ben.wagner235@example.com,Organic Cotton Tote,Cream,2,14.66,3.38,25.94,paid,US,online_store
#2760,2026-01-01 23:42:01,CUST-01334,liam.schmidt752@example.com,Merino Wool Beanie,Black,1,32.08,0.0,32.08,paid,,online_store
#2639,2026-01-02 16:10:22,CUST-01206,max.wagner416@example.com,Linen Throw Blanket,Rust,1,77.98,0.0,77.98,paid,NL,online_store
#1436,2026-01-02 16:55:12,CUST-00351,lena.krueger381@example.com,Merino Wool Beanie,Forest,1,32.87,0.0,32.87,paid,US,online_store
#1580,2026-01-02 18:38:08,CUST-00530,erik.wagner618@example.com,Merino Wool Beanie,Oat,2,32.81,0.0,65.62,paid,,online_store
#4108,2026-01-02 19:30:56,CUST-00104,julia.braun562@example.com,Botanical Print A3,Olive,1,27.66,0.0,27.66,paid,US,pos
#2174,2026-01-03 08:20:59,CUST-01229,tom.braun140@example.com,Soy Wax Candle — Cedar,Set of 3,2,24.11,0.0,48.22,paid,DE,online_store
#2174,2026-01-03 08:20:59,CUST-01229,tom.braun140@example.com,Organic Cotton Tote,Navy,2,14.57,0.0,29.14,paid,DE,online_store
#2174,2026-01-03 08:20:59,CUST-01229,tom.braun140@example.com,Aurora Ceramic Mug,Black / 350ml,1,17.8,0.0,17.8,paid,,online_store
#3920,2026-01-03 11:12:54,CUST-00179,mia.koch935@example.com,Botanical Print A3,Olive,1,28.06,0.0,28.06,paid,DE,online_store
#1155,2026-01-03 23:02:00,CUST-00037,jonas.fischer881@example.com,Soy Wax Candle — Cedar,Set of 3,1,23.9,0.0,23.9,paid,DE,instagram
#1155,2026-01-03 23:02:00,CUST-00037,jonas.fischer881@example.com,Linen Throw Blanket,Natural,1,79.68,0.0,79.68,paid,DE,instagram
#3562,2026-01-04 12:08:29,CUST-00757,emma.hartmann266@example.com,Soy Wax Candle — Cedar,Single,1,24.71,3.19,21.52,paid,AT,online_store
#4181,2026-01-04 12:40:27,CUST-01131,liam.koch406@example.com,Organic Cotton Tote,Navy,1,15.31,0.0,15.31,paid,CH,online_store
#3804,2026-01-04 12:42:51,CUST-01363,felix.schmidt292@example.com,Linen Throw Blanket,Charcoal,1,79.37,0.0,79.37,paid,US,online_store
#3804,2026-01-04 12:42:51,CUST-01363,felix.schmidt292@example.com,Organic Cotton Tote,Cream,2,15.24,0.0,30.48,paid,US,online_store
#3804,2026-01-04 12:42:51,CUST-01363,felix.schmidt292@example.com,Linen Throw Blanket,Charcoal,1,79.81,0.0,79.81,paid,US,online_store
#3140,2026-01-04 12:43:30,CUST-00800,noah.weber912@example.com,Merino Wool Beanie,Oat,1,31.97,0.0,31.97,paid,DE,online_store
#3140,2026-01-04 12:43:30,CUST-00800,noah.weber912@example.com,Recycled Glass Vase,Smoke,1,40.92,0.0,40.92,paid,DE,online_store
#4285,2026-01-04 13:25:44,CUST-00351,lena.krueger381@example.com,Organic Cotton Tote,Cream,1,14.64,0.0,14.64,pending,US,online_store
#2484,2026-01-04 13:25:59,CUST-00728,nina.weber577@example.com,Botanical Print A3,Eucalyptus,1,27.88,0.0,27.88,paid,FR,online_store
#2210,2026-01-04 17:27:33,CUST-00105,paul.hartmann770@example.com,Merino Wool Beanie,Forest,1,32.67,0.0,32.67,paid,DE,pos
#2210,2026-01-04 17:27:33,CUST-00105,paul.hartmann770@example.com,Botanical Print A3,Eucalyptus,2,27.53,0.0,55.06,paid,DE,pos
#1887,2026-01-04 18:03:58,CUST-00014,laura.richter656@example.com,Linen Throw Blanket,Natural,2,79.27,0.0,158.54,paid,GB,online_store
#1409,2026-01-04 18:47:43,CUST-00133,clara.hartmann846@example.com,Brass Pour-Over Stand,Standard,1,69.39,0.0,69.39,paid,FR,online_store
#1409,2026-01-04 18:47:43,CUST-00133,clara.hartmann846@example.com,Aurora Ceramic Mug,Black / 350ml,1,18.34,0.0,18.34,paid,FR,online_store
#3639,2026-01-04 19:14:52,CUST-00351,lena.krueger381@example.com,Stoneware Dinner Plate Set,Set of 4,1,97.63,0.0,97.63,refunded,US,online_store
#2230,2026-01-05 08:44:44,CUST-01036,liam.hartmann159@example.com,Aurora Ceramic Mug,White / 350ml,1,17.71,0.0,17.71,paid,US,online_store
#1983,2026-01-05 15:30:48,CUST-00298,max.klein716@example.com,Brass Pour-Over Stand,Standard,2,68.02,0.0,136.04,paid,GB,online_store
#3489,2026-01-05 16:11:22,CUST-01511,erik.koch998@example.com,Soy Wax Candle — Cedar,Single,1,24.08,0.0,24.08,paid,US,online_store
#3489,2026-01-05 16:11:22,CUST-01511,erik.koch998@example.com,Soy Wax Candle — Cedar,Single,1,24.24,0.0,24.24,paid,US,online_store
#3489,2026-01-05 16:11:22,CUST-01511,erik.koch998@example.com,Soy Wax Candle — Cedar,Set of 3,1,23.85,0.0,23.85,paid,US,online_store
#3676,2026-01-05 18:50:12,CUST-01517,sofia.hoffmann290@example.com,Aurora Ceramic Mug,Black / 350ml,3,17.97,0.0,53.91,paid,,online_store
#3676,2026-01-05 18:50:12,CUST-01517,sofia.hoffmann290@example.com,Organic Cotton Tote,Cream,1,14.78,0.0,14.78,paid,FR,online_store
#3676,2026-01-05 18:50:12,CUST-01517,sofia.hoffmann290@example.com,Walnut Serving Board,Large,1,55.42,0.0,55.42,paid,FR,online_store
#1315,2026-01-06 09:07:48,CUST-01587,sofia.hartmann238@example.com,Aurora Ceramic Mug,Black / 350ml,1,17.93,0.0,17.93,pending,US,online_store
#3306,2026-01-06 11:16:00,CUST-01637,marie.wagner526@example.com,Brass Pour-Over Stand,Standard,1,67.6,0.0,67.6,paid,NL,online_store
#3428,2026-01-06 11:35:56,CUST-00830,anna.weber48@example.com,Aurora Ceramic Mug,White / 350ml,1,18.26,0.0,18.26,paid,AT,instagram
#3428,2026-01-06 11:35:56,CUST-00830,anna.weber48@example.com,Merino Wool Beanie,Forest,1,31.09,0.0,31.09,paid,AT,instagram
#3428,2026-01-06 11:35:56,CUST-00830,anna.weber48@example.com,Organic Cotton Tote,Navy,1,15.01,0.0,15.01,paid,AT,instagram
#2584,2026-01-06 14:19:51,CUST-00561,felix.fischer321@example.com,Walnut Serving Board,Large,1,53.08,0.0,53.08,paid,DE,online_store
#2584,2026-01-06 14:19:51,CUST-00561,felix.fischer321@example.com,Organic Cotton Tote,Cream,1,15.06,0.0,15.06,paid,DE,online_store
#2520,2026-01-06 14:26:02,CUST-00042,noah.schmidt348@example.com,Recycled Glass Vase,Smoke,2,43.13,0.0,86.26,paid,NL,online_store
#2520,2026-01-06 14:26:02,CUST-00042,noah.schmidt348@example.com,Botanical Print A3,Eucalyptus,2,28.11,0.0,56.22,paid,NL,online_store
#2569,2026-01-06 14:53:37,CUST-01102,laura.koch521@example.com,Aurora Ceramic Mug,White / 350ml,1,17.81,0.0,17.81,paid,CH,online_store
#3714,2026-01-06 15:10:20,CUST-00499,clara.schwarz983@example.com,Organic Cotton Tote,Cream,1,14.64,0.0,14.64,paid,US,online_store
#3706,2026-01-06 16:35:34,CUST-01216,sofia.wagner925@example.com,Merino Wool Beanie,Black,1,31.83,0.0,31.83,paid,FR,online_store
#3706,2026-01-06 16:35:34,CUST-01216,sofia.wagner925@example.com,Soy Wax Candle — Cedar,Set of 3,2,23.76,0.0,47.52,paid,FR,online_store
#3706,2026-01-06 16:35:34,CUST-01216,sofia.wagner925@example.com,Walnut Serving Board,Large,3,52.7,0.0,158.1,paid,FR,online_store
#3425,2026-01-06 16:46:27,CUST-00912,julia.richter930@example.com,Aurora Ceramic Mug,White / 350ml,1,18.38,0.0,18.38,paid,DE,instagram
#1583,2026-01-06 17:24:07,CUST-00322,emma.fischer221@example.com,Organic Cotton Tote,Cream,3,14.89,0.0,44.67,pending,NL,online_store
#1583,2026-01-06 17:24:07,CUST-00322,emma.fischer221@example.com,Organic Cotton Tote,Navy,1,14.62,0.0,14.62,pending,NL,online_store
#2223,2026-01-06 17:46:24,CUST-00863,tom.mueller355@example.com,Soy Wax Candle — Cedar,Set of 3,1,24.32,0.0,24.32,paid,US,online_store
#1044,2026-01-06 23:09:28,CUST-00554,paul.becker443@example.com,Brass Pour-Over Stand,Standard,2,69.27,0.0,138.54,paid,US,online_store
#1834,2026-01-07 04:46:24,CUST-01244,nina.schmidt299@example.com,Stoneware Dinner Plate Set,Set of 6,1,98.7,0.0,98.7,paid,NL,online_store
#3548,2026-01-07 04:50:41,CUST-01337,emma.braun136@example.com,Soy Wax Candle — Cedar,Set of 3,1,23.36,0.0,23.36,paid,US,online_store
#3548,2026-01-07 04:50:41,CUST-01337,emma.braun136@example.com,Stoneware Dinner Plate Set,Set of 6,1,95.95,0.0,95.95,paid,US,online_store
#3548,2026-01-07 04:50:41,CUST-01337,emma.braun136@example.com,Recycled Glass Vase,Amber,1,41.79,0.0,41.79,paid,US,online_store
#3548,2026-01-07 04:50:41,CUST-01337,emma.braun136@example.com,Recycled Glass Vase,Amber,1,41.79,0.0,41.79,paid,US,online_store
#4041,2026-01-07 10:06:13,CUST-00254,ben.schmidt615@example.com,Soy Wax Candle — Cedar,Set of 3,1,24.42,0.0,24.42,paid,DE,online_store
#4041,2026-01-07 10:06:13,CUST-00254,ben.schmidt615@example.com,Soy Wax Candle — Cedar,Set of 3,1,24.42,0.0,24.42,paid,DE,online_store
#4501,2026-01-07 11:01:46,CUST-01339,marie.mueller475@example.com,Organic Cotton Tote,Navy,2,14.9,0.0,29.8,paid,FR,online_store
#3811,2026-01-07 13:54:19,CUST-00787,emma.schmidt427@example.com,Recycled Glass Vase,Amber,1,42.9,7.29,35.61,paid,US,online_store
#1124,2026-01-07 14:09:57,CUST-01087,jonas.fischer441@example.com,Botanical Print A3,Eucalyptus,2,28.52,11.79,45.25,paid,DE,online_store
#1124,2026-01-07 14:09:57,CUST-01087,jonas.fischer441@example.com,Stoneware Dinner Plate Set,Set of 4,1,98.08,24.2,73.88,paid,DE,online_store
#2415,2026-01-07 16:45:07,CUST-01230,ben.krueger713@example.com,Organic Cotton Tote,Cream,2,14.93,7.33,22.53,paid,GB,online_store
#3812,2026-01-07 18:10:06,CUST-01177,max.fischer288@example.com,Recycled Glass Vase,Amber,1,42.32,0.0,42.32,paid,NL,online_store
#3953,2026-01-07 18:30:03,CUST-00455,laura.schwarz988@example.com,Aurora Ceramic Mug,Black / 350ml,1,18.07,0.0,18.07,paid,GB,online_store
#2677,2026-01-08 09:30:37,CUST-01250,liam.wolf991@example.com,Botanical Print A3,Eucalyptus,1,27.54,0.0,27.54,paid,DE,online_store
#2677,2026-01-08 09:30:37,CUST-01250,liam.wolf991@example.com,Organic Cotton Tote,Cream,1,15.4,0.0,15.4,paid,DE,online_store
#2677,2026-01-08 09:30:37,CUST-01250,liam.wolf991@example.com,Organic Cotton Tote,Cream,1,15.4,0.0,15.4,paid,DE,online_store
#2361,2026-01-08 10:07:47,CUST-01324,lena.hoffmann466@example.com,Botanical Print A3,Eucalyptus,1,27.58,0.0,27.58,paid,DE,online_store
#2361,2026-01-08 10:07:47,CUST-01324,lena.hoffmann466@example.com,Organic Cotton Tote,Cream,1,14.99,0.0,14.99,paid,DE,online_store
#2080,2026-01-08 12:11:07,CUST-01560,felix.wagner701@example.com,Aurora Ceramic Mug,White / 350ml,2,18.05,0.0,36.1,paid,AT,instagram
#2930,2026-01-08 12:16:40,CUST-00371,clara.wagner630@example.com,Aurora Ceramic Mug,White / 350ml,3,18.11,11.49,42.84,paid,US,pos
#2501,2026-01-08 17:51:35,CUST-00332,mia.neumann673@example.com,Organic Cotton Tote,Cream,1,15.16,0.0,15.16,paid,GB,online_store
#2501,2026-01-08 17:51:35,CUST-00332,mia.neumann673@example.com,Linen Throw Blanket,Rust,3,76.63,0.0,229.89,paid,GB,online_store
#3700,2026-01-09 10:44:17,CUST-01445,luis.mueller33@example.com,Merino Wool Beanie,Oat,2,31.45,0.0,62.9,paid,CH,online_store
#2488,2026-01-09 14:10:31,CUST-00982,erik.wolf511@example.com,Aurora Ceramic Mug,Sage / 350ml,1,17.82,0.0,17.82,paid,US,online_store
#2488,2026-01-09 14:10:31,CUST-00982,erik.wolf511@example.com,Recycled Glass Vase,Smoke,1,40.79,0.0,40.79,paid,US,online_store
#2085,2026-01-09 15:57:02,CUST-00553,luis.braun238@example.com,Recycled Glass Vase,Smoke,1,42.53,0.0,42.53,paid,,online_store
#3095,2026-01-09 17:09:30,CUST-01275,luis.braun659@example.com,Botanical Print A3,Fern,1,27.95,0.0,27.95,paid,DE,online_store
#1715,2026-01-09 20:10:40,CUST-00033,sofia.hoffmann409@example.com,Botanical Print A3,Eucalyptus,1,27.3,0.0,27.3,paid,CH,online_store
#1300,2026-01-10 10:23:01,CUST-01217,emma.wagner464@example.com,Merino Wool Beanie,Oat,1,31.75,0.0,31.75,paid,US,pos
#3802,2026-01-10 11:47:56,CUST-01007,max.wolf479@example.com,Recycled Glass Vase,Smoke,1,43.15,0.0,43.15,paid,CH,online_store
#2487,2026-01-10 12:10:40,CUST-00702,felix.mueller975@example.com,Soy Wax Candle — Cedar,Single,1,24.17,0.0,24.17,paid,DE,online_store
#2487,2026-01-10 12:10:40,CUST-00702,felix.mueller975@example.com,Linen Throw Blanket,Charcoal,1,77.28,0.0,77.28,paid,DE,online_store
#2487,2026-01-10 12:10:40,CUST-00702,felix.mueller975@example.com,Organic Cotton Tote,Navy,1,15.16,0.0,15.16,paid,DE,online_store
#1651,2026-01-10 15:38:32,CUST-01476,sofia.braun294@example.com,Botanical Print A3,Olive,3,28.39,15.38,69.79,paid,GB,instagram
#3180,2026-01-10 16:32:13,CUST-01627,anna.koch596@example.com,Organic Cotton Tote,Navy,1,14.92,0.0,14.92,paid,GB,online_store
#3180,2026-01-10 16:32:13,CUST-01627,anna.koch596@example.com,Linen Throw Blanket,Charcoal,1,78.39,0.0,78.39,paid,GB,online_store
#3180,2026-01-10 16:32:13,CUST-01627,anna.koch596@example.com,Soy Wax Candle — Cedar,Single,1,23.93,0.0,23.93,paid,GB,online_store
#2257,2026-01-10 17:23:11,CUST-00454,ben.neumann392@example.com,Linen Throw Blanket,Natural,2,77.87,0.0,155.74,pending,US,online_store
#1949,2026-01-10 22:37:32,CUST-01339,marie.mueller475@example.com,Recycled Glass Vase,Smoke,1,42.95,0.0,42.95,paid,FR,instagram
#3276,2026-01-10 23:17:49,CUST-00792,sofia.hoffmann852@example.com,Recycled Glass Vase,Smoke,1,42.55,0.0,42.55,paid,US,online_store
#3276,2026-01-10 23:17:49,CUST-00792,sofia.hoffmann852@example.com,Soy Wax Candle — Cedar,Set of 3,2,23.71,0.0,47.42,paid,US,online_store
#4302,2026-01-11 14:12:08,CUST-00249,anna.krueger748@example.com,Aurora Ceramic Mug,White / 350ml,1,17.94,0.0,17.94,paid,DE,draft_order
#4188,2026-01-11 14:41:05,CUST-00534,laura.neumann578@example.com,Merino Wool Beanie,Forest,2,31.05,11.3,50.8,paid,DE,online_store
#4188,2026-01-11 14:41:05,CUST-00534,laura.neumann578@example.com,Soy Wax Candle — Cedar,Set of 3,1,23.85,2.83,21.02,paid,DE,online_store
#3438,2026-01-11 15:56:22,CUST-00338,clara.schmidt196@example.com,Linen Throw Blanket,Natural,1,81.25,0.0,81.25,paid,DE,draft_order
#2718,2026-01-11 18:26:02,CUST-00265,erik.schmidt279@example.com,Organic Cotton Tote,Cream,1,15.12,0.0,15.12,paid,US,online_store
#2718,2026-01-11 18:26:02,CUST-00265,erik.schmidt279@example.com,Organic Cotton Tote,Cream,2,15.09,0.0,30.18,paid,US,online_store
#4075,2026-01-12 13:02:29,CUST-00209,emma.schmidt764@example.com,Aurora Ceramic Mug,White / 350ml,1,18.19,0.0,18.19,paid,US,online_store
#4075,2026-01-12 13:02:29,CUST-00209,emma.schmidt764@example.com,Linen Throw Blanket,Natural,1,77.2,0.0,77.2,paid,US,online_store
#1093,2026-01-12 13:09:24,CUST-00905,paul.wagner496@example.com,Recycled Glass Vase,Smoke,1,41.89,0.0,41.89,paid,AT,online_store
#1093,2026-01-12 13:09:24,CUST-00905,paul.wagner496@example.com,Brass Pour-Over Stand,Standard,3,69.22,0.0,207.66,paid,AT,online_store
#4419,2026-01-12 14:46:36,CUST-00883,mia.klein760@example.com,Aurora Ceramic Mug,Sage / 350ml,1,18.09,0.0,18.09,paid,AT,online_store
#4419,2026-01-12 14:46:36,CUST-00883,mia.klein760@example.com,Aurora Ceramic Mug,Sage / 350ml,2,18.11,0.0,36.22,paid,AT,online_store
#4419,2026-01-12 14:46:36,CUST-00883,mia.klein760@example.com,Merino Wool Beanie,Oat,1,32.55,0.0,32.55,paid,AT,online_store
#1628,2026-01-12 15:31:05,CUST-00970,sofia.hartmann241@example.com,Aurora Ceramic Mug,Sage / 350ml,1,18.4,0.0,18.4,paid,FR,online_store
#1935,2026-01-12 20:09:30,CUST-00291,noah.wolf87@example.com,Organic Cotton Tote,Navy,3,15.25,0.0,45.75,paid,US,online_store
#1533,2026-01-13 09:44:46,CUST-00010,jonas.klein876@example.com,Soy Wax Candle — Cedar,Set of 3,1,24.61,0.0,24.61,paid,DE,pos
#1533,2026-01-13 09:44:46,CUST-00010,jonas.klein876@example.com,Aurora Ceramic Mug,Black / 350ml,1,18.21,0.0,18.21,paid,DE,pos
#2574,2026-01-13 10:24:08,CUST-00894,max.wagner340@example.com,Merino Wool Beanie,Black,2,32.76,0.0,65.52,paid,NL,online_store
#1494,2026-01-13 11:02:25,CUST-01409,lena.krueger612@example.com,Organic Cotton Tote,Cream,1,14.91,0.0,,paid,US,online_store
#1494,2026-01-13 11:02:25,CUST-01409,lena.krueger612@example.com,Soy Wax Candle — Cedar,Set of 3,1,24.5,0.0,24.5,paid,US,online_store
#1416,2026-01-13 12:58:55,CUST-01511,erik.koch998@example.com,Soy Wax Candle — Cedar,Set of 3,1,24.58,0.0,24.58,paid,US,online_store
#1416,2026-01-13 12:58:55,CUST-01511,erik.koch998@example.com,Recycled Glass Vase,Amber,1,42.18,0.0,42.18,paid,US,online_store
#1087,2026-01-13 14:02:12,CUST-00194,erik.schwarz873@example.com,Walnut Serving Board,Large,1,54.74,0.0,54.74,paid,DE,pos
#2116,2026-01-13 21:24:25,CUST-00581,nina.richter527@example.com,Soy Wax Candle — Cedar,Single,1,24.54,0.0,24.54,paid,CH,online_store
#2116,2026-01-13 21:24:25,CUST-00581,nina.richter527@example.com,Aurora Ceramic Mug,Black / 350ml,1,17.91,0.0,17.91,paid,CH,online_store
#1731,2026-01-14 08:06:24,CUST-00883,mia.klein760@example.com,Linen Throw Blanket,Rust,1,80.46,0.0,80.46,pending,AT,online_store
#4146,2026-01-14 11:01:30,CUST-00864,erik.koch699@example.com,Aurora Ceramic Mug,Black / 350ml,1,18.44,0.0,18.44,paid,AT,online_store
#4146,2026-01-14 11:01:30,CUST-00864,erik.koch699@example.com,Aurora Ceramic Mug,Black / 350ml,1,18.44,0.0,18.44,paid,AT,online_store
#3911,2026-01-14 13:58:19,CUST-01447,marie.schmidt571@example.com,Recycled Glass Vase,Amber,1,42.95,0.0,42.95,paid,GB,online_store
#3983,2026-01-14 16:17:39,CUST-00041,ben.krueger56@example.com,Organic Cotton Tote,Navy,1,15.3,0.0,15.3,paid,GB,online_store
#2370,2026-01-14 17:13:28,CUST-01386,anna.fischer605@example.com,Merino Wool Beanie,Forest,2,32.84,0.0,65.68,PAID,FR,instagram
#3779,2026-01-14 17:34:08,CUST-00910,clara.richter584@example.com,Brass Pour-Over Stand,Standard,1,67.2,0.0,67.2,paid,DE,online_store
#3779,2026-01-14 17:34:08,CUST-00910,clara.richter584@example.com,Linen Throw Blanket,Rust,1,79.27,0.0,79.27,paid,DE,online_store
#2045,2026-01-14 17:58:59,CUST-00704,luis.fischer629@example.com,Botanical Print A3,Fern,1,28.56,0.0,28.56,paid,AT,online_store
#2045,2026-01-14 17:58:59,CUST-00704,luis.fischer629@example.com,Aurora Ceramic Mug,White / 350ml,3,17.69,0.0,53.07,paid,AT,online_store
#1323,2026-01-14 19:55:50,CUST-01142,julia.becker390@example.com,Recycled Glass Vase,Amber,1,41.65,0.0,41.65,paid,DE,instagram
#1323,2026-01-14 19:55:50,CUST-01142,julia.becker390@example.com,Linen Throw Blanket,Charcoal,1,79.97,0.0,79.97,paid,DE,instagram
#1323,2026-01-14 19:55:50,CUST-01142,julia.becker390@example.com,Soy Wax Candle — Cedar,Single,1,24.62,0.0,24.62,paid,DE,instagram
#4433,2026-01-14 22:21:19,CUST-00498,jonas.hoffmann259@example.com,Linen Throw Blanket,Rust,1,79.98,0.0,79.98,paid,NL,online_store
#3176,2026-01-15 19:51:00,CUST-00569,marie.hartmann579@example.com,Organic Cotton Tote,Cream,2,15.4,0.0,30.8,paid,DE,instagram
#2204,2026-01-16 13:52:42,CUST-00652,sofia.wagner599@example.com,Soy Wax Candle — Cedar,Set of 3,1,23.52,0.0,23.52,paid,DE,online_store
#2204,2026-01-16 13:52:42,CUST-00652,sofia.wagner599@example.com,Merino Wool Beanie,Oat,1,31.6,0.0,31.6,paid,DE,online_store
#2838,2026-01-16 15:57:17,CUST-00146,nina.klein853@example.com,Soy Wax Candle — Cedar,Set of 3,3,23.49,0.0,70.47,pending,DE,pos
#2838,2026-01-16 15:57:17,CUST-00146,nina.klein853@example.com,Aurora Ceramic Mug,Black / 350ml,1,17.78,0.0,17.78,pending,DE,pos
#2838,2026-01-16 15:57:17,CUST-00146,nina.klein853@example.com,Soy Wax Candle — Cedar,Set of 3,1,23.65,0.0,23.65,pending,DE,pos
#2838,2026-01-16 15:57:17,CUST-00146,nina.klein853@example.com,Soy Wax Candle — Cedar,Set of 3,3,23.49,0.0,70.47,pending,DE,pos
#2410,2026-01-16 19:11:19,CUST-01069,julia.wagner310@example.com,Linen Throw Blanket,Charcoal,1,78.91,0.0,78.91,refunded,DE,draft_order
#2410,2026-01-16 19:11:19,CUST-01069,julia.wagner310@example.com,Botanical Print A3,Eucalyptus,1,28.23,0.0,28.23,refunded,DE,draft_order
#2410,2026-01-16 19:11:19,CUST-01069,julia.wagner310@example.com,Organic Cotton Tote,Navy,1,14.86,0.0,14.86,refunded,DE,draft_order
#3491,2026-01-17 11:37:05,CUST-00820,ben.schmidt1@example.com,Soy Wax Candle — Cedar,Set of 3,1,23.93,0.0,23.93,paid,NL,online_store
#3106,2026-01-17 12:23:04,CUST-01441,tom.mueller392@example.com,Aurora Ceramic Mug,Black / 350ml,1,17.67,0.0,17.67,paid,GB,online_store
#3106,2026-01-17 12:23:04,CUST-01441,tom.mueller392@example.com,Botanical Print A3,Olive,2,27.72,0.0,55.44,PAID,GB,online_store
#2808,2026-01-17 12:36:07,CUST-01655,noah.becker282@example.com,Stoneware Dinner Plate Set,Set of 6,2,93.69,20.47,166.91,paid,FR,draft_order
#3476,2026-01-17 14:15:37,CUST-00133,clara.hartmann846@example.com,Organic Cotton Tote,Navy,1,15.09,0.0,15.09,paid,FR,online_store
#2515,2026-01-17 16:09:02,CUST-00063,emma.klein107@example.com,Linen Throw Blanket,Charcoal,2,78.34,0.0,156.68,paid,AT,online_store
#1985,2026-01-17 20:35:27,CUST-01250,liam.wolf991@example.com,Aurora Ceramic Mug,White / 350ml,1,17.66,0.0,17.66,paid,DE,instagram
#1802,2026-01-17 20:51:40,CUST-01560,felix.wagner701@example.com,Linen Throw Blanket,Rust,1,79.47,0.0,79.47,paid,AT,online_store
#2072,2026-01-18 02:51:17,CUST-00159,erik.hartmann238@example.com,Merino Wool Beanie,Black,1,32.27,0.0,32.27,paid,DE,online_store
#3669,2026-01-18 05:04:22,CUST-00097,jonas.hartmann787@example.com,Botanical Print A3,Eucalyptus,1,27.7,0.0,27.7,paid,DE,online_store
#3093,2026-01-18 11:03:50,CUST-00677,liam.koch817@example.com,Soy Wax Candle — Cedar,Set of 3,1,23.43,0.0,23.43,paid,US,instagram
#3748,2026-01-18 14:53:29,CUST-00474,laura.koch339@example.com,Soy Wax Candle — Cedar,Single,1,23.9,0.0,23.9,paid,GB,online_store
#1131,2026-01-18 14:56:41,CUST-00046,liam.mueller949@example.com,Brass Pour-Over Stand,Standard,2,68.22,0.0,136.44,paid,FR,instagram
#2933,2026-01-18 15:15:34,CUST-00039,lena.hartmann485@example.com,Aurora Ceramic Mug,Black / 350ml,2,18.45,0.0,36.9,paid,NL,online_store
#2933,2026-01-18 15:15:34,CUST-00039,lena.hartmann485@example.com,Aurora Ceramic Mug,White / 350ml,3,18.11,0.0,54.33,paid,NL,online_store
#2933,2026-01-18 15:15:34,CUST-00039,lena.hartmann485@example.com,Aurora Ceramic Mug,Black / 350ml,2,18.45,0.0,,paid,NL,online_store
#2409,2026-01-18 20:19:58,CUST-00262,mia.hoffmann465@example.com,Soy Wax Candle — Cedar,Single,1,23.39,0.0,23.39,paid,US,online_store
#2152,2026-01-19 10:01:34,CUST-01244,nina.schmidt299@example.com,Botanical Print A3,Eucalyptus,1,27.66,0.0,27.66,paid,NL,online_store
#2152,2026-01-19 10:01:34,CUST-01244,nina.schmidt299@example.com,Walnut Serving Board,Large,1,54.98,0.0,54.98,paid,NL,online_store
#2883,2026-01-19 15:58:17,CUST-00117,marie.becker389@example.com,Linen Throw Blanket,Rust,1,78.16,0.0,78.16,paid,DE,pos
#2106,2026-01-19 16:51:23,CUST-00808,erik.mueller902@example.com,Aurora Ceramic Mug,White / 350ml,1,17.56,0.0,17.56,paid,NL,online_store
#2106,2026-01-19 16:51:23,CUST-00808,erik.mueller902@example.com,Linen Throw Blanket,Rust,1,78.68,0.0,78.68,paid,NL,online_store
#4097,2026-01-20 05:33:58,CUST-00588,max.krueger336@example.com,Recycled Glass Vase,Smoke,1,42.86,0.0,42.86,paid,GB,instagram
#1396,2026-01-20 11:17:44,CUST-01401,mia.hoffmann188@example.com,Aurora Ceramic Mug,Black / 350ml,1,18.41,0.0,18.41,refunded,FR,online_store
#3518,2026-01-20 15:34:56,CUST-01613,lena.schmidt731@example.com,Recycled Glass Vase,Amber,1,41.63,0.0,41.63,paid,FR,online_store
#3567,2026-01-20 18:12:29,CUST-00857,anna.schmidt641@example.com,Aurora Ceramic Mug,White / 350ml,1,18.37,0.0,18.37,paid,GB,online_store
#3655,2026-01-20 18:38:59,CUST-00189,laura.schwarz812@example.com,Recycled Glass Vase,Amber,1,41.26,0.0,41.26,paid,NL,online_store
#2628,2026-01-20 20:56:03,CUST-00010,jonas.klein876@example.com,Merino Wool Beanie,Forest,1,31.9,0.0,31.9,paid,DE,online_store
#1105,2026-01-21 12:54:37,CUST-01017,laura.schwarz82@example.com,Linen Throw Blanket,Natural,1,76.71,0.0,76.71,paid,US,online_store
#3782,2026-01-21 18:30:00,CUST-00663,mia.hoffmann455@example.com,Linen Throw Blanket,Charcoal,1,80.26,0.0,80.26,refunded,NL,instagram
#3782,2026-01-21 18:30:00,CUST-00663,mia.hoffmann455@example.com,Organic Cotton Tote,Navy,2,15.15,0.0,30.3,refunded,NL,instagram
#1092,2026-01-21 21:55:18,CUST-00877,mia.neumann109@example.com,Soy Wax Candle — Cedar,Set of 3,1,24.67,0.0,24.67,paid,DE,online_store
#1092,2026-01-21 21:55:18,CUST-00877,mia.neumann109@example.com,Soy Wax Candle — Cedar,Single,1,23.46,0.0,23.46,paid,,online_store
#1825,2026-01-22 10:52:25,CUST-00853,marie.becker77@example.com,Aurora Ceramic Mug,Sage / 350ml,1,17.79,0.0,17.79,paid,DE,instagram
#3442,2026-01-22 11:01:50,CUST-00877,mia.neumann109@example.com,Aurora Ceramic Mug,Sage / 350ml,1,18.02,0.0,18.02,paid,DE,online_store
#4417,2026-01-22 13:28:44,CUST-00395,anna.neumann204@example.com,Merino Wool Beanie,Oat,1,31.05,0.0,,paid,GB,instagram
#4417,2026-01-22 13:28:44,CUST-00395,anna.neumann204@example.com,Botanical Print A3,Fern,1,28.8,0.0,28.8,paid,GB,instagram
#4215,2026-01-23 09:12:40,CUST-00533,nina.koch288@example.com,Organic Cotton Tote,Cream,1,14.67,0.0,14.67,paid,NL,online_store
#2318,2026-01-23 09:52:11,CUST-00472,jonas.klein148@example.com,Recycled Glass Vase,Amber,1,40.87,0.0,40.87,paid,NL,online_store
#2318,2026-01-23 09:52:11,CUST-00472,jonas.klein148@example.com,Linen Throw Blanket,Natural,1,79.07,0.0,79.07,paid,NL,online_store
#4053,2026-01-23 12:17:45,CUST-00227,luis.braun745@example.com,Aurora Ceramic Mug,Black / 350ml,1,18.33,0.0,18.33,paid,DE,online_store
#3921,2026-01-23 12:44:30,CUST-00768,laura.klein892@example.com,Aurora Ceramic Mug,Sage / 350ml,1,18.39,0.0,18.39,paid,NL,online_store
#2200,2026-01-23 14:29:01,CUST-00565,paul.becker144@example.com,Soy Wax Candle — Cedar,Single,1,24.12,0.0,24.12,paid,DE,online_store
#1209,2026-01-23 15:04:26,CUST-00957,luis.klein573@example.com,Linen Throw Blanket,Rust,1,76.8,0.0,76.8,paid,AT,online_store
#4079,2026-01-23 16:37:32,CUST-00120,luis.schmidt359@example.com,Stoneware Dinner Plate Set,Set of 4,3,98.29,0.0,294.87,paid,DE,online_store
#4079,2026-01-23 16:37:32,CUST-00120,luis.schmidt359@example.com,Walnut Serving Board,Large,1,52.62,0.0,52.62,paid,DE,online_store
#4212,2026-01-24 13:11:11,CUST-00037,jonas.fischer881@example.com,Walnut Serving Board,Large,2,52.91,0.0,105.82,paid,DE,online_store
#4212,2026-01-24 13:11:11,CUST-00037,jonas.fischer881@example.com,Soy Wax Candle — Cedar,Single,1,23.47,0.0,23.47,paid,DE,online_store
#3929,2026-01-24 16:47:22,CUST-00744,paul.hartmann359@example.com,Aurora Ceramic Mug,White / 350ml,2,18.4,0.0,36.8,paid,US,online_store
#2407,2026-01-24 19:00:53,CUST-00407,erik.hartmann754@example.com,Aurora Ceramic Mug,Sage / 350ml,2,17.83,0.0,35.66,paid,FR,online_store
#2588,2026-01-25 08:41:29,CUST-00209,emma.schmidt764@example.com,Aurora Ceramic Mug,Sage / 350ml,1,18.0,3.53,14.47,paid,US,online_store
#1239,2026-01-25 11:27:06,CUST-01560,felix.wagner701@example.com,Merino Wool Beanie,Oat,1,32.26,0.0,32.26,paid,AT,instagram
#3021,2026-01-25 13:23:38,CUST-00536,marie.hoffmann299@example.com,Walnut Serving Board,Large,1,54.78,0.0,54.78,paid,NL,online_store
#2755,2026-01-25 15:24:43,CUST-01165,jonas.klein2@example.com,Botanical Print A3,Eucalyptus,3,27.99,0.0,83.97,refunded,DE,online_store
#3308,2026-01-25 16:36:20,CUST-00978,max.schwarz795@example.com,Merino Wool Beanie,Black,1,32.57,0.0,32.57,paid,DE,pos
#3308,2026-01-25 16:36:20,CUST-00978,max.schwarz795@example.com,Aurora Ceramic Mug,Black / 350ml,2,18.32,0.0,36.64,paid,DE,pos
#3308,2026-01-25 16:36:20,CUST-00978,max.schwarz795@example.com,Soy Wax Candle — Cedar,Set of 3,3,24.15,0.0,72.45,paid,DE,pos
#2856,2026-01-25 17:18:12,CUST-00179,mia.koch935@example.com,Merino Wool Beanie,Forest,1,32.92,7.13,25.79,paid,DE,online_store
#1417,2026-01-26 09:15:31,CUST-00895,marie.krueger313@example.com,Aurora Ceramic Mug,Black / 350ml,1,18.03,0.0,18.03,paid,US,pos
#3141,2026-01-26 10:16:00,CUST-00757,emma.hartmann266@example.com,Organic Cotton Tote,Cream,3,14.92,0.0,,paid,AT,online_store
#2076,2026-01-26 12:50:48,CUST-01629,nina.wagner533@example.com,Stoneware Dinner Plate Set,Set of 6,1,98.24,0.0,98.24,paid,FR,online_store
#2819,2026-01-26 14:22:18,CUST-00147,jonas.neumann15@example.com,Brass Pour-Over Stand,Standard,2,66.07,0.0,132.14,paid,FR,online_store
#4072,2026-01-27 14:04:19,CUST-01283,anna.klein648@example.com,Botanical Print A3,Olive,1,28.2,3.62,24.58,paid,CH,instagram
#4496,2026-01-27 17:32:14,CUST-01290,felix.hartmann855@example.com,Recycled Glass Vase,Smoke,1,40.75,0.0,40.75,paid,NL,online_store
#4391,2026-01-27 20:44:08,CUST-01083,lena.wagner488@example.com,Organic Cotton Tote,Cream,1,14.96,0.0,14.96,paid,GB,online_store
#4391,2026-01-27 20:44:08,CUST-01083,lena.wagner488@example.com,Linen Throw Blanket,Natural,1,77.49,0.0,77.49,paid,GB,online_store
#1703,2026-01-27 21:04:40,CUST-00634,lena.becker879@example.com,Organic Cotton Tote,Navy,1,15.31,0.0,15.31,paid,DE,pos
#1703,2026-01-27 21:04:40,CUST-00634,lena.becker879@example.com,Linen Throw Blanket,Rust,3,79.01,0.0,237.03,paid,DE,pos
#4259,2026-01-28 12:25:20,CUST-00472,jonas.klein148@example.com,Aurora Ceramic Mug,Black / 350ml,1,18.17,0.0,18.17,refunded,NL,online_store
#4259,2026-01-28 12:25:20,CUST-00472,jonas.klein148@example.com,Soy Wax Candle — Cedar,Set of 3,1,23.62,0.0,23.62,refunded,NL,online_store
#4259,2026-01-28 12:25:20,CUST-00472,jonas.klein148@example.com,Recycled Glass Vase,Amber,1,42.51,0.0,42.51,refunded,NL,online_store
#1232,2026-01-28 14:07:21,CUST-01502,mia.neumann747@example.com,Aurora Ceramic Mug,Black / 350ml,1,17.84,0.0,17.84,paid,NL,pos
#3835,2026-01-28 14:08:01,CUST-01545,emma.wolf672@example.com,Soy Wax Candle — Cedar,Set of 3,1,24.65,0.0,24.65,pending,GB,instagram
#3205,2026-01-28 15:28:38,CUST-00016,liam.wolf68@example.com,Linen Throw Blanket,Rust,1,79.73,0.0,,paid,DE,online_store
#3205,2026-01-28 15:28:38,CUST-00016,liam.wolf68@example.com,Linen Throw Blanket,Rust,1,79.73,0.0,79.73,paid,DE,online_store
#2830,2026-01-28 16:51:48,CUST-00958,max.neumann284@example.com,Merino Wool Beanie,Forest,1,31.88,0.0,31.88,paid,DE,instagram
#2830,2026-01-28 16:51:48,CUST-00958,max.neumann284@example.com,Merino Wool Beanie,Forest,2,31.46,0.0,62.92,paid,DE,instagram
#2830,2026-01-28 16:51:48,CUST-00958,max.neumann284@example.com,Organic Cotton Tote,Cream,1,14.62,0.0,14.62,paid,DE,instagram
#1515,2026-01-28 21:38:38,CUST-01409,lena.krueger612@example.com,Merino Wool Beanie,Oat,1,31.45,0.0,31.45,paid,US,online_store
#3132,2026-01-29 12:45:41,CUST-00757,emma.hartmann266@example.com,Organic Cotton Tote,Navy,1,15.02,0.0,15.02,pending,AT,draft_order
#1048,2026-01-29 17:50:59,CUST-01405,felix.neumann422@example.com,Brass Pour-Over Stand,Standard,1,67.31,0.0,67.31,paid,US,online_store
#1048,2026-01-29 17:50:59,CUST-01405,felix.neumann422@example.com,Stoneware Dinner Plate Set,Set of 4,3,96.96,0.0,290.88,paid,US,online_store
#1048,2026-01-29 17:50:59,CUST-01405,felix.neumann422@example.com,Botanical Print A3,Olive,1,28.18,0.0,28.18,paid,US,online_store
#3353,2026-01-30 08:48:07,CUST-00500,nina.koch232@example.com,Walnut Serving Board,Large,1,54.53,12.34,42.19,paid,DE,online_store
#4441,2026-01-30 09:41:41,CUST-00204,marie.klein162@example.com,Recycled Glass Vase,Amber,2,41.95,0.0,83.9,pending,DE,online_store
#4441,2026-01-30 09:41:41,CUST-00204,marie.klein162@example.com,Brass Pour-Over Stand,Standard,1,69.21,0.0,69.21,pending,DE,online_store
#4441,2026-01-30 09:41:41,CUST-00204,marie.klein162@example.com,Recycled Glass Vase,Amber,2,41.95,0.0,83.9,PENDING,DE,online_store
#1166,2026-01-31 08:13:29,CUST-00904,erik.becker144@example.com,Linen Throw Blanket,Rust,1,79.29,0.0,79.29,paid,US,online_store
#1683,2026-01-31 11:18:32,CUST-01517,sofia.hoffmann290@example.com,Botanical Print A3,Fern,3,27.6,0.0,82.8,paid,FR,pos
#1919,2026-01-31 12:55:32,CUST-00046,liam.mueller949@example.com,Recycled Glass Vase,Amber,1,41.74,0.0,41.74,paid,FR,online_store
#2762,2026-01-31 17:49:17,CUST-00185,nina.hartmann458@example.com,Recycled Glass Vase,Smoke,1,43.19,0.0,43.19,paid,US,online_store
#3853,2026-01-31 18:17:48,CUST-00152,mia.schmidt831@example.com,Organic Cotton Tote,Cream,1,14.95,0.0,14.95,paid,GB,online_store
#1442,2026-01-31 21:57:50,CUST-01613,lena.schmidt731@example.com,Soy Wax Candle — Cedar,Single,1,23.72,0.0,23.72,refunded,FR,instagram
#2552,2026-02-01 13:42:22,CUST-00651,anna.wolf240@example.com,Soy Wax Candle — Cedar,Single,1,24.29,0.0,24.29,paid,DE,pos
#1705,2026-02-01 15:26:04,CUST-00616,max.becker978@example.com,Organic Cotton Tote,Cream,1,15.18,0.0,15.18,paid,CH,draft_order
#1705,2026-02-01 15:26:04,CUST-00616,max.becker978@example.com,Aurora Ceramic Mug,White / 350ml,1,18.08,0.0,18.08,paid,CH,draft_order
#1705,2026-02-01 15:26:04,CUST-00616,max.becker978@example.com,Soy Wax Candle — Cedar,Single,1,24.5,0.0,24.5,paid,CH,draft_order
#3298,2026-02-01 18:48:45,CUST-00782,sofia.becker941@example.com,Merino Wool Beanie,Black,1,31.37,0.0,31.37,paid,NL,pos
#3298,2026-02-01 18:48:45,CUST-00782,sofia.becker941@example.com,Merino Wool Beanie,Black,3,31.89,0.0,95.67,PAID,NL,pos
#1618,2026-02-01 19:07:41,CUST-00754,anna.richter883@example.com,Recycled Glass Vase,Amber,1,43.18,0.0,43.18,paid,DE,online_store
#1618,2026-02-01 19:07:41,CUST-00754,anna.richter883@example.com,Botanical Print A3,Olive,1,27.45,0.0,27.45,paid,DE,online_store
#2304,2026-02-01 19:36:54,CUST-00416,liam.klein81@example.com,Aurora Ceramic Mug,Black / 350ml,1,18.24,0.0,18.24,paid,US,online_store
#2777,2026-02-01 19:56:24,CUST-00436,laura.koch274@example.com,Soy Wax Candle — Cedar,Set of 3,1,24.29,0.0,24.29,paid,CH,online_store
#3041,2026-02-02 09:36:03,CUST-01156,liam.fischer331@example.com,Merino Wool Beanie,Oat,1,31.87,0.0,31.87,PAID,US,instagram
#3303,2026-02-02 11:28:53,CUST-00334,paul.krueger491@example.com,Recycled Glass Vase,Smoke,3,42.49,0.0,127.47,PAID,GB,pos
#3303,2026-02-02 11:28:53,CUST-00334,paul.krueger491@example.com,Recycled Glass Vase,Smoke,1,40.97,0.0,40.97,paid,GB,pos
#2950,2026-02-02 11:29:03,CUST-01090,felix.becker632@example.com,Organic Cotton Tote,Cream,1,14.91,0.0,14.91,paid,NL,online_store
#2376,2026-02-02 12:48:31,CUST-01055,mia.mueller214@example.com,Brass Pour-Over Stand,Standard,1,68.75,0.0,68.75,paid,GB,online_store
#3370,2026-02-02 12:58:39,CUST-00766,noah.hartmann650@example.com,Recycled Glass Vase,Amber,1,41.77,0.0,41.77,paid,GB,instagram
#3370,2026-02-02 12:58:39,CUST-00766,noah.hartmann650@example.com,Aurora Ceramic Mug,Black / 350ml,1,18.1,0.0,18.1,paid,GB,instagram
#2641,2026-02-02 14:13:54,CUST-01222,luis.schmidt574@example.com,Organic Cotton Tote,Navy,1,15.17,0.0,15.17,paid,NL,online_store
#2236,2026-02-02 14:48:55,CUST-01224,ben.schwarz729@example.com,Aurora Ceramic Mug,Sage / 350ml,1,17.59,0.0,17.59,paid,US,instagram
#3199,2026-02-02 16:16:07,CUST-01432,tom.weber536@example.com,Soy Wax Candle — Cedar,Set of 3,1,24.67,0.0,24.67,paid,GB,online_store
#2118,2026-02-02 17:42:14,CUST-00516,clara.wagner803@example.com,Recycled Glass Vase,Amber,1,42.98,0.0,42.98,paid,GB,online_store
#2118,2026-02-02 17:42:14,CUST-00516,clara.wagner803@example.com,Merino Wool Beanie,Black,1,31.43,0.0,31.43,paid,GB,online_store
#3392,2026-02-02 18:03:45,CUST-00409,laura.wolf471@example.com,Soy Wax Candle — Cedar,Set of 3,1,23.93,0.0,23.93,paid,AT,online_store
#3333,2026-02-02 23:39:47,CUST-01123,max.becker504@example.com,Recycled Glass Vase,Amber,2,41.0,8.47,73.53,paid,US,pos
#3486,2026-02-03 11:13:48,CUST-00228,ben.weber631@example.com,Recycled Glass Vase,Smoke,1,41.28,0.0,41.28,paid,US,online_store
#3837,2026-02-03 13:46:34,CUST-01204,anna.wolf31@example.com,Organic Cotton Tote,Cream,1,15.15,3.46,11.69,paid,DE,pos
#1915,2026-02-03 14:18:54,CUST-01629,nina.wagner533@example.com,Stoneware Dinner Plate Set,Set of 6,1,98.64,0.0,98.64,paid,FR,online_store
#3666,2026-02-03 15:40:21,CUST-00023,julia.richter882@example.com,Merino Wool Beanie,Forest,1,31.76,0.0,31.76,paid,AT,online_store
#3244,2026-02-03 15:59:57,CUST-01037,mia.koch94@example.com,Merino Wool Beanie,Black,1,32.02,0.0,32.02,paid,GB,draft_order
#1630,2026-02-03 18:28:08,CUST-01178,anna.schwarz863@example.com,Linen Throw Blanket,Charcoal,1,79.34,0.0,79.34,paid,DE,online_store
#1630,2026-02-03 18:28:08,CUST-01178,anna.schwarz863@example.com,Walnut Serving Board,Small,1,53.06,0.0,53.06,paid,DE,online_store
#1630,2026-02-03 18:28:08,CUST-01178,anna.schwarz863@example.com,Recycled Glass Vase,Smoke,1,41.89,0.0,41.89,paid,DE,online_store
#2483,2026-02-03 22:12:38,CUST-01379,julia.schmidt370@example.com,Walnut Serving Board,Large,1,54.71,0.0,54.71,paid,US,draft_order
#2483,2026-02-03 22:12:38,CUST-01379,julia.schmidt370@example.com,Stoneware Dinner Plate Set,Set of 6,1,93.54,0.0,93.54,paid,US,draft_order
#2271,2026-02-04 11:06:20,CUST-00616,max.becker978@example.com,Organic Cotton Tote,Navy,1,15.15,0.0,15.15,paid,CH,instagram
#2773,2026-02-04 15:48:15,CUST-00010,jonas.klein876@example.com,Brass Pour-Over Stand,Standard,1,68.16,0.0,68.16,paid,DE,online_store
#2773,2026-02-04 15:48:15,CUST-00010,jonas.klein876@example.com,Aurora Ceramic Mug,Black / 350ml,1,18.29,0.0,18.29,paid,DE,online_store
#1811,2026-02-04 15:54:02,CUST-00068,emma.wolf653@example.com,Aurora Ceramic Mug,White / 350ml,1,17.62,0.0,17.62,paid,CH,online_store
#1811,2026-02-04 15:54:02,CUST-00068,emma.wolf653@example.com,Stoneware Dinner Plate Set,Set of 6,1,95.26,0.0,95.26,paid,,online_store
#1404,2026-02-04 16:47:51,CUST-00523,jonas.becker174@example.com,Botanical Print A3,Olive,1,27.72,0.0,27.72,paid,DE,pos
#3687,2026-02-05 09:46:27,CUST-00763,luis.becker922@example.com,Linen Throw Blanket,Rust,1,81.25,0.0,81.25,paid,DE,pos
#1383,2026-02-05 15:09:21,CUST-01426,noah.wolf113@example.com,Aurora Ceramic Mug,Sage / 350ml,1,18.48,0.0,18.48,paid,US,online_store
#1815,2026-02-05 16:07:39,CUST-00191,nina.wolf896@example.com,Aurora Ceramic Mug,Black / 350ml,1,17.64,0.0,17.64,paid,NL,draft_order
#1815,2026-02-05 16:07:39,CUST-00191,nina.wolf896@example.com,Brass Pour-Over Stand,Standard,1,69.21,0.0,69.21,paid,NL,draft_order
#3944,2026-02-05 17:39:28,CUST-00671,luis.mueller801@example.com,Aurora Ceramic Mug,White / 350ml,1,18.0,0.0,18.0,paid,FR,online_store
#2803,2026-02-06 10:45:21,CUST-00252,noah.neumann570@example.com,Merino Wool Beanie,Forest,1,31.24,0.0,31.24,paid,DE,instagram
#4098,2026-02-06 22:59:48,CUST-01069,julia.wagner310@example.com,Soy Wax Candle — Cedar,Single,1,24.47,0.0,24.47,paid,DE,instagram
#2284,2026-02-07 15:11:24,CUST-01582,luis.klein410@example.com,Linen Throw Blanket,Charcoal,2,76.73,0.0,153.46,paid,US,draft_order
#3959,2026-02-07 20:11:06,CUST-00052,tom.becker521@example.com,Aurora Ceramic Mug,Black / 350ml,1,18.42,0.0,18.42,paid,DE,online_store
#4299,2026-02-08 09:27:20,CUST-01025,tom.neumann811@example.com,Aurora Ceramic Mug,Sage / 350ml,1,17.57,0.0,17.57,paid,DE,online_store
#1506,2026-02-08 13:10:42,CUST-00448,julia.krueger465@example.com,Soy Wax Candle — Cedar,Single,1,23.7,0.0,23.7,paid,DE,online_store
#1754,2026-02-08 13:28:05,CUST-01532,tom.wagner946@example.com,Stoneware Dinner Plate Set,Set of 6,1,94.14,0.0,94.14,paid,GB,online_store
#1547,2026-02-08 13:30:03,CUST-00650,felix.richter949@example.com,Soy Wax Candle — Cedar,Single,3,24.39,0.0,73.17,paid,NL,online_store
#1547,2026-02-08 13:30:03,CUST-00650,felix.richter949@example.com,Soy Wax Candle — Cedar,Single,3,24.39,0.0,73.17,paid,NL,online_store
#2479,2026-02-08 13:56:07,CUST-00119,ben.richter482@example.com,Walnut Serving Board,Large,1,53.42,0.0,53.42,paid,DE,instagram
#1579,2026-02-08 15:01:57,CUST-00795,anna.koch688@example.com,Organic Cotton Tote,Navy,1,14.91,0.0,14.91,paid,DE,online_store
#1793,2026-02-08 15:12:12,CUST-00189,laura.schwarz812@example.com,Aurora Ceramic Mug,White / 350ml,1,18.53,0.0,18.53,paid,NL,draft_order
#2256,2026-02-08 16:13:43,CUST-01069,julia.wagner310@example.com,Soy Wax Candle — Cedar,Single,1,23.89,0.0,23.89,paid,DE,online_store
#2256,2026-02-08 16:13:43,CUST-01069,julia.wagner310@example.com,Recycled Glass Vase,Amber,1,43.14,0.0,43.14,paid,DE,online_store
#2256,2026-02-08 16:13:43,CUST-01069,julia.wagner310@example.com,Merino Wool Beanie,Oat,1,31.92,0.0,31.92,paid,DE,online_store
#1116,2026-02-08 16:17:11,CUST-00380,anna.wolf882@example.com,Walnut Serving Board,Large,1,54.61,0.0,54.61,paid,US,online_store
#3877,2026-02-08 16:33:10,CUST-01324,lena.hoffmann466@example.com,Stoneware Dinner Plate Set,Set of 6,1,97.77,0.0,97.77,paid,DE,online_store
#2178,2026-02-08 17:00:18,CUST-01520,max.krueger481@example.com,Soy Wax Candle — Cedar,Set of 3,1,24.22,0.0,24.22,paid,DE,draft_order
#2178,2026-02-08 17:00:18,CUST-01520,max.krueger481@example.com,Merino Wool Beanie,Black,1,31.48,0.0,31.48,paid,DE,draft_order
#3969,2026-02-08 18:57:20,CUST-00581,nina.richter527@example.com,Walnut Serving Board,Small,1,53.75,0.0,53.75,paid,CH,instagram
#3720,2026-02-08 21:23:00,CUST-00984,paul.wagner703@example.com,Aurora Ceramic Mug,Black / 350ml,1,17.82,0.0,17.82,paid,DE,pos
#3720,2026-02-08 21:23:00,CUST-00984,paul.wagner703@example.com,Organic Cotton Tote,Navy,1,14.63,0.0,14.63,paid,DE,pos
#4322,2026-02-09 13:59:59,CUST-01333,nina.wagner920@example.com,Soy Wax Candle — Cedar,Single,1,24.66,6.06,18.6,paid,DE,online_store
#4322,2026-02-09 13:59:59,CUST-01333,nina.wagner920@example.com,Botanical Print A3,Eucalyptus,1,28.61,5.87,22.74,paid,DE,online_store
#4327,2026-02-09 16:04:37,CUST-00859,anna.koch534@example.com,Aurora Ceramic Mug,White / 350ml,1,18.13,0.0,18.13,refunded,DE,online_store
#2920,2026-02-10 07:21:07,CUST-00748,emma.hartmann663@example.com,Botanical Print A3,Fern,1,28.48,6.45,22.03,pending,DE,online_store
#3523,2026-02-10 09:53:51,CUST-00340,laura.krueger396@example.com,Walnut Serving Board,Large,1,55.53,9.76,45.77,paid,DE,online_store
#4457,2026-02-10 10:39:04,CUST-01608,julia.braun142@example.com,Linen Throw Blanket,Rust,1,81.32,0.0,81.32,paid,NL,online_store
#4457,2026-02-10 10:39:04,CUST-01608,julia.braun142@example.com,Linen Throw Blanket,Charcoal,2,79.93,0.0,159.86,paid,NL,online_store
#4049,2026-02-10 13:12:05,CUST-00023,julia.richter882@example.com,Brass Pour-Over Stand,Standard,3,69.11,0.0,207.33,paid,AT,online_store
#2687,2026-02-10 13:59:30,CUST-00823,marie.wolf635@example.com,Aurora Ceramic Mug,White / 350ml,1,18.12,0.0,18.12,refunded,GB,online_store
#2687,2026-02-10 13:59:30,CUST-00823,marie.wolf635@example.com,Walnut Serving Board,Small,1,55.55,0.0,55.55,refunded,GB,online_store
#1692,2026-02-10 17:01:29,CUST-01382,sofia.krueger426@example.com,Botanical Print A3,Fern,3,28.15,0.0,84.45,paid,NL,online_store
#2451,2026-02-10 17:42:43,CUST-00958,max.neumann284@example.com,Recycled Glass Vase,Amber,3,41.3,0.0,123.9,paid,DE,pos
#2451,2026-02-10 17:42:43,CUST-00958,max.neumann284@example.com,Soy Wax Candle — Cedar,Single,1,23.57,0.0,23.57,paid,DE,pos
#3382,2026-02-10 21:12:13,CUST-00112,tom.mueller306@example.com,Stoneware Dinner Plate Set,Set of 6,1,97.83,14.62,83.21,paid,FR,online_store
#4034,2026-02-11 10:05:10,CUST-00184,anna.richter290@example.com,Organic Cotton Tote,Navy,1,14.74,0.0,14.74,PAID,FR,online_store
#3181,2026-02-11 15:06:51,CUST-00007,max.richter748@example.com,Merino Wool Beanie,Oat,3,31.6,0.0,94.8,paid,US,draft_order
#3181,2026-02-11 15:06:51,CUST-00007,max.richter748@example.com,Aurora Ceramic Mug,Sage / 350ml,1,18.35,0.0,18.35,paid,US,draft_order
#3259,2026-02-11 15:23:27,CUST-01260,clara.schwarz692@example.com,Recycled Glass Vase,Smoke,1,41.78,0.0,41.78,paid,FR,online_store
#3259,2026-02-11 15:23:27,CUST-01260,clara.schwarz692@example.com,Organic Cotton Tote,Navy,1,15.35,0.0,15.35,paid,FR,online_store
#3259,2026-02-11 15:23:27,CUST-01260,clara.schwarz692@example.com,Organic Cotton Tote,Navy,1,15.35,0.0,15.35,paid,FR,online_store
#2404,2026-02-11 16:59:51,CUST-00274,nina.braun727@example.com,Merino Wool Beanie,Forest,1,32.28,0.0,32.28,paid,GB,online_store
#2404,2026-02-11 16:59:51,CUST-00274,nina.braun727@example.com,Brass Pour-Over Stand,Standard,1,66.32,0.0,66.32,paid,GB,online_store
#2404,2026-02-11 16:59:51,CUST-00274,nina.braun727@example.com,Linen Throw Blanket,Natural,1,81.26,0.0,81.26,paid,GB,online_store
#1058,2026-02-11 18:15:30,CUST-00051,liam.schmidt59@example.com,Stoneware Dinner Plate Set,Set of 4,1,95.74,0.0,95.74,paid,DE,instagram
#1214,2026-02-11 19:22:57,CUST-01529,lena.hartmann855@example.com,Soy Wax Candle — Cedar,Single,1,23.67,0.0,23.67,refunded,DE,online_store
#1214,2026-02-11 19:22:57,CUST-01529,lena.hartmann855@example.com,Stoneware Dinner Plate Set,Set of 6,1,98.31,0.0,98.31,refunded,DE,online_store
#1852,2026-02-11 23:32:49,CUST-00832,nina.wagner5@example.com,Organic Cotton Tote,Navy,2,14.88,0.0,29.76,paid,US,online_store
#1852,2026-02-11 23:32:49,CUST-00832,nina.wagner5@example.com,Soy Wax Candle — Cedar,Set of 3,1,24.3,0.0,24.3,paid,US,online_store
#1852,2026-02-11 23:32:49,CUST-00832,nina.wagner5@example.com,Linen Throw Blanket,Rust,1,77.23,0.0,77.23,paid,US,online_store
#4070,2026-02-12 08:46:35,CUST-01593,noah.braun506@example.com,Soy Wax Candle — Cedar,Single,1,24.1,0.0,24.1,paid,DE,instagram
#4070,2026-02-12 08:46:35,CUST-01593,noah.braun506@example.com,Merino Wool Beanie,Black,1,32.2,0.0,32.2,paid,DE,instagram
#3515,2026-02-12 09:27:16,CUST-00458,emma.mueller475@example.com,Walnut Serving Board,Large,1,54.33,0.0,54.33,refunded,GB,online_store
#3515,2026-02-12 09:27:16,CUST-00458,emma.mueller475@example.com,Brass Pour-Over Stand,Standard,1,69.34,0.0,69.34,refunded,GB,online_store
#1612,2026-02-12 09:43:06,CUST-00428,felix.schmidt582@example.com,Walnut Serving Board,Small,1,52.85,0.0,52.85,paid,GB,online_store
#4393,2026-02-12 13:25:13,CUST-01262,paul.wolf689@example.com,Recycled Glass Vase,Smoke,2,42.38,0.0,84.76,paid,,online_store
#2306,2026-02-12 14:04:03,CUST-01205,noah.neumann867@example.com,Soy Wax Candle — Cedar,Set of 3,1,24.27,0.0,24.27,paid,DE,instagram
#2907,2026-02-12 15:03:54,CUST-00941,max.richter407@example.com,Linen Throw Blanket,Natural,1,81.03,10.56,70.47,paid,FR,draft_order
#1943,2026-02-12 15:10:48,CUST-00793,sofia.neumann303@example.com,Soy Wax Candle — Cedar,Set of 3,1,23.35,5.75,17.6,paid,DE,online_store
#3917,2026-02-12 18:07:31,CUST-00353,clara.koch27@example.com,Merino Wool Beanie,Oat,1,31.28,0.0,31.28,paid,FR,online_store
#3462,2026-02-12 21:14:10,CUST-01168,sofia.mueller707@example.com,Aurora Ceramic Mug,White / 350ml,1,18.18,0.0,18.18,refunded,DE,online_store
#3462,2026-02-12 21:14:10,CUST-01168,sofia.mueller707@example.com,Stoneware Dinner Plate Set,Set of 6,1,95.46,0.0,95.46,refunded,DE,online_store
#3462,2026-02-12 21:14:10,CUST-01168,sofia.mueller707@example.com,Stoneware Dinner Plate Set,Set of 6,1,98.74,0.0,98.74,refunded,DE,online_store
#1376,2026-02-13 11:34:01,CUST-00072,ben.wagner374@example.com,Merino Wool Beanie,Oat,2,32.46,11.59,53.33,refunded,AT,online_store
#1778,2026-02-13 12:17:36,CUST-00673,laura.richter327@example.com,Walnut Serving Board,Large,1,54.22,0.0,54.22,paid,GB,online_store
#4289,2026-02-13 15:07:54,CUST-00124,paul.weber168@example.com,Brass Pour-Over Stand,Standard,1,67.06,0.0,67.06,REFUNDED,CH,online_store
#4289,2026-02-13 15:07:54,CUST-00124,paul.weber168@example.com,Recycled Glass Vase,Amber,1,42.61,0.0,42.61,refunded,CH,online_store
#4289,2026-02-13 15:07:54,CUST-00124,paul.weber168@example.com,Walnut Serving Board,Large,2,54.48,0.0,108.96,refunded,CH,online_store
#1615,2026-02-13 18:26:16,CUST-00785,liam.schwarz262@example.com,Recycled Glass Vase,Smoke,1,42.52,0.0,42.52,paid,FR,online_store
#4428,2026-02-13 19:03:36,CUST-00678,paul.becker326@example.com,Linen Throw Blanket,Rust,2,79.06,0.0,158.12,paid,NL,online_store
#4431,2026-02-13 20:46:28,CUST-01464,mia.hoffmann49@example.com,Botanical Print A3,Eucalyptus,1,27.82,0.0,27.82,paid,DE,instagram
#2781,2026-02-13 20:50:14,CUST-00690,laura.klein302@example.com,Aurora Ceramic Mug,White / 350ml,1,18.17,0.0,18.17,paid,,online_store
#2561,2026-02-13 21:09:00,CUST-00811,julia.koch686@example.com,Botanical Print A3,Eucalyptus,3,27.17,0.0,81.51,paid,NL,pos
#1254,2026-02-14 11:53:09,CUST-00054,laura.weber584@example.com,Linen Throw Blanket,Charcoal,1,78.95,0.0,78.95,paid,DE,online_store
#4458,2026-02-14 11:54:22,CUST-00512,laura.wolf280@example.com,Merino Wool Beanie,Forest,1,32.06,0.0,32.06,paid,FR,instagram
#3230,2026-02-14 12:00:12,CUST-00376,emma.hartmann559@example.com,Soy Wax Candle — Cedar,Set of 3,2,23.94,0.0,47.88,paid,DE,pos
#2837,2026-02-14 12:42:00,CUST-01548,felix.wolf762@example.com,Aurora Ceramic Mug,Sage / 350ml,1,17.89,0.0,17.89,paid,DE,online_store
#2837,2026-02-14 12:42:00,CUST-01548,felix.wolf762@example.com,Aurora Ceramic Mug,Sage / 350ml,1,18.18,0.0,18.18,paid,DE,online_store
#1853,2026-02-14 15:09:04,CUST-00701,jonas.becker819@example.com,Merino Wool Beanie,Black,2,31.61,0.0,63.22,paid,NL,online_store
#1853,2026-02-14 15:09:04,CUST-00701,jonas.becker819@example.com,Merino Wool Beanie,Forest,1,32.21,0.0,32.21,paid,NL,online_store
#1335,2026-02-14 15:56:59,CUST-00167,nina.mueller689@example.com,Merino Wool Beanie,Oat,1,31.66,0.0,31.66,paid,NL,online_store
#1072,2026-02-14 15:59:12,CUST-01220,max.fischer627@example.com,Walnut Serving Board,Small,1,52.58,0.0,52.58,paid,CH,online_store
#1161,2026-02-14 17:01:34,CUST-00030,mia.fischer836@example.com,Linen Throw Blanket,Natural,1,77.67,16.25,61.42,paid,DE,online_store
#1745,2026-02-14 17:15:46,CUST-00471,laura.becker485@example.com,Linen Throw Blanket,Natural,1,78.24,0.0,78.24,paid,DE,instagram
#1310,2026-02-14 17:23:42,CUST-00046,liam.mueller949@example.com,Botanical Print A3,Fern,1,28.5,0.0,28.5,paid,FR,online_store
#1310,2026-02-14 17:23:42,CUST-00046,liam.mueller949@example.com,Merino Wool Beanie,Forest,1,31.52,0.0,31.52,paid,FR,online_store
#1310,2026-02-14 17:23:42,CUST-00046,liam.mueller949@example.com,Organic Cotton Tote,Cream,1,14.71,0.0,14.71,paid,FR,online_store
#4051,2026-02-14 18:59:35,CUST-00685,lena.weber882@example.com,Merino Wool Beanie,Forest,1,31.13,0.0,31.13,paid,US,online_store
#1109,2026-02-15 10:15:41,CUST-00415,laura.neumann824@example.com,Walnut Serving Board,Small,1,55.52,0.0,55.52,paid,,online_store
#1489,2026-02-15 11:05:15,CUST-00228,ben.weber631@example.com,Merino Wool Beanie,Oat,1,31.95,0.0,31.95,paid,US,online_store
#1489,2026-02-15 11:05:15,CUST-00228,ben.weber631@example.com,Organic Cotton Tote,Navy,1,14.88,0.0,14.88,paid,US,online_store
#1489,2026-02-15 11:05:15,CUST-00228,ben.weber631@example.com,Merino Wool Beanie,Forest,1,32.73,0.0,32.73,paid,US,online_store
#1430,2026-02-15 17:55:13,CUST-00291,noah.wolf87@example.com,Merino Wool Beanie,Black,1,31.14,0.0,31.14,paid,US,online_store
#1430,2026-02-15 17:55:13,CUST-00291,noah.wolf87@example.com,Merino Wool Beanie,Forest,1,32.75,0.0,32.75,paid,US,online_store
#3623,2026-02-15 19:47:23,CUST-01594,sofia.schmidt368@example.com,Walnut Serving Board,Small,1,52.83,0.0,52.83,paid,AT,online_store
#3062,2026-02-15 22:54:53,CUST-00015,jonas.wolf795@example.com,Recycled Glass Vase,Amber,1,41.68,0.0,41.68,refunded,DE,online_store
#2709,2026-02-16 10:51:47,CUST-00354,tom.schwarz121@example.com,Recycled Glass Vase,Smoke,1,41.66,0.0,41.66,paid,DE,pos
#2709,2026-02-16 10:51:47,CUST-00354,tom.schwarz121@example.com,Aurora Ceramic Mug,White / 350ml,1,18.11,0.0,18.11,paid,DE,pos
#3320,2026-02-16 16:39:31,CUST-00853,marie.becker77@example.com,Recycled Glass Vase,Amber,1,41.17,0.0,,paid,DE,online_store
#3320,2026-02-16 16:39:31,CUST-00853,marie.becker77@example.com,Aurora Ceramic Mug,Black / 350ml,1,18.09,0.0,18.09,paid,DE,online_store
#3320,2026-02-16 16:39:31,CUST-00853,marie.becker77@example.com,Organic Cotton Tote,Navy,2,15.17,0.0,30.34,paid,DE,online_store
#2238,2026-02-16 19:03:19,CUST-00510,mia.neumann448@example.com,Botanical Print A3,Fern,1,28.38,0.0,28.38,paid,DE,online_store
#2238,2026-02-16 19:03:19,CUST-00510,mia.neumann448@example.com,Aurora Ceramic Mug,White / 350ml,1,18.33,0.0,18.33,paid,DE,online_store
#4089,2026-02-17 14:41:52,CUST-01250,liam.wolf991@example.com,Organic Cotton Tote,Cream,1,15.02,0.0,15.02,pending,DE,online_store
#3027,2026-02-17 15:48:22,CUST-00832,nina.wagner5@example.com,Linen Throw Blanket,Natural,1,81.22,0.0,81.22,paid,US,online_store
#3624,2026-02-17 17:21:52,CUST-00187,anna.hoffmann245@example.com,Merino Wool Beanie,Forest,1,32.32,0.0,32.32,paid,GB,online_store
#3624,2026-02-17 17:21:52,CUST-00187,anna.hoffmann245@example.com,Aurora Ceramic Mug,Sage / 350ml,1,17.9,0.0,17.9,paid,GB,online_store
#4151,2026-02-17 17:28:52,CUST-00228,ben.weber631@example.com,Organic Cotton Tote,Navy,1,15.12,0.0,15.12,paid,US,pos
#4151,2026-02-17 17:28:52,CUST-00228,ben.weber631@example.com,Soy Wax Candle — Cedar,Set of 3,1,24.21,0.0,24.21,paid,US,pos
#4151,2026-02-17 17:28:52,CUST-00228,ben.weber631@example.com,Recycled Glass Vase,Amber,1,42.3,0.0,42.3,paid,US,pos
#2251,2026-02-18 12:31:27,CUST-00770,marie.wagner733@example.com,Recycled Glass Vase,Amber,1,43.18,0.0,43.18,paid,DE,online_store
#2241,2026-02-18 13:05:33,CUST-01407,sofia.weber939@example.com,Linen Throw Blanket,Rust,1,80.83,0.0,80.83,paid,DE,online_store
#1338,2026-02-18 15:54:36,CUST-00289,liam.krueger586@example.com,Aurora Ceramic Mug,Sage / 350ml,1,17.9,0.0,17.9,refunded,GB,online_store
#3090,2026-02-18 19:19:09,CUST-00726,clara.krueger13@example.com,Walnut Serving Board,Large,1,52.86,0.0,52.86,pending,FR,online_store
#3219,2026-02-18 20:03:46,CUST-00273,ben.mueller80@example.com,Linen Throw Blanket,Charcoal,1,79.42,13.9,65.52,paid,NL,online_store
#1818,2026-02-18 21:34:21,CUST-00282,erik.wagner672@example.com,Soy Wax Candle — Cedar,Single,1,24.04,0.0,24.04,paid,DE,online_store
#1818,2026-02-18 21:34:21,CUST-00282,erik.wagner672@example.com,Linen Throw Blanket,Charcoal,1,76.64,0.0,76.64,paid,DE,online_store
#2654,2026-02-18 21:41:51,CUST-00139,mia.koch501@example.com,Soy Wax Candle — Cedar,Set of 3,1,23.82,0.0,23.82,paid,US,online_store
#2132,2026-02-18 22:04:56,CUST-00995,marie.fischer294@example.com,Linen Throw Blanket,Charcoal,1,80.15,0.0,80.15,paid,US,online_store
#1267,2026-02-19 11:06:02,CUST-00581,nina.richter527@example.com,Merino Wool Beanie,Forest,2,31.27,0.0,62.54,paid,CH,online_store
#1267,2026-02-19 11:06:02,CUST-00581,nina.richter527@example.com,Aurora Ceramic Mug,White / 350ml,1,17.53,0.0,17.53,paid,CH,online_store
#3466,2026-02-19 12:09:26,CUST-00179,mia.koch935@example.com,Linen Throw Blanket,Natural,1,80.83,0.0,80.83,paid,DE,online_store
#3466,2026-02-19 12:09:26,CUST-00179,mia.koch935@example.com,Organic Cotton Tote,Navy,1,14.83,0.0,14.83,paid,DE,online_store
#3466,2026-02-19 12:09:26,CUST-00179,mia.koch935@example.com,Linen Throw Blanket,Charcoal,2,78.16,0.0,156.32,paid,DE,online_store
#3886,2026-02-19 14:08:46,CUST-00173,noah.schwarz845@example.com,Walnut Serving Board,Small,1,55.12,0.0,55.12,paid,CH,online_store
#4439,2026-02-19 14:12:44,CUST-00646,liam.wagner96@example.com,Aurora Ceramic Mug,Sage / 350ml,2,17.55,0.0,35.1,paid,DE,online_store
#4439,2026-02-19 14:12:44,CUST-00646,liam.wagner96@example.com,Soy Wax Candle — Cedar,Single,1,24.05,0.0,24.05,paid,DE,online_store
#4439,2026-02-19 14:12:44,CUST-00646,liam.wagner96@example.com,Soy Wax Candle — Cedar,Set of 3,1,23.3,0.0,23.3,paid,DE,online_store
#2293,2026-02-19 14:35:27,CUST-00115,paul.krueger638@example.com,Organic Cotton Tote,Cream,1,14.58,0.0,14.58,paid,US,instagram
#2799,2026-02-19 15:17:24,CUST-00601,marie.mueller352@example.com,Botanical Print A3,Eucalyptus,1,27.86,0.0,27.86,paid,NL,online_store
#2799,2026-02-19 15:17:24,CUST-00601,marie.mueller352@example.com,Organic Cotton Tote,Cream,2,15.02,0.0,30.04,paid,NL,online_store
#2799,2026-02-19 15:17:24,CUST-00601,marie.mueller352@example.com,Aurora Ceramic Mug,Black / 350ml,1,18.08,0.0,18.08,paid,NL,online_store
#3935,2026-02-19 16:38:50,CUST-00130,anna.mueller843@example.com,Merino Wool Beanie,Forest,3,31.82,0.0,95.46,paid,US,online_store
#2125,2026-02-19 17:38:06,CUST-00736,anna.richter620@example.com,Soy Wax Candle — Cedar,Set of 3,1,24.46,0.0,24.46,paid,GB,instagram
#2620,2026-02-20 09:37:14,CUST-00233,emma.schmidt250@example.com,Botanical Print A3,Olive,1,28.01,5.3,22.71,paid,CH,online_store
#2620,2026-02-20 09:37:14,CUST-00233,emma.schmidt250@example.com,Merino Wool Beanie,Black,1,31.88,6.64,25.24,paid,CH,online_store
#1477,2026-02-20 10:32:54,CUST-00803,anna.becker410@example.com,Soy Wax Candle — Cedar,Set of 3,1,23.87,0.0,23.87,paid,CH,instagram
#4480,2026-02-20 13:41:59,CUST-01646,nina.klein922@example.com,Stoneware Dinner Plate Set,Set of 4,1,93.73,0.0,93.73,paid,DE,online_store
#4480,2026-02-20 13:41:59,CUST-01646,nina.klein922@example.com,Brass Pour-Over Stand,Standard,1,69.4,0.0,69.4,paid,DE,online_store
#4399,2026-02-20 14:57:17,CUST-00543,laura.wolf441@example.com,Organic Cotton Tote,Cream,1,15.3,0.0,15.3,paid,DE,draft_order
#4399,2026-02-20 14:57:17,CUST-00543,laura.wolf441@example.com,Stoneware Dinner Plate Set,Set of 6,1,94.32,0.0,94.32,paid,DE,draft_order
#3036,2026-02-20 15:15:32,CUST-00239,nina.wolf272@example.com,Organic Cotton Tote,Cream,1,14.75,0.0,14.75,refunded,DE,online_store
#1015,2026-02-20 15:42:39,CUST-00014,laura.richter656@example.com,Soy Wax Candle — Cedar,Set of 3,1,23.93,0.0,23.93,paid,GB,online_store
#1015,2026-02-20 15:42:39,CUST-00014,laura.richter656@example.com,Botanical Print A3,Eucalyptus,1,27.34,0.0,27.34,paid,GB,online_store
#4361,2026-02-20 16:07:52,CUST-01090,felix.becker632@example.com,Organic Cotton Tote,Cream,2,14.81,4.72,,paid,NL,instagram
#4103,2026-02-20 16:09:10,CUST-00950,erik.schmidt840@example.com,Merino Wool Beanie,Oat,1,31.16,0.0,31.16,paid,DE,pos
#4103,2026-02-20 16:09:10,CUST-00950,erik.schmidt840@example.com,Aurora Ceramic Mug,Sage / 350ml,1,18.09,0.0,18.09,paid,DE,pos
#2749,2026-02-21 11:25:15,CUST-01226,lena.hoffmann864@example.com,Linen Throw Blanket,Charcoal,1,78.02,16.5,61.52,paid,AT,online_store
#2749,2026-02-21 11:25:15,CUST-01226,lena.hoffmann864@example.com,Organic Cotton Tote,Navy,1,14.98,1.83,13.15,paid,AT,online_store
#1782,2026-02-21 13:15:53,CUST-01155,erik.becker768@example.com,Merino Wool Beanie,Black,2,31.55,0.0,63.1,paid,GB,pos
#1534,2026-02-21 13:35:44,CUST-00233,emma.schmidt250@example.com,Linen Throw Blanket,Natural,1,77.48,0.0,77.48,paid,CH,instagram
#1534,2026-02-21 13:35:44,CUST-00233,emma.schmidt250@example.com,Merino Wool Beanie,Oat,1,31.61,0.0,31.61,paid,CH,instagram
#1534,2026-02-21 13:35:44,CUST-00233,emma.schmidt250@example.com,Linen Throw Blanket,Natural,1,77.7,0.0,77.7,paid,,instagram
#4397,2026-02-21 13:49:29,CUST-01379,julia.schmidt370@example.com,Linen Throw Blanket,Charcoal,1,79.09,0.0,79.09,paid,US,instagram
#4397,2026-02-21 13:49:29,CUST-01379,julia.schmidt370@example.com,Merino Wool Beanie,Oat,1,31.14,0.0,31.14,paid,US,instagram
#3111,2026-02-21 14:00:33,CUST-01409,lena.krueger612@example.com,Soy Wax Candle — Cedar,Single,1,24.7,0.0,24.7,paid,US,online_store
#1084,2026-02-21 14:13:42,CUST-01503,anna.krueger781@example.com,Merino Wool Beanie,Oat,1,31.29,0.0,31.29,paid,DE,online_store
#2932,2026-02-21 14:43:59,CUST-01322,jonas.braun385@example.com,Organic Cotton Tote,Navy,1,14.63,0.0,14.63,paid,AT,online_store
#2932,2026-02-21 14:43:59,CUST-01322,jonas.braun385@example.com,Brass Pour-Over Stand,Standard,1,69.43,0.0,69.43,paid,AT,online_store
#3122,2026-02-21 15:22:21,CUST-01033,max.schmidt224@example.com,Aurora Ceramic Mug,White / 350ml,3,18.46,0.0,55.38,paid,CH,online_store
#1314,2026-02-21 15:38:17,CUST-00792,sofia.hoffmann852@example.com,Soy Wax Candle — Cedar,Set of 3,2,23.64,0.0,47.28,paid,US,online_store
#3280,2026-02-21 15:44:39,CUST-00124,paul.weber168@example.com,Linen Throw Blanket,Rust,1,79.75,0.0,79.75,paid,CH,online_store
#4352,2026-02-21 15:46:14,CUST-01557,julia.wolf693@example.com,Aurora Ceramic Mug,Black / 350ml,1,17.62,0.0,17.62,paid,DE,pos
#4352,2026-02-21 15:46:14,CUST-01557,julia.wolf693@example.com,Merino Wool Beanie,Black,1,31.2,0.0,31.2,paid,DE,pos
#1439,2026-02-21 16:02:21,CUST-00811,julia.koch686@example.com,Merino Wool Beanie,Oat,1,32.57,0.0,32.57,paid,NL,pos
#4189,2026-02-21 17:40:20,CUST-01374,liam.wagner120@example.com,Botanical Print A3,Fern,2,28.79,0.0,57.58,paid,DE,online_store
#3007,2026-02-21 21:55:27,CUST-00357,paul.krueger830@example.com,Soy Wax Candle — Cedar,Single,2,23.29,0.0,46.58,paid,GB,draft_order
#4385,2026-02-21 23:59:06,CUST-01541,tom.weber27@example.com,Merino Wool Beanie,Black,2,32.05,0.0,64.1,paid,DE,online_store
#2119,2026-02-22 08:09:19,CUST-00153,felix.fischer122@example.com,Botanical Print A3,Olive,3,28.41,0.0,85.23,paid,US,online_store
#3818,2026-02-22 13:48:35,CUST-01517,sofia.hoffmann290@example.com,Recycled Glass Vase,Smoke,1,41.82,0.0,41.82,refunded,FR,draft_order
#3183,2026-02-22 16:02:33,CUST-00026,clara.becker109@example.com,Aurora Ceramic Mug,Sage / 350ml,1,18.49,3.96,14.53,paid,NL,online_store
#4434,2026-02-22 16:13:58,CUST-00989,nina.schmidt708@example.com,Aurora Ceramic Mug,White / 350ml,1,17.56,0.0,17.56,paid,DE,instagram
#4434,2026-02-22 16:13:58,CUST-00989,nina.schmidt708@example.com,Soy Wax Candle — Cedar,Single,1,24.36,0.0,24.36,paid,DE,instagram
#1358,2026-02-22 18:34:11,CUST-00631,tom.becker262@example.com,Merino Wool Beanie,Black,1,31.55,0.0,31.55,paid,FR,online_store
#2517,2026-02-22 19:01:28,CUST-01203,erik.richter402@example.com,Organic Cotton Tote,Cream,1,15.19,0.0,15.19,paid,DE,online_store
#1552,2026-02-23 07:55:55,CUST-00064,lena.richter110@example.com,Brass Pour-Over Stand,Standard,1,69.87,0.0,69.87,paid,FR,online_store
#2389,2026-02-23 10:16:43,CUST-00594,emma.weber162@example.com,Recycled Glass Vase,Smoke,1,42.92,0.0,42.92,paid,US,pos
#2389,2026-02-23 10:16:43,CUST-00594,emma.weber162@example.com,Recycled Glass Vase,Smoke,1,42.05,0.0,42.05,paid,US,pos
#4174,2026-02-23 14:16:06,CUST-00757,emma.hartmann266@example.com,Recycled Glass Vase,Amber,1,40.78,9.13,31.65,paid,AT,online_store
#3130,2026-02-23 20:50:42,CUST-00430,tom.wagner480@example.com,Walnut Serving Board,Large,1,54.3,0.0,54.3,paid,DE,online_store
#3130,2026-02-23 20:50:42,CUST-00430,tom.wagner480@example.com,Soy Wax Candle — Cedar,Set of 3,1,23.36,0.0,23.36,paid,DE,online_store
#3116,2026-02-24 11:25:22,CUST-00787,emma.schmidt427@example.com,Botanical Print A3,Olive,1,28.59,4.16,,paid,US,pos
#3702,2026-02-24 12:30:38,CUST-01204,anna.wolf31@example.com,Merino Wool Beanie,Oat,1,32.7,0.0,32.7,pending,DE,online_store
#2827,2026-02-24 13:30:55,CUST-01529,lena.hartmann855@example.com,Stoneware Dinner Plate Set,Set of 4,1,94.59,0.0,94.59,refunded,DE,online_store
#3743,2026-02-24 14:19:09,CUST-00811,julia.koch686@example.com,Aurora Ceramic Mug,Black / 350ml,1,18.44,2.97,15.47,paid,NL,online_store
#1783,2026-02-24 18:10:09,CUST-00334,paul.krueger491@example.com,Recycled Glass Vase,Smoke,1,42.19,0.0,42.19,paid,GB,online_store
#2753,2026-02-24 20:51:24,CUST-00406,lena.braun421@example.com,Organic Cotton Tote,Cream,3,14.66,0.0,43.98,paid,US,draft_order
#2108,2026-02-25 07:53:03,CUST-00650,felix.richter949@example.com,Walnut Serving Board,Large,2,54.72,0.0,109.44,paid,NL,online_store
#2108,2026-02-25 07:53:03,CUST-00650,felix.richter949@example.com,Linen Throw Blanket,Rust,2,77.48,0.0,154.96,paid,NL,online_store
#2142,2026-02-25 11:23:25,CUST-00575,felix.schmidt357@example.com,Aurora Ceramic Mug,White / 350ml,1,17.76,0.0,17.76,paid,NL,online_store
#2142,2026-02-25 11:23:25,CUST-00575,felix.schmidt357@example.com,Merino Wool Beanie,Black,1,32.61,0.0,32.61,paid,NL,online_store
#1312,2026-02-25 12:30:29,CUST-00153,felix.fischer122@example.com,Organic Cotton Tote,Cream,1,14.98,1.72,13.26,paid,US,pos
#4091,2026-02-25 13:34:40,CUST-00941,max.richter407@example.com,Botanical Print A3,Eucalyptus,1,28.44,0.0,28.44,paid,FR,online_store
#4443,2026-02-25 14:15:31,CUST-00447,noah.hoffmann501@example.com,Soy Wax Candle — Cedar,Single,1,23.34,0.0,23.34,PAID,DE,online_store
#4443,2026-02-25 14:15:31,CUST-00447,noah.hoffmann501@example.com,Linen Throw Blanket,Rust,1,79.03,0.0,79.03,paid,DE,online_store
#3524,2026-02-25 17:35:28,CUST-00849,felix.schmidt397@example.com,Merino Wool Beanie,Black,1,32.71,5.77,26.94,refunded,US,online_store
#3524,2026-02-25 17:35:28,CUST-00849,felix.schmidt397@example.com,Soy Wax Candle — Cedar,Single,1,23.57,4.77,18.8,refunded,US,online_store
#1055,2026-02-25 18:01:48,CUST-00596,felix.becker898@example.com,Aurora Ceramic Mug,Black / 350ml,1,17.96,0.0,17.96,refunded,DE,pos
#1055,2026-02-25 18:01:48,CUST-00596,felix.becker898@example.com,Recycled Glass Vase,Smoke,1,42.16,0.0,42.16,refunded,DE,pos
#3080,2026-02-25 22:39:02,CUST-00926,anna.krueger71@example.com,Recycled Glass Vase,Smoke,3,41.59,0.0,124.77,paid,DE,online_store
#1334,2026-02-26 07:03:38,CUST-01333,nina.wagner920@example.com,Aurora Ceramic Mug,White / 350ml,1,18.47,0.0,18.47,paid,DE,pos
#1025,2026-02-26 08:18:50,CUST-00208,felix.mueller675@example.com,Organic Cotton Tote,Cream,1,14.99,0.0,14.99,paid,US,online_store
#3368,2026-02-26 09:03:51,CUST-01431,mia.hartmann377@example.com,Stoneware Dinner Plate Set,Set of 6,1,95.97,19.74,76.23,PAID,DE,online_store
#3368,2026-02-26 09:03:51,CUST-01431,mia.hartmann377@example.com,Stoneware Dinner Plate Set,Set of 4,1,94.77,12.72,82.05,paid,DE,online_store
#3368,2026-02-26 09:03:51,CUST-01431,mia.hartmann377@example.com,Botanical Print A3,Olive,1,27.68,5.59,22.09,paid,DE,online_store
#4145,2026-02-26 10:34:09,CUST-00190,lena.hartmann130@example.com,Aurora Ceramic Mug,Sage / 350ml,1,18.0,0.0,18.0,paid,US,online_store
#4145,2026-02-26 10:34:09,CUST-00190,lena.hartmann130@example.com,Botanical Print A3,Eucalyptus,1,28.4,0.0,28.4,paid,US,online_store
#3677,2026-02-26 14:12:28,CUST-00411,clara.hartmann253@example.com,Soy Wax Candle — Cedar,Set of 3,2,24.39,0.0,48.78,paid,DE,pos
#3677,2026-02-26 14:12:28,CUST-00411,clara.hartmann253@example.com,Soy Wax Candle — Cedar,Set of 3,1,23.6,0.0,23.6,paid,DE,pos
#3038,2026-02-26 15:55:14,CUST-00088,anna.wolf128@example.com,Organic Cotton Tote,Cream,1,14.72,0.0,14.72,pending,FR,online_store
#3038,2026-02-26 15:55:14,CUST-00088,anna.wolf128@example.com,Aurora Ceramic Mug,Black / 350ml,1,17.47,0.0,17.47,pending,FR,online_store
#3038,2026-02-26 15:55:14,CUST-00088,anna.wolf128@example.com,Organic Cotton Tote,Cream,1,14.98,0.0,14.98,pending,FR,online_store
#1280,2026-02-26 16:08:25,CUST-01268,nina.becker713@example.com,Soy Wax Candle — Cedar,Single,1,24.35,0.0,24.35,paid,DE,pos
#1280,2026-02-26 16:08:25,CUST-01268,nina.becker713@example.com,Aurora Ceramic Mug,White / 350ml,1,18.12,0.0,18.12,paid,DE,pos
#1120,2026-02-26 16:41:59,CUST-00068,emma.wolf653@example.com,Aurora Ceramic Mug,White / 350ml,3,18.49,0.0,55.47,PAID,CH,online_store
#1986,2026-02-26 17:25:48,CUST-00229,clara.schmidt223@example.com,Botanical Print A3,Olive,1,27.46,0.0,27.46,paid,US,draft_order
#1813,2026-02-26 17:35:34,CUST-00086,liam.braun948@example.com,Aurora Ceramic Mug,Sage / 350ml,1,17.65,0.0,17.65,paid,NL,online_store
#1319,2026-02-26 23:03:26,CUST-00547,felix.braun88@example.com,Brass Pour-Over Stand,Standard,1,67.48,10.01,57.47,paid,DE,instagram
#1319,2026-02-26 23:03:26,CUST-00547,felix.braun88@example.com,Linen Throw Blanket,Natural,1,79.28,10.3,68.98,paid,DE,instagram
#1319,2026-02-26 23:03:26,CUST-00547,felix.braun88@example.com,Recycled Glass Vase,Amber,1,41.85,5.9,35.95,paid,DE,instagram
#1319,2026-02-26 23:03:26,CUST-00547,felix.braun88@example.com,Brass Pour-Over Stand,Standard,1,67.48,10.01,57.47,paid,DE,instagram
#3842,2026-02-27 07:31:02,CUST-01155,erik.becker768@example.com,Merino Wool Beanie,Forest,1,31.99,0.0,31.99,paid,GB,online_store
#3842,2026-02-27 07:31:02,CUST-01155,erik.becker768@example.com,Recycled Glass Vase,Amber,1,40.83,0.0,40.83,paid,GB,online_store
#3774,2026-02-27 09:45:57,CUST-00412,felix.koch305@example.com,Botanical Print A3,Olive,1,28.36,0.0,28.36,paid,FR,online_store
#1680,2026-02-27 14:15:42,CUST-00451,sofia.fischer353@example.com,Merino Wool Beanie,Forest,1,31.37,3.48,27.89,paid,FR,online_store
#1680,2026-02-27 14:15:42,CUST-00451,sofia.fischer353@example.com,Organic Cotton Tote,Cream,1,14.56,2.64,11.92,paid,FR,online_store
#3420,2026-02-28 05:53:57,CUST-01452,erik.neumann292@example.com,Merino Wool Beanie,Forest,1,32.38,0.0,32.38,refunded,DE,draft_order
#3960,2026-02-28 13:01:46,CUST-01560,felix.wagner701@example.com,Brass Pour-Over Stand,Standard,1,68.92,0.0,68.92,paid,AT,online_store
#2020,2026-02-28 13:47:46,CUST-00060,mia.hoffmann136@example.com,Botanical Print A3,Fern,1,27.2,0.0,27.2,paid,AT,online_store
#2020,2026-02-28 13:47:46,CUST-00060,mia.hoffmann136@example.com,Stoneware Dinner Plate Set,Set of 6,1,93.19,0.0,93.19,paid,AT,online_store
#2834,2026-02-28 14:34:40,CUST-00494,liam.hartmann17@example.com,Merino Wool Beanie,Forest,1,32.16,0.0,32.16,paid,DE,online_store
#2834,2026-02-28 14:34:40,CUST-00494,liam.hartmann17@example.com,Walnut Serving Board,Large,1,54.21,0.0,54.21,paid,DE,online_store
#3373,2026-02-28 18:14:16,CUST-01102,laura.koch521@example.com,Botanical Print A3,Fern,1,27.5,0.0,27.5,refunded,CH,online_store
#3151,2026-02-28 18:45:35,CUST-00260,anna.neumann891@example.com,Linen Throw Blanket,Natural,1,80.54,0.0,80.54,paid,DE,instagram
#1909,2026-02-28 20:31:49,CUST-00286,clara.schmidt76@example.com,Stoneware Dinner Plate Set,Set of 6,1,94.42,19.03,75.39,paid,DE,online_store
#4319,2026-03-01 07:37:04,CUST-01527,tom.wolf136@example.com,Soy Wax Candle — Cedar,Set of 3,1,24.05,0.0,24.05,paid,DE,instagram
#4481,2026-03-01 11:28:17,CUST-00582,noah.wagner805@example.com,Botanical Print A3,Eucalyptus,1,27.48,0.0,27.48,paid,US,online_store
#4481,2026-03-01 11:28:17,CUST-00582,noah.wagner805@example.com,Aurora Ceramic Mug,White / 350ml,1,18.2,0.0,18.2,paid,US,online_store
#3899,2026-03-01 11:48:46,CUST-00853,marie.becker77@example.com,Merino Wool Beanie,Forest,3,32.36,0.0,97.08,paid,DE,online_store
#3118,2026-03-01 11:54:14,CUST-00030,mia.fischer836@example.com,Organic Cotton Tote,Cream,2,14.92,0.0,29.84,paid,DE,draft_order
#3118,2026-03-01 11:54:14,CUST-00030,mia.fischer836@example.com,Organic Cotton Tote,Navy,1,15.06,0.0,15.06,paid,DE,draft_order
#3118,2026-03-01 11:54:14,CUST-00030,mia.fischer836@example.com,Linen Throw Blanket,Charcoal,1,78.15,0.0,78.15,paid,DE,draft_order
#4014,2026-03-01 12:56:51,CUST-01224,ben.schwarz729@example.com,Soy Wax Candle — Cedar,Set of 3,1,23.53,0.0,23.53,paid,US,online_store
#3110,2026-03-01 14:19:35,CUST-01082,julia.fischer297@example.com,Merino Wool Beanie,Forest,2,32.03,0.0,64.06,paid,FR,pos
#3177,2026-03-01 14:22:05,CUST-01324,lena.hoffmann466@example.com,Recycled Glass Vase,Amber,1,41.54,0.0,41.54,paid,DE,pos
#1738,2026-03-01 16:43:01,CUST-01067,luis.richter464@example.com,Botanical Print A3,Olive,1,27.66,0.0,27.66,paid,US,draft_order
#4094,2026-03-01 16:58:53,CUST-01478,emma.koch318@example.com,Linen Throw Blanket,Natural,1,80.88,0.0,80.88,paid,US,online_store
#4094,2026-03-01 16:58:53,CUST-01478,emma.koch318@example.com,Linen Throw Blanket,Natural,1,80.88,0.0,80.88,paid,US,online_store
#1021,2026-03-01 17:24:13,CUST-00634,lena.becker879@example.com,Organic Cotton Tote,Navy,1,14.95,0.0,14.95,paid,DE,instagram
#3537,2026-03-01 23:53:01,CUST-01349,sofia.koch920@example.com,Recycled Glass Vase,Smoke,1,42.1,0.0,42.1,paid,DE,instagram
#3537,2026-03-01 23:53:01,CUST-01349,sofia.koch920@example.com,Botanical Print A3,Eucalyptus,1,27.52,0.0,27.52,paid,DE,instagram
#1284,2026-03-02 09:19:27,CUST-00388,nina.neumann289@example.com,Soy Wax Candle — Cedar,Set of 3,1,23.76,0.0,23.76,paid,US,online_store
#2226,2026-03-02 13:39:35,CUST-00321,tom.wagner481@example.com,Organic Cotton Tote,Cream,1,14.85,0.0,14.85,paid,US,instagram
#3189,2026-03-02 14:13:37,CUST-01517,sofia.hoffmann290@example.com,Recycled Glass Vase,Smoke,2,42.11,0.0,84.22,paid,FR,online_store
#1672,2026-03-02 16:21:44,CUST-00441,tom.wagner621@example.com,Botanical Print A3,Fern,1,28.73,0.0,28.73,paid,US,online_store
#3424,2026-03-02 19:53:16,CUST-01102,laura.koch521@example.com,Aurora Ceramic Mug,Sage / 350ml,1,17.94,0.0,17.94,paid,CH,instagram
#3108,2026-03-02 20:15:09,CUST-01339,marie.mueller475@example.com,Organic Cotton Tote,Cream,1,15.01,0.0,15.01,paid,FR,online_store
#1664,2026-03-03 08:08:44,CUST-00388,nina.neumann289@example.com,Botanical Print A3,Olive,2,27.94,0.0,55.88,paid,US,online_store
#1664,2026-03-03 08:08:44,CUST-00388,nina.neumann289@example.com,Recycled Glass Vase,Smoke,1,41.42,0.0,41.42,paid,US,online_store
#2314,2026-03-03 11:34:52,CUST-00120,luis.schmidt359@example.com,Stoneware Dinner Plate Set,Set of 6,1,95.94,0.0,95.94,paid,DE,online_store
#3200,2026-03-03 12:55:30,CUST-00520,ben.weber363@example.com,Merino Wool Beanie,Oat,1,31.37,3.2,28.17,paid,US,online_store
#3200,2026-03-03 12:55:30,CUST-00520,ben.weber363@example.com,Stoneware Dinner Plate Set,Set of 6,1,93.99,12.05,81.94,paid,US,online_store
#2446,2026-03-03 18:32:56,CUST-01517,sofia.hoffmann290@example.com,Merino Wool Beanie,Oat,2,31.46,0.0,62.92,paid,FR,online_store
#3710,2026-03-03 20:50:34,CUST-01374,liam.wagner120@example.com,Botanical Print A3,Eucalyptus,1,27.96,0.0,27.96,paid,DE,online_store
#3964,2026-03-04 05:47:17,CUST-00461,noah.schmidt430@example.com,Aurora Ceramic Mug,Sage / 350ml,3,17.7,0.0,53.1,paid,GB,online_store
#2272,2026-03-04 13:39:02,CUST-01064,paul.krueger925@example.com,Organic Cotton Tote,Cream,1,14.8,0.0,14.8,paid,DE,online_store
#3724,2026-03-04 13:41:41,CUST-00357,paul.krueger830@example.com,Organic Cotton Tote,Cream,1,15.44,0.0,15.44,paid,GB,online_store
#3592,2026-03-04 15:24:44,CUST-01591,paul.hoffmann768@example.com,Stoneware Dinner Plate Set,Set of 6,1,98.43,19.67,78.76,paid,DE,online_store
#2576,2026-03-04 16:04:25,CUST-01064,paul.krueger925@example.com,Soy Wax Candle — Cedar,Set of 3,2,23.99,0.0,47.98,paid,DE,online_store
#2529,2026-03-04 19:09:57,CUST-00984,paul.wagner703@example.com,Aurora Ceramic Mug,White / 350ml,1,18.32,0.0,18.32,refunded,DE,online_store
#4171,2026-03-05 11:15:16,CUST-01219,felix.klein960@example.com,Soy Wax Candle — Cedar,Single,3,24.6,0.0,73.8,paid,US,online_store
#4171,2026-03-05 11:15:16,CUST-01219,felix.klein960@example.com,Linen Throw Blanket,Natural,2,80.87,0.0,161.74,paid,US,online_store
#2268,2026-03-05 14:32:14,CUST-00524,felix.richter65@example.com,Botanical Print A3,Olive,1,28.59,0.0,28.59,paid,DE,online_store
#2268,2026-03-05 14:32:14,CUST-00524,felix.richter65@example.com,Organic Cotton Tote,Cream,1,15.12,0.0,15.12,paid,DE,online_store
#2268,2026-03-05 14:32:14,CUST-00524,felix.richter65@example.com,Merino Wool Beanie,Forest,2,32.53,0.0,65.06,paid,DE,online_store
#2701,2026-03-05 17:29:45,CUST-00963,tom.koch985@example.com,Botanical Print A3,Eucalyptus,1,28.68,0.0,28.68,paid,FR,online_store
#3350,2026-03-05 18:45:59,CUST-01390,liam.klein312@example.com,Organic Cotton Tote,Cream,1,15.44,0.0,15.44,paid,US,online_store
#1631,2026-03-05 20:18:11,CUST-00153,felix.fischer122@example.com,Aurora Ceramic Mug,White / 350ml,1,18.18,0.0,18.18,paid,US,online_store
#1631,2026-03-05 20:18:11,CUST-00153,felix.fischer122@example.com,Soy Wax Candle — Cedar,Single,1,23.69,0.0,23.69,paid,US,online_store
#1631,2026-03-05 20:18:11,CUST-00153,felix.fischer122@example.com,Soy Wax Candle — Cedar,Single,1,23.69,0.0,23.69,paid,US,online_store
#2665,2026-03-05 22:49:00,CUST-00375,clara.hoffmann427@example.com,Brass Pour-Over Stand,Standard,1,66.38,0.0,66.38,paid,GB,instagram
#2665,2026-03-05 22:49:00,CUST-00375,clara.hoffmann427@example.com,Brass Pour-Over Stand,Standard,2,68.21,0.0,136.42,paid,GB,instagram
#2074,2026-03-06 08:56:24,CUST-01362,felix.becker233@example.com,Merino Wool Beanie,Oat,2,32.82,0.0,65.64,paid,US,instagram
#1634,2026-03-06 17:01:09,CUST-01650,laura.koch348@example.com,Linen Throw Blanket,Rust,1,76.92,0.0,76.92,paid,US,draft_order
#3171,2026-03-06 17:29:54,CUST-01572,max.schwarz90@example.com,Stoneware Dinner Plate Set,Set of 6,1,94.54,0.0,94.54,paid,DE,online_store
#3506,2026-03-06 21:04:33,CUST-00643,jonas.neumann711@example.com,Soy Wax Candle — Cedar,Set of 3,1,23.61,0.0,23.61,paid,NL,online_store
#3506,2026-03-06 21:04:33,CUST-00643,jonas.neumann711@example.com,Soy Wax Candle — Cedar,Single,1,24.05,0.0,24.05,paid,NL,online_store
#3029,2026-03-07 09:38:50,CUST-00750,clara.braun873@example.com,Aurora Ceramic Mug,White / 350ml,2,17.5,0.0,35.0,paid,US,instagram
#2390,2026-03-07 12:30:02,CUST-01006,lena.wagner175@example.com,Soy Wax Candle — Cedar,Set of 3,1,24.1,0.0,24.1,paid,DE,pos
#2390,2026-03-07 12:30:02,CUST-01006,lena.wagner175@example.com,Aurora Ceramic Mug,Black / 350ml,1,17.7,0.0,17.7,paid,DE,pos
#2507,2026-03-07 12:41:42,CUST-00373,erik.wolf578@example.com,Soy Wax Candle — Cedar,Set of 3,2,23.53,7.71,39.35,paid,DE,instagram
#2825,2026-03-07 12:53:01,CUST-00037,jonas.fischer881@example.com,Brass Pour-Over Stand,Standard,1,69.84,14.48,55.36,paid,DE,instagram
#1697,2026-03-07 15:51:37,CUST-00675,nina.koch103@example.com,Aurora Ceramic Mug,White / 350ml,1,18.48,0.0,18.48,paid,DE,online_store
#1697,2026-03-07 15:51:37,CUST-00675,nina.koch103@example.com,Walnut Serving Board,Large,1,54.65,0.0,54.65,paid,DE,online_store
#1176,2026-03-07 16:12:04,CUST-00416,liam.klein81@example.com,Aurora Ceramic Mug,White / 350ml,2,18.26,0.0,36.52,paid,US,online_store
#1991,2026-03-08 12:04:29,CUST-01183,sofia.fischer26@example.com,Stoneware Dinner Plate Set,Set of 4,3,94.68,37.85,246.19,paid,FR,online_store
#2221,2026-03-08 12:08:51,CUST-00394,noah.wagner404@example.com,Brass Pour-Over Stand,Standard,1,67.44,0.0,67.44,paid,US,online_store
#4306,2026-03-08 12:28:53,CUST-00407,erik.hartmann754@example.com,Botanical Print A3,Olive,1,28.25,0.0,28.25,paid,FR,online_store
#4306,2026-03-08 12:28:53,CUST-00407,erik.hartmann754@example.com,Soy Wax Candle — Cedar,Set of 3,1,24.2,0.0,24.2,paid,FR,online_store
#3658,2026-03-08 14:18:47,CUST-01090,felix.becker632@example.com,Aurora Ceramic Mug,Sage / 350ml,1,18.52,0.0,18.52,paid,NL,pos
#1250,2026-03-09 07:27:32,CUST-01219,felix.klein960@example.com,Walnut Serving Board,Small,1,53.77,0.0,53.77,paid,US,online_store
#1026,2026-03-09 10:50:42,CUST-00984,paul.wagner703@example.com,Soy Wax Candle — Cedar,Set of 3,1,23.54,0.0,23.54,paid,DE,online_store
#1775,2026-03-09 13:07:09,CUST-00070,noah.fischer708@example.com,Organic Cotton Tote,Navy,1,15.44,0.0,15.44,paid,AT,online_store
#2567,2026-03-09 13:29:14,CUST-00845,paul.klein150@example.com,Soy Wax Candle — Cedar,Set of 3,2,23.66,0.0,47.32,paid,NL,pos
#2567,2026-03-09 13:29:14,CUST-00845,paul.klein150@example.com,Botanical Print A3,Eucalyptus,1,27.54,0.0,27.54,paid,NL,pos
#2567,2026-03-09 13:29:14,CUST-00845,paul.klein150@example.com,Organic Cotton Tote,Cream,1,15.11,0.0,15.11,paid,NL,pos
#1513,2026-03-09 13:34:52,CUST-00671,luis.mueller801@example.com,Botanical Print A3,Eucalyptus,1,28.53,0.0,28.53,refunded,FR,online_store
#2724,2026-03-09 14:51:16,CUST-00358,anna.neumann564@example.com,Walnut Serving Board,Large,2,55.45,0.0,110.9,paid,US,draft_order
#1730,2026-03-09 15:33:36,CUST-01517,sofia.hoffmann290@example.com,Recycled Glass Vase,Amber,1,41.68,0.0,41.68,paid,FR,instagram
#1730,2026-03-09 15:33:36,CUST-01517,sofia.hoffmann290@example.com,Organic Cotton Tote,Navy,1,15.34,0.0,15.34,paid,FR,instagram
#1508,2026-03-09 16:22:50,CUST-00143,luis.wolf465@example.com,Aurora Ceramic Mug,White / 350ml,2,18.32,0.0,36.64,paid,DE,online_store
#1508,2026-03-09 16:22:50,CUST-00143,luis.wolf465@example.com,Merino Wool Beanie,Forest,3,31.35,0.0,94.05,paid,DE,online_store
#3251,2026-03-09 19:05:15,CUST-00484,tom.wolf380@example.com,Aurora Ceramic Mug,Sage / 350ml,1,17.86,0.0,17.86,paid,DE,online_store
#3251,2026-03-09 19:05:15,CUST-00484,tom.wolf380@example.com,Aurora Ceramic Mug,Black / 350ml,1,18.4,0.0,18.4,paid,DE,online_store
#1230,2026-03-10 04:14:36,CUST-01373,marie.wolf750@example.com,Stoneware Dinner Plate Set,Set of 4,1,95.09,0.0,95.09,paid,US,draft_order
#1230,2026-03-10 04:14:36,CUST-01373,marie.wolf750@example.com,Stoneware Dinner Plate Set,Set of 4,1,95.55,0.0,95.55,paid,,draft_order
#1230,2026-03-10 04:14:36,CUST-01373,marie.wolf750@example.com,Walnut Serving Board,Small,1,54.43,0.0,54.43,paid,US,draft_order
#3042,2026-03-10 06:34:55,CUST-00530,erik.wagner618@example.com,Aurora Ceramic Mug,Sage / 350ml,1,18.17,0.0,18.17,paid,AT,online_store
#3781,2026-03-10 09:54:24,CUST-00124,paul.weber168@example.com,Organic Cotton Tote,Cream,1,15.26,0.0,15.26,paid,CH,online_store
#3781,2026-03-10 09:54:24,CUST-00124,paul.weber168@example.com,Aurora Ceramic Mug,Black / 350ml,1,17.54,0.0,17.54,paid,CH,online_store
#1838,2026-03-10 14:08:07,CUST-00490,lena.hartmann911@example.com,Botanical Print A3,Eucalyptus,1,27.47,0.0,27.47,paid,US,online_store
#1926,2026-03-10 14:54:07,CUST-00484,tom.wolf380@example.com,Aurora Ceramic Mug,Black / 350ml,1,17.54,0.0,17.54,paid,DE,online_store
#2393,2026-03-10 16:14:16,CUST-00418,luis.richter713@example.com,Merino Wool Beanie,Black,2,32.13,15.82,48.44,paid,DE,online_store
#3932,2026-03-10 16:24:03,CUST-00010,jonas.klein876@example.com,Organic Cotton Tote,Cream,1,15.12,2.72,12.4,paid,,pos
#2341,2026-03-10 18:41:27,CUST-00470,julia.wolf419@example.com,Botanical Print A3,Olive,1,28.52,0.0,28.52,paid,DE,online_store
#4109,2026-03-11 12:22:54,CUST-00410,anna.neumann889@example.com,Aurora Ceramic Mug,White / 350ml,1,17.56,0.0,17.56,refunded,FR,online_store
#2695,2026-03-11 14:06:05,CUST-01119,clara.wagner110@example.com,Merino Wool Beanie,Black,2,32.4,0.0,64.8,refunded,DE,instagram
#1271,2026-03-11 15:05:56,CUST-01181,tom.koch850@example.com,Linen Throw Blanket,Rust,1,76.88,0.0,76.88,paid,CH,online_store
#1271,2026-03-11 15:05:56,CUST-01181,tom.koch850@example.com,Recycled Glass Vase,Smoke,1,41.44,0.0,41.44,paid,CH,online_store
#1437,2026-03-12 13:18:23,CUST-00134,clara.wolf851@example.com,Merino Wool Beanie,Black,1,31.66,0.0,31.66,paid,AT,online_store
#1437,2026-03-12 13:18:23,CUST-00134,clara.wolf851@example.com,Recycled Glass Vase,Smoke,1,41.18,0.0,41.18,paid,AT,online_store
#2663,2026-03-12 16:27:35,CUST-01070,jonas.hoffmann23@example.com,Aurora Ceramic Mug,Black / 350ml,1,17.88,2.08,15.8,paid,FR,online_store
#2533,2026-03-12 19:39:35,CUST-01106,tom.schwarz19@example.com,Organic Cotton Tote,Navy,1,15.25,0.0,15.25,paid,US,online_store
#3423,2026-03-13 09:21:07,CUST-00218,lena.koch742@example.com,Organic Cotton Tote,Navy,2,14.73,0.0,29.46,refunded,GB,online_store
#1882,2026-03-13 10:31:07,CUST-00909,liam.wolf992@example.com,Organic Cotton Tote,Cream,3,14.68,0.0,44.04,paid,US,online_store
#1882,2026-03-13 10:31:07,CUST-00909,liam.wolf992@example.com,Soy Wax Candle — Cedar,Single,1,23.7,0.0,23.7,paid,US,online_store
#1882,2026-03-13 10:31:07,CUST-00909,liam.wolf992@example.com,Soy Wax Candle — Cedar,Set of 3,1,23.49,0.0,23.49,paid,US,online_store
#1566,2026-03-13 11:28:49,CUST-00283,tom.krueger779@example.com,Merino Wool Beanie,Oat,1,31.13,0.0,31.13,paid,GB,online_store
#1752,2026-03-13 12:10:26,CUST-01344,anna.schmidt932@example.com,Aurora Ceramic Mug,Black / 350ml,1,17.7,0.0,17.7,paid,GB,online_store
#2379,2026-03-13 12:53:59,CUST-00961,felix.wolf823@example.com,Merino Wool Beanie,Forest,1,31.05,0.0,31.05,paid,US,online_store
#2379,2026-03-13 12:53:59,CUST-00961,felix.wolf823@example.com,Linen Throw Blanket,Charcoal,1,80.83,0.0,80.83,paid,US,online_store
#2379,2026-03-13 12:53:59,CUST-00961,felix.wolf823@example.com,Merino Wool Beanie,Forest,2,31.96,0.0,63.92,paid,US,online_store
#3467,2026-03-13 12:57:59,CUST-01649,anna.fischer681@example.com,Walnut Serving Board,Small,1,53.13,0.0,53.13,paid,GB,online_store
#3032,2026-03-13 13:11:22,CUST-01021,erik.hartmann20@example.com,Recycled Glass Vase,Smoke,1,41.48,8.27,33.21,paid,DE,online_store
#3032,2026-03-13 13:11:22,CUST-01021,erik.hartmann20@example.com,Walnut Serving Board,Small,1,52.97,9.78,43.19,paid,DE,online_store
#3032,2026-03-13 13:11:22,CUST-01021,erik.hartmann20@example.com,Merino Wool Beanie,Oat,1,31.48,6.79,24.69,paid,DE,online_store
#4406,2026-03-13 14:08:06,CUST-00473,liam.braun571@example.com,Walnut Serving Board,Large,1,52.99,0.0,52.99,paid,US,instagram
#1290,2026-03-13 14:36:16,CUST-01655,noah.becker282@example.com,Aurora Ceramic Mug,Black / 350ml,1,17.69,0.0,17.69,paid,FR,online_store
#4446,2026-03-13 18:29:50,CUST-00682,jonas.koch490@example.com,Botanical Print A3,Eucalyptus,1,27.9,0.0,27.9,paid,DE,online_store
#3403,2026-03-13 18:40:10,CUST-01081,liam.schwarz771@example.com,Stoneware Dinner Plate Set,Set of 4,1,96.22,0.0,96.22,paid,GB,instagram
#2874,2026-03-13 18:58:14,CUST-01066,anna.koch220@example.com,Brass Pour-Over Stand,Standard,2,66.56,0.0,133.12,refunded,US,online_store
#1202,2026-03-14 11:06:57,CUST-01469,ben.schwarz528@example.com,Aurora Ceramic Mug,Sage / 350ml,1,17.5,0.0,17.5,pending,US,instagram
#1202,2026-03-14 11:06:57,CUST-01469,ben.schwarz528@example.com,Aurora Ceramic Mug,Sage / 350ml,1,17.5,0.0,17.5,pending,US,instagram
#3747,2026-03-14 14:36:24,CUST-00789,emma.klein104@example.com,Linen Throw Blanket,Natural,1,80.6,0.0,80.6,refunded,GB,instagram
#1112,2026-03-14 14:44:12,CUST-01213,luis.weber181@example.com,Aurora Ceramic Mug,Black / 350ml,1,18.3,0.0,18.3,paid,DE,online_store
#1112,2026-03-14 14:44:12,CUST-01213,luis.weber181@example.com,Recycled Glass Vase,Amber,1,41.26,0.0,41.26,paid,DE,online_store
#2540,2026-03-14 18:25:47,CUST-00920,paul.wagner41@example.com,Stoneware Dinner Plate Set,Set of 6,1,98.4,22.2,76.2,paid,AT,instagram
#3912,2026-03-15 07:37:30,CUST-01331,sofia.hartmann286@example.com,Walnut Serving Board,Small,2,54.14,0.0,108.28,paid,DE,online_store
#2689,2026-03-15 11:30:46,CUST-01423,noah.hoffmann872@example.com,Merino Wool Beanie,Oat,3,31.72,0.0,95.16,paid,FR,online_store
#3503,2026-03-15 15:35:56,CUST-00046,liam.mueller949@example.com,Stoneware Dinner Plate Set,Set of 6,1,96.88,0.0,96.88,paid,FR,online_store
#3856,2026-03-16 09:49:49,CUST-00581,nina.richter527@example.com,Walnut Serving Board,Small,1,54.05,0.0,54.05,paid,CH,online_store
#1776,2026-03-16 13:18:30,CUST-00010,jonas.klein876@example.com,Soy Wax Candle — Cedar,Set of 3,1,24.38,0.0,24.38,refunded,DE,online_store
#2516,2026-03-16 14:51:25,CUST-00167,nina.mueller689@example.com,Aurora Ceramic Mug,Sage / 350ml,1,17.98,0.0,17.98,paid,NL,online_store
#3884,2026-03-16 17:14:30,CUST-00316,julia.wagner94@example.com,Organic Cotton Tote,Cream,1,14.59,0.0,14.59,PAID,AT,online_store
#3884,2026-03-16 17:14:30,CUST-00316,julia.wagner94@example.com,Walnut Serving Board,Large,1,53.68,0.0,53.68,paid,AT,online_store
#3884,2026-03-16 17:14:30,CUST-00316,julia.wagner94@example.com,Organic Cotton Tote,Navy,1,14.6,0.0,14.6,paid,AT,online_store
#3009,2026-03-16 18:00:53,CUST-01620,anna.schwarz758@example.com,Linen Throw Blanket,Charcoal,1,77.46,0.0,77.46,paid,NL,online_store
#3009,2026-03-16 18:00:53,CUST-01620,anna.schwarz758@example.com,Aurora Ceramic Mug,Black / 350ml,1,18.21,0.0,18.21,paid,NL,online_store
#1483,2026-03-17 07:48:31,CUST-00685,lena.weber882@example.com,Organic Cotton Tote,Navy,3,14.69,0.0,44.07,paid,US,online_store
#4038,2026-03-17 07:52:01,CUST-00228,ben.weber631@example.com,Soy Wax Candle — Cedar,Single,2,23.88,0.0,47.76,paid,US,pos
#4038,2026-03-17 07:52:01,CUST-00228,ben.weber631@example.com,Linen Throw Blanket,Charcoal,1,77.36,0.0,77.36,paid,US,pos
#1460,2026-03-17 13:44:18,CUST-00277,ben.weber604@example.com,Organic Cotton Tote,Navy,1,15.2,0.0,15.2,paid,US,online_store
#1460,2026-03-17 13:44:18,CUST-00277,ben.weber604@example.com,Organic Cotton Tote,Navy,1,14.74,0.0,14.74,paid,US,online_store
#2287,2026-03-17 14:48:37,CUST-01324,lena.hoffmann466@example.com,Botanical Print A3,Olive,3,28.4,0.0,85.2,paid,DE,online_store
#4305,2026-03-17 15:11:42,CUST-00528,laura.wolf390@example.com,Organic Cotton Tote,Cream,2,15.13,0.0,30.26,paid,NL,online_store
#4305,2026-03-17 15:11:42,CUST-00528,laura.wolf390@example.com,Organic Cotton Tote,Cream,2,15.13,0.0,30.26,paid,NL,online_store
#4305,2026-03-17 15:11:42,CUST-00528,laura.wolf390@example.com,Organic Cotton Tote,Cream,2,15.13,0.0,30.26,paid,NL,online_store
#2703,2026-03-17 15:27:19,CUST-00333,nina.wolf361@example.com,Organic Cotton Tote,Navy,1,14.79,0.0,14.79,paid,US,online_store
#1156,2026-03-17 15:36:27,CUST-00185,nina.hartmann458@example.com,Organic Cotton Tote,Navy,2,15.0,0.0,30.0,paid,US,online_store
#1156,2026-03-17 15:36:27,CUST-00185,nina.hartmann458@example.com,Organic Cotton Tote,Navy,2,15.11,0.0,30.22,paid,US,online_store
#1156,2026-03-17 15:36:27,CUST-00185,nina.hartmann458@example.com,Aurora Ceramic Mug,Black / 350ml,2,17.63,0.0,35.26,paid,US,online_store
#1728,2026-03-18 05:11:51,CUST-00013,mia.becker251@example.com,Linen Throw Blanket,Rust,3,80.85,0.0,242.55,paid,DE,online_store
#2987,2026-03-18 09:43:01,CUST-01022,luis.mueller105@example.com,Aurora Ceramic Mug,White / 350ml,1,18.44,0.0,18.44,PAID,DE,pos
#4241,2026-03-18 12:26:20,CUST-00798,felix.richter103@example.com,Merino Wool Beanie,Forest,1,32.32,0.0,32.32,paid,NL,online_store
#3712,2026-03-18 16:16:01,CUST-01178,anna.schwarz863@example.com,Aurora Ceramic Mug,Sage / 350ml,1,17.57,3.63,13.94,refunded,DE,online_store
#4101,2026-03-18 16:46:55,CUST-00519,mia.becker571@example.com,Botanical Print A3,Fern,3,27.56,0.0,82.68,paid,US,online_store
#3512,2026-03-18 17:14:15,CUST-01375,laura.koch95@example.com,Aurora Ceramic Mug,Black / 350ml,1,17.94,0.0,17.94,paid,DE,online_store
#3512,2026-03-18 17:14:15,CUST-01375,laura.koch95@example.com,Linen Throw Blanket,Rust,1,80.75,0.0,80.75,paid,DE,online_store
#2813,2026-03-18 17:27:22,CUST-00441,tom.wagner621@example.com,Stoneware Dinner Plate Set,Set of 4,1,97.98,0.0,97.98,paid,US,online_store
#2813,2026-03-18 17:27:22,CUST-00441,tom.wagner621@example.com,Walnut Serving Board,Small,1,53.41,0.0,53.41,paid,US,online_store
#4519,2026-03-18 19:58:35,CUST-01589,marie.wagner741@example.com,Walnut Serving Board,Small,1,54.86,0.0,54.86,paid,FR,instagram
#4502,2026-03-19 07:37:26,CUST-00734,clara.hartmann702@example.com,Merino Wool Beanie,Black,1,31.86,0.0,31.86,paid,DE,online_store
#1709,2026-03-19 15:57:49,CUST-01185,julia.klein147@example.com,Walnut Serving Board,Small,1,53.1,0.0,53.1,paid,FR,online_store
#4485,2026-03-19 16:48:53,CUST-01113,lena.hoffmann317@example.com,Soy Wax Candle — Cedar,Set of 3,1,24.63,0.0,24.63,paid,GB,online_store
#4485,2026-03-19 16:48:53,CUST-01113,lena.hoffmann317@example.com,Organic Cotton Tote,Navy,1,15.19,0.0,15.19,paid,GB,online_store
#3083,2026-03-19 18:50:32,CUST-00729,felix.neumann271@example.com,Walnut Serving Board,Large,1,53.42,0.0,53.42,paid,US,online_store
#2286,2026-03-20 09:38:55,CUST-01600,marie.weber801@example.com,Organic Cotton Tote,Cream,1,14.78,0.0,14.78,paid,GB,online_store
#2316,2026-03-20 11:53:56,CUST-01618,erik.krueger909@example.com,Organic Cotton Tote,Cream,2,14.64,0.0,29.28,paid,NL,online_store
#3981,2026-03-20 12:02:00,CUST-00748,emma.hartmann663@example.com,Stoneware Dinner Plate Set,Set of 4,1,96.14,0.0,96.14,paid,DE,online_store
#1136,2026-03-20 14:09:01,CUST-00941,max.richter407@example.com,Aurora Ceramic Mug,White / 350ml,1,18.42,0.0,18.42,paid,FR,online_store
#4392,2026-03-20 18:12:55,CUST-00454,ben.neumann392@example.com,Recycled Glass Vase,Amber,1,43.19,0.0,43.19,paid,US,online_store
#4392,2026-03-20 18:12:55,CUST-00454,ben.neumann392@example.com,Botanical Print A3,Eucalyptus,1,28.46,0.0,28.46,paid,US,online_store
#1707,2026-03-21 09:00:30,CUST-00381,laura.wagner528@example.com,Recycled Glass Vase,Amber,1,42.78,0.0,42.78,paid,GB,online_store
#1707,2026-03-21 09:00:30,CUST-00381,laura.wagner528@example.com,Walnut Serving Board,Large,1,54.07,0.0,54.07,paid,GB,online_store
#1707,2026-03-21 09:00:30,CUST-00381,laura.wagner528@example.com,Soy Wax Candle — Cedar,Set of 3,1,24.11,0.0,24.11,paid,GB,online_store
#2205,2026-03-21 12:42:09,CUST-00024,noah.richter349@example.com,Recycled Glass Vase,Smoke,1,42.22,0.0,42.22,paid,DE,online_store
#1518,2026-03-21 13:25:34,CUST-00162,lena.richter74@example.com,Soy Wax Candle — Cedar,Single,1,23.43,0.0,23.43,paid,DE,online_store
#1518,2026-03-21 13:25:34,CUST-00162,lena.richter74@example.com,Linen Throw Blanket,Natural,1,80.08,0.0,80.08,paid,DE,online_store
#1518,2026-03-21 13:25:34,CUST-00162,lena.richter74@example.com,Botanical Print A3,Olive,1,28.77,0.0,28.77,paid,DE,online_store
#2679,2026-03-21 13:30:28,CUST-01617,laura.krueger909@example.com,Recycled Glass Vase,Amber,1,42.08,0.0,42.08,paid,US,instagram
#2679,2026-03-21 13:30:28,CUST-01617,laura.krueger909@example.com,Soy Wax Candle — Cedar,Single,1,24.71,0.0,24.71,paid,US,instagram
#4223,2026-03-21 14:48:57,CUST-00521,erik.wolf13@example.com,Organic Cotton Tote,Navy,1,15.15,0.0,15.15,paid,DE,online_store
#4223,2026-03-21 14:48:57,CUST-00521,erik.wolf13@example.com,Recycled Glass Vase,Amber,1,41.92,0.0,41.92,paid,DE,online_store
#1955,2026-03-21 15:37:10,CUST-01074,sofia.fischer812@example.com,Aurora Ceramic Mug,White / 350ml,1,17.84,0.0,17.84,paid,US,pos
#1955,2026-03-21 15:37:10,CUST-01074,sofia.fischer812@example.com,Aurora Ceramic Mug,Black / 350ml,2,17.84,0.0,35.68,paid,US,pos
#2383,2026-03-21 15:37:20,CUST-00307,erik.becker45@example.com,Recycled Glass Vase,Smoke,1,41.91,0.0,41.91,paid,US,online_store
#1747,2026-03-21 15:53:23,CUST-01401,mia.hoffmann188@example.com,Soy Wax Candle — Cedar,Set of 3,1,24.33,0.0,24.33,paid,FR,online_store
#4454,2026-03-21 16:19:37,CUST-01518,sofia.braun812@example.com,Soy Wax Candle — Cedar,Set of 3,1,23.73,0.0,23.73,paid,DE,online_store
#2036,2026-03-21 17:53:08,CUST-00469,liam.neumann688@example.com,Aurora Ceramic Mug,White / 350ml,1,18.46,0.0,18.46,paid,US,online_store
#2077,2026-03-21 20:45:16,CUST-00112,tom.mueller306@example.com,Organic Cotton Tote,Cream,3,15.34,0.0,46.02,paid,FR,instagram
#1471,2026-03-21 21:23:03,CUST-01247,clara.mueller619@example.com,Aurora Ceramic Mug,Black / 350ml,2,17.95,0.0,35.9,paid,DE,online_store
#1471,2026-03-21 21:23:03,CUST-01247,clara.mueller619@example.com,Aurora Ceramic Mug,White / 350ml,1,17.93,0.0,17.93,paid,DE,online_store
#2818,2026-03-22 10:58:37,CUST-00555,erik.hoffmann440@example.com,Soy Wax Candle — Cedar,Set of 3,2,24.12,0.0,48.24,paid,US,online_store
#2818,2026-03-22 10:58:37,CUST-00555,erik.hoffmann440@example.com,Linen Throw Blanket,Natural,1,80.5,0.0,80.5,paid,US,online_store
#4401,2026-03-22 12:13:44,CUST-00386,julia.krueger316@example.com,Organic Cotton Tote,Cream,3,15.31,0.0,45.93,paid,US,pos
#1641,2026-03-22 12:17:31,CUST-00454,ben.neumann392@example.com,Walnut Serving Board,Large,1,54.1,9.7,44.4,paid,US,instagram
#2468,2026-03-22 16:35:39,CUST-00272,julia.neumann883@example.com,Merino Wool Beanie,Forest,1,31.07,0.0,31.07,paid,FR,pos
#2468,2026-03-22 16:35:39,CUST-00272,julia.neumann883@example.com,Organic Cotton Tote,Navy,1,15.12,0.0,15.12,paid,FR,pos
#3926,2026-03-22 16:51:39,CUST-00831,nina.weber462@example.com,Soy Wax Candle — Cedar,Single,1,24.61,0.0,24.61,paid,US,online_store
#4207,2026-03-22 17:08:38,CUST-00782,sofia.becker941@example.com,Brass Pour-Over Stand,Standard,3,68.65,0.0,205.95,paid,NL,online_store
#4371,2026-03-22 17:47:41,CUST-00487,laura.koch671@example.com,Botanical Print A3,Olive,1,28.39,5.48,22.91,paid,AT,online_store
#4371,2026-03-22 17:47:41,CUST-00487,laura.koch671@example.com,Soy Wax Candle — Cedar,Single,2,24.21,10.32,38.1,paid,AT,online_store
#4436,2026-03-22 19:47:13,CUST-01211,anna.koch686@example.com,Linen Throw Blanket,Natural,2,79.57,30.69,128.45,paid,DE,online_store
#4436,2026-03-22 19:47:13,CUST-01211,anna.koch686@example.com,Aurora Ceramic Mug,Black / 350ml,1,17.69,1.81,15.88,paid,DE,online_store
#2139,2026-03-23 07:11:48,CUST-01069,julia.wagner310@example.com,Soy Wax Candle — Cedar,Set of 3,1,24.3,0.0,24.3,paid,DE,instagram
#2139,2026-03-23 07:11:48,CUST-01069,julia.wagner310@example.com,Recycled Glass Vase,Smoke,1,43.05,0.0,43.05,paid,DE,instagram
#1204,2026-03-23 09:51:50,CUST-00280,julia.hoffmann358@example.com,Merino Wool Beanie,Forest,2,31.73,0.0,63.46,paid,US,online_store
#1647,2026-03-23 11:18:06,CUST-00655,marie.richter93@example.com,Aurora Ceramic Mug,White / 350ml,1,17.75,0.0,17.75,paid,DE,online_store
#2374,2026-03-23 13:14:02,CUST-00334,paul.krueger491@example.com,Recycled Glass Vase,Smoke,1,41.82,0.0,41.82,paid,GB,instagram
#4499,2026-03-23 14:51:33,CUST-00291,noah.wolf87@example.com,Organic Cotton Tote,Cream,1,15.07,0.0,15.07,pending,US,instagram
#3830,2026-03-23 14:56:32,CUST-00269,laura.schmidt309@example.com,Merino Wool Beanie,Forest,1,32.4,0.0,32.4,paid,AT,online_store
#3830,2026-03-23 14:56:32,CUST-00269,laura.schmidt309@example.com,Organic Cotton Tote,Cream,1,15.44,0.0,15.44,paid,AT,online_store
#3830,2026-03-23 14:56:32,CUST-00269,laura.schmidt309@example.com,Linen Throw Blanket,Charcoal,1,79.35,0.0,79.35,paid,AT,online_store
#3364,2026-03-23 17:05:13,CUST-01090,felix.becker632@example.com,Soy Wax Candle — Cedar,Set of 3,1,24.69,0.0,24.69,paid,NL,online_store
#3731,2026-03-23 21:09:08,CUST-01595,max.becker881@example.com,Merino Wool Beanie,Forest,1,32.1,0.0,32.1,paid,AT,online_store
#3294,2026-03-23 21:47:03,CUST-01653,mia.hoffmann555@example.com,Walnut Serving Board,Large,1,54.24,0.0,54.24,paid,GB,online_store
#4013,2026-03-23 23:10:31,CUST-00811,julia.koch686@example.com,Recycled Glass Vase,Amber,1,42.63,0.0,42.63,paid,NL,online_store
#1074,2026-03-24 14:18:53,CUST-00322,emma.fischer221@example.com,Merino Wool Beanie,Forest,2,31.11,0.0,62.22,paid,NL,online_store
#1796,2026-03-24 15:10:15,CUST-00041,ben.krueger56@example.com,Organic Cotton Tote,Cream,2,15.27,6.76,23.78,paid,GB,online_store
#1796,2026-03-24 15:10:15,CUST-00041,ben.krueger56@example.com,Organic Cotton Tote,Cream,1,15.2,3.7,11.5,paid,GB,online_store
#4113,2026-03-24 16:13:35,CUST-01639,luis.neumann122@example.com,Merino Wool Beanie,Black,1,31.79,4.67,27.12,paid,GB,instagram
#3415,2026-03-24 21:14:09,CUST-00417,marie.richter220@example.com,Merino Wool Beanie,Forest,1,32.15,0.0,32.15,paid,DE,online_store
#4144,2026-03-24 22:13:08,CUST-00321,tom.wagner481@example.com,Linen Throw Blanket,Charcoal,1,76.89,0.0,76.89,paid,US,online_store
#4144,2026-03-24 22:13:08,CUST-00321,tom.wagner481@example.com,Recycled Glass Vase,Amber,1,42.1,0.0,42.1,paid,US,online_store
#4144,2026-03-24 22:13:08,CUST-00321,tom.wagner481@example.com,Botanical Print A3,Fern,1,28.65,0.0,28.65,paid,US,online_store
#3973,2026-03-25 12:46:50,CUST-00633,emma.koch373@example.com,Organic Cotton Tote,Cream,1,15.2,0.0,15.2,paid,US,online_store
#2270,2026-03-25 13:11:45,CUST-00272,julia.neumann883@example.com,Walnut Serving Board,Small,1,52.7,0.0,52.7,paid,FR,instagram
#2387,2026-03-25 14:30:26,CUST-01381,max.klein896@example.com,Soy Wax Candle — Cedar,Set of 3,2,23.8,0.0,47.6,refunded,GB,online_store
#2938,2026-03-26 12:11:18,CUST-01405,felix.neumann422@example.com,Merino Wool Beanie,Oat,1,31.76,0.0,31.76,paid,US,online_store
#4230,2026-03-27 12:20:05,CUST-01082,julia.fischer297@example.com,Organic Cotton Tote,Cream,1,15.32,0.0,15.32,paid,FR,online_store
#1643,2026-03-27 18:16:53,CUST-00693,erik.koch107@example.com,Organic Cotton Tote,Cream,1,14.98,0.0,14.98,paid,AT,online_store
#1643,2026-03-27 18:16:53,CUST-00693,erik.koch107@example.com,Merino Wool Beanie,Forest,1,31.55,0.0,31.55,paid,AT,online_store
#2634,2026-03-28 13:26:22,CUST-01324,lena.hoffmann466@example.com,Aurora Ceramic Mug,Sage / 350ml,2,18.26,0.0,36.52,paid,DE,instagram
#2634,2026-03-28 13:26:22,CUST-01324,lena.hoffmann466@example.com,Organic Cotton Tote,Cream,1,15.15,0.0,15.15,paid,DE,instagram
#4029,2026-03-28 13:39:45,CUST-00733,max.mueller813@example.com,Stoneware Dinner Plate Set,Set of 4,2,95.35,21.68,169.02,paid,DE,online_store
#4029,2026-03-28 13:39:45,CUST-00733,max.mueller813@example.com,Linen Throw Blanket,Charcoal,1,80.68,16.55,64.13,paid,DE,online_store
#3845,2026-03-28 14:49:42,CUST-00589,mia.krueger715@example.com,Soy Wax Candle — Cedar,Single,2,23.46,0.0,46.92,paid,US,online_store
#3928,2026-03-28 15:22:55,CUST-00153,felix.fischer122@example.com,Soy Wax Candle — Cedar,Single,2,24.65,0.0,49.3,paid,US,online_store
#2066,2026-03-28 15:30:38,CUST-00776,max.mueller776@example.com,Merino Wool Beanie,Oat,1,31.56,0.0,31.56,paid,NL,pos
#2066,2026-03-28 15:30:38,CUST-00776,max.mueller776@example.com,Soy Wax Candle — Cedar,Single,1,24.16,0.0,24.16,paid,NL,pos
#4252,2026-03-28 16:56:53,CUST-00507,sofia.wagner730@example.com,Aurora Ceramic Mug,Sage / 350ml,1,18.05,2.32,15.73,paid,NL,online_store
#4252,2026-03-28 16:56:53,CUST-00507,sofia.wagner730@example.com,Merino Wool Beanie,Forest,1,31.07,6.14,24.93,paid,NL,online_store
#4252,2026-03-28 16:56:53,CUST-00507,sofia.wagner730@example.com,Soy Wax Candle — Cedar,Set of 3,1,23.38,5.5,17.88,paid,NL,online_store
#3704,2026-03-28 17:00:06,CUST-01235,liam.hartmann116@example.com,Soy Wax Candle — Cedar,Single,1,23.8,0.0,23.8,paid,GB,online_store
#3704,2026-03-28 17:00:06,CUST-01235,liam.hartmann116@example.com,Walnut Serving Board,Large,1,55.28,0.0,55.28,paid,GB,online_store
#3704,2026-03-28 17:00:06,CUST-01235,liam.hartmann116@example.com,Soy Wax Candle — Cedar,Set of 3,1,23.36,0.0,23.36,paid,GB,online_store
#2783,2026-03-28 19:05:17,CUST-01090,felix.becker632@example.com,Aurora Ceramic Mug,Sage / 350ml,1,18.17,0.0,18.17,paid,NL,online_store
#2783,2026-03-28 19:05:17,CUST-01090,felix.becker632@example.com,Walnut Serving Board,Large,1,53.68,0.0,53.68,paid,NL,online_store
#3407,2026-03-29 06:53:18,CUST-00467,julia.koch282@example.com,Aurora Ceramic Mug,Sage / 350ml,1,17.62,0.0,17.62,paid,DE,online_store
#3407,2026-03-29 06:53:18,CUST-00467,julia.koch282@example.com,Organic Cotton Tote,Navy,1,15.42,0.0,15.42,paid,DE,online_store
#4086,2026-03-29 09:03:06,CUST-00430,tom.wagner480@example.com,Soy Wax Candle — Cedar,Single,1,24.68,0.0,24.68,paid,DE,online_store
#2545,2026-03-29 10:13:03,CUST-01350,ben.richter382@example.com,Merino Wool Beanie,Oat,1,32.74,0.0,32.74,paid,US,online_store
#2545,2026-03-29 10:13:03,CUST-01350,ben.richter382@example.com,Aurora Ceramic Mug,White / 350ml,1,17.91,0.0,17.91,paid,US,online_store
#2545,2026-03-29 10:13:03,CUST-01350,ben.richter382@example.com,Merino Wool Beanie,Oat,1,32.74,0.0,32.74,paid,US,online_store
#4104,2026-03-29 12:00:36,CUST-00015,jonas.wolf795@example.com,Soy Wax Candle — Cedar,Single,1,24.34,0.0,24.34,refunded,DE,online_store
#3295,2026-03-29 12:30:22,CUST-01469,ben.schwarz528@example.com,Organic Cotton Tote,Navy,1,14.98,0.0,14.98,paid,US,online_store
#3295,2026-03-29 12:30:22,CUST-01469,ben.schwarz528@example.com,Soy Wax Candle — Cedar,Set of 3,1,24.19,0.0,24.19,paid,US,online_store
#1599,2026-03-29 13:15:40,CUST-01594,sofia.schmidt368@example.com,Merino Wool Beanie,Black,2,32.09,0.0,64.18,paid,AT,online_store
#1599,2026-03-29 13:15:40,CUST-01594,sofia.schmidt368@example.com,Linen Throw Blanket,Natural,2,78.24,0.0,156.48,paid,AT,online_store
#4000,2026-03-29 17:30:36,CUST-01143,paul.wolf676@example.com,Linen Throw Blanket,Rust,1,79.32,0.0,79.32,paid,NL,online_store
#1036,2026-03-29 18:38:31,CUST-00037,jonas.fischer881@example.com,Soy Wax Candle — Cedar,Single,1,23.81,0.0,23.81,paid,DE,online_store
#1036,2026-03-29 18:38:31,CUST-00037,jonas.fischer881@example.com,Organic Cotton Tote,Navy,1,15.32,0.0,15.32,paid,DE,online_store
#1761,2026-03-29 18:58:15,CUST-00208,felix.mueller675@example.com,Walnut Serving Board,Large,1,52.94,0.0,52.94,paid,US,online_store
#1761,2026-03-29 18:58:15,CUST-00208,felix.mueller675@example.com,Merino Wool Beanie,Black,1,31.95,0.0,31.95,paid,US,online_store
#1965,2026-03-29 19:27:12,CUST-00264,erik.fischer160@example.com,Walnut Serving Board,Small,1,54.84,0.0,54.84,paid,DE,online_store
#3608,2026-03-29 23:54:36,CUST-00756,liam.schwarz698@example.com,Soy Wax Candle — Cedar,Set of 3,1,24.44,0.0,24.44,paid,DE,pos
#3608,2026-03-29 23:54:36,CUST-00756,liam.schwarz698@example.com,Aurora Ceramic Mug,White / 350ml,3,17.62,0.0,52.86,paid,DE,pos
#1724,2026-03-30 03:04:31,CUST-00312,julia.braun837@example.com,Aurora Ceramic Mug,White / 350ml,1,17.66,0.0,17.66,paid,DE,online_store
#1762,2026-03-30 10:50:53,CUST-00329,max.fischer558@example.com,Soy Wax Candle — Cedar,Set of 3,1,23.85,5.63,18.22,paid,US,online_store
#1762,2026-03-30 10:50:53,CUST-00329,max.fischer558@example.com,Soy Wax Candle — Cedar,Set of 3,1,23.85,5.63,18.22,paid,US,online_store
#1522,2026-03-30 12:00:26,CUST-00162,lena.richter74@example.com,Merino Wool Beanie,Black,1,31.83,0.0,31.83,paid,DE,online_store
#1225,2026-03-30 14:27:56,CUST-00426,liam.becker858@example.com,Merino Wool Beanie,Forest,1,32.85,0.0,32.85,paid,DE,online_store
#1225,2026-03-30 14:27:56,CUST-00426,liam.becker858@example.com,Merino Wool Beanie,Forest,1,32.85,0.0,32.85,paid,DE,online_store
#1938,2026-03-30 14:41:56,CUST-00785,liam.schwarz262@example.com,Recycled Glass Vase,Smoke,1,41.47,0.0,41.47,paid,FR,online_store
#1938,2026-03-30 14:41:56,CUST-00785,liam.schwarz262@example.com,Aurora Ceramic Mug,Black / 350ml,1,17.71,0.0,17.71,paid,FR,online_store
#1938,2026-03-30 14:41:56,CUST-00785,liam.schwarz262@example.com,Merino Wool Beanie,Forest,1,31.24,0.0,31.24,paid,FR,online_store
#1587,2026-03-30 16:28:14,CUST-01239,mia.klein926@example.com,Aurora Ceramic Mug,Black / 350ml,1,18.05,0.0,18.05,paid,,pos
#1841,2026-03-30 16:47:15,CUST-00625,paul.weber141@example.com,Recycled Glass Vase,Amber,1,42.34,7.18,35.16,refunded,FR,online_store
#1841,2026-03-30 16:47:15,CUST-00625,paul.weber141@example.com,Organic Cotton Tote,Cream,1,14.79,2.9,11.89,refunded,FR,online_store
#1841,2026-03-30 16:47:15,CUST-00625,paul.weber141@example.com,Botanical Print A3,Fern,1,28.09,5.81,22.28,refunded,FR,online_store
#1841,2026-03-30 16:47:15,CUST-00625,paul.weber141@example.com,Organic Cotton Tote,Cream,1,14.79,2.9,11.89,refunded,FR,online_store
#4099,2026-03-31 10:24:54,CUST-01517,sofia.hoffmann290@example.com,Organic Cotton Tote,Cream,1,15.4,0.0,15.4,paid,FR,online_store
#4099,2026-03-31 10:24:54,CUST-01517,sofia.hoffmann290@example.com,Soy Wax Candle — Cedar,Set of 3,2,23.48,0.0,46.96,paid,FR,online_store
#4064,2026-03-31 11:32:42,CUST-00484,tom.wolf380@example.com,Linen Throw Blanket,Charcoal,2,78.31,0.0,156.62,paid,DE,online_store
#4064,2026-03-31 11:32:42,CUST-00484,tom.wolf380@example.com,Linen Throw Blanket,Rust,1,79.24,0.0,79.24,paid,DE,online_store
#1937,2026-03-31 12:11:30,CUST-00310,tom.hoffmann970@example.com,Aurora Ceramic Mug,White / 350ml,2,17.62,0.0,35.24,paid,GB,online_store
#1937,2026-03-31 12:11:30,CUST-00310,tom.hoffmann970@example.com,Linen Throw Blanket,Charcoal,1,76.99,0.0,76.99,paid,,online_store
#1554,2026-03-31 15:03:43,CUST-01117,emma.wolf424@example.com,Linen Throw Blanket,Charcoal,1,80.26,0.0,80.26,paid,CH,online_store
#1554,2026-03-31 15:03:43,CUST-01117,emma.wolf424@example.com,Botanical Print A3,Olive,1,28.04,0.0,28.04,paid,CH,online_store
#2103,2026-03-31 15:18:59,CUST-01109,laura.mueller972@example.com,Organic Cotton Tote,Cream,1,14.82,0.0,14.82,PAID,DE,pos
#2350,2026-03-31 17:53:21,CUST-00125,noah.mueller590@example.com,Organic Cotton Tote,Navy,1,14.89,1.64,13.25,paid,GB,instagram
#1648,2026-03-31 18:48:20,CUST-00691,emma.schwarz790@example.com,Soy Wax Candle — Cedar,Single,1,24.16,0.0,24.16,paid,CH,online_store
#1648,2026-03-31 18:48:20,CUST-00691,emma.schwarz790@example.com,Walnut Serving Board,Large,1,55.05,0.0,55.05,paid,CH,online_store
#2338,2026-03-31 19:30:21,CUST-00203,marie.richter683@example.com,Merino Wool Beanie,Black,1,32.4,0.0,32.4,paid,DE,online_store
#2959,2026-03-31 20:24:40,CUST-00218,lena.koch742@example.com,Aurora Ceramic Mug,White / 350ml,1,18.41,0.0,18.41,paid,GB,pos
#1227,2026-03-31 21:24:48,CUST-01660,felix.wagner787@example.com,Organic Cotton Tote,Navy,1,15.04,0.0,15.04,refunded,DE,online_store
#1693,2026-04-01 10:02:27,CUST-00684,anna.schmidt601@example.com,Merino Wool Beanie,Black,1,31.75,7.31,24.44,paid,FR,pos
#1576,2026-04-01 11:10:30,CUST-01230,ben.krueger713@example.com,Merino Wool Beanie,Oat,1,32.96,0.0,32.96,paid,GB,online_store
#2357,2026-04-01 12:53:22,CUST-00779,nina.klein844@example.com,Stoneware Dinner Plate Set,Set of 6,1,98.29,0.0,98.29,paid,DE,online_store
#2357,2026-04-01 12:53:22,CUST-00779,nina.klein844@example.com,Soy Wax Candle — Cedar,Single,1,23.45,0.0,23.45,paid,DE,online_store
#2887,2026-04-01 14:23:53,CUST-00808,erik.mueller902@example.com,Organic Cotton Tote,Navy,1,14.7,0.0,14.7,paid,NL,online_store
#1577,2026-04-01 15:04:05,CUST-01090,felix.becker632@example.com,Aurora Ceramic Mug,Sage / 350ml,1,18.03,0.0,18.03,refunded,NL,instagram
#2264,2026-04-01 15:28:52,CUST-00253,luis.wolf421@example.com,Soy Wax Candle — Cedar,Single,1,24.09,0.0,24.09,paid,US,pos
#4026,2026-04-01 15:39:54,CUST-00491,liam.schmidt77@example.com,Aurora Ceramic Mug,White / 350ml,1,17.74,0.0,,refunded,AT,online_store
#2307,2026-04-01 16:06:43,CUST-01481,clara.becker44@example.com,Soy Wax Candle — Cedar,Set of 3,1,23.96,0.0,23.96,paid,CH,online_store
#2307,2026-04-01 16:06:43,CUST-01481,clara.becker44@example.com,Aurora Ceramic Mug,Sage / 350ml,2,18.01,0.0,36.02,paid,CH,online_store
#3993,2026-04-01 16:08:34,CUST-00700,noah.hartmann592@example.com,Walnut Serving Board,Small,1,54.25,0.0,54.25,paid,GB,draft_order
#1889,2026-04-01 17:17:34,CUST-00407,erik.hartmann754@example.com,Aurora Ceramic Mug,Black / 350ml,1,18.03,0.0,18.03,refunded,FR,online_store
#3563,2026-04-01 18:17:31,CUST-00911,laura.neumann920@example.com,Aurora Ceramic Mug,Sage / 350ml,2,18.41,0.0,36.82,paid,NL,draft_order
#2335,2026-04-02 11:09:37,CUST-01491,ben.hartmann987@example.com,Merino Wool Beanie,Black,1,32.78,0.0,32.78,paid,DE,online_store
#2644,2026-04-02 12:16:58,CUST-00793,sofia.neumann303@example.com,Organic Cotton Tote,Cream,2,15.19,0.0,30.38,paid,DE,online_store
#2644,2026-04-02 12:16:58,CUST-00793,sofia.neumann303@example.com,Aurora Ceramic Mug,Sage / 350ml,1,18.08,0.0,18.08,paid,DE,online_store
#2644,2026-04-02 12:16:58,CUST-00793,sofia.neumann303@example.com,Recycled Glass Vase,Amber,1,41.84,0.0,41.84,paid,DE,online_store
#2220,2026-04-02 14:02:31,CUST-00415,laura.neumann824@example.com,Soy Wax Candle — Cedar,Single,2,23.87,0.0,47.74,paid,DE,online_store
#2220,2026-04-02 14:02:31,CUST-00415,laura.neumann824@example.com,Botanical Print A3,Eucalyptus,2,28.23,0.0,56.46,paid,DE,online_store
#2220,2026-04-02 14:02:31,CUST-00415,laura.neumann824@example.com,Aurora Ceramic Mug,White / 350ml,1,18.42,0.0,18.42,paid,DE,online_store
#4011,2026-04-02 16:17:32,CUST-01397,julia.mueller167@example.com,Soy Wax Candle — Cedar,Set of 3,1,24.02,3.86,20.16,paid,GB,online_store
#2412,2026-04-02 16:39:58,CUST-00914,tom.mueller143@example.com,Stoneware Dinner Plate Set,Set of 6,1,95.83,0.0,95.83,refunded,US,instagram
#2498,2026-04-02 20:29:28,CUST-01154,ben.becker292@example.com,Organic Cotton Tote,Navy,1,14.57,1.98,12.59,paid,GB,online_store
#3092,2026-04-03 07:44:42,CUST-01613,lena.schmidt731@example.com,Merino Wool Beanie,Black,1,32.91,0.0,32.91,paid,FR,online_store
#3652,2026-04-03 09:05:28,CUST-00703,anna.becker165@example.com,Organic Cotton Tote,Navy,3,15.45,10.13,36.22,paid,FR,online_store
#3652,2026-04-03 09:05:28,CUST-00703,anna.becker165@example.com,Organic Cotton Tote,Cream,1,14.99,2.94,12.05,paid,FR,online_store
#3652,2026-04-03 09:05:28,CUST-00703,anna.becker165@example.com,Soy Wax Candle — Cedar,Set of 3,1,23.43,5.22,18.21,paid,FR,online_store
#4298,2026-04-03 09:27:01,CUST-01499,anna.braun281@example.com,Aurora Ceramic Mug,Sage / 350ml,1,18.15,0.0,18.15,paid,NL,instagram
#4298,2026-04-03 09:27:01,CUST-01499,anna.braun281@example.com,Brass Pour-Over Stand,Standard,1,65.99,0.0,65.99,paid,NL,instagram
#1638,2026-04-03 17:16:29,CUST-00686,mia.neumann679@example.com,Organic Cotton Tote,Navy,1,14.57,0.0,14.57,paid,US,online_store
#1351,2026-04-03 19:40:06,CUST-01438,laura.hartmann151@example.com,Organic Cotton Tote,Cream,2,15.43,0.0,30.86,paid,FR,online_store
#1351,2026-04-03 19:40:06,CUST-01438,laura.hartmann151@example.com,Soy Wax Candle — Cedar,Set of 3,1,24.31,0.0,24.31,paid,FR,online_store
#2754,2026-04-04 07:36:50,CUST-01309,marie.braun179@example.com,Aurora Ceramic Mug,White / 350ml,1,17.66,0.0,17.66,paid,GB,online_store
#2754,2026-04-04 07:36:50,CUST-01309,marie.braun179@example.com,Soy Wax Candle — Cedar,Set of 3,1,23.58,0.0,23.58,paid,GB,online_store
#3659,2026-04-04 11:01:21,CUST-00407,erik.hartmann754@example.com,Aurora Ceramic Mug,Black / 350ml,1,17.79,0.0,17.79,paid,FR,online_store
#3659,2026-04-04 11:01:21,CUST-00407,erik.hartmann754@example.com,Merino Wool Beanie,Oat,1,31.68,0.0,31.68,paid,FR,online_store
#4025,2026-04-04 12:01:11,CUST-00792,sofia.hoffmann852@example.com,Organic Cotton Tote,Cream,1,15.25,0.0,15.25,pending,US,instagram
#3861,2026-04-04 14:07:57,CUST-00189,laura.schwarz812@example.com,Botanical Print A3,Eucalyptus,1,28.17,0.0,28.17,paid,NL,pos
#3843,2026-04-04 14:10:21,CUST-01156,liam.fischer331@example.com,Organic Cotton Tote,Cream,1,15.0,0.0,15.0,paid,US,online_store
#1013,2026-04-04 15:21:53,CUST-00078,laura.schmidt228@example.com,Walnut Serving Board,Small,1,54.26,0.0,54.26,refunded,DE,online_store
#1013,2026-04-04 15:21:53,CUST-00078,laura.schmidt228@example.com,Recycled Glass Vase,Smoke,3,43.05,0.0,129.15,refunded,DE,online_store
#2492,2026-04-04 16:50:27,CUST-00979,noah.krueger9@example.com,Linen Throw Blanket,Natural,1,78.4,18.54,59.86,paid,DE,instagram
#1774,2026-04-04 18:59:13,CUST-01575,jonas.braun879@example.com,Aurora Ceramic Mug,White / 350ml,1,17.82,0.0,17.82,paid,FR,online_store
#1774,2026-04-04 18:59:13,CUST-01575,jonas.braun879@example.com,Aurora Ceramic Mug,Sage / 350ml,1,18.01,0.0,18.01,paid,FR,online_store
#1987,2026-04-04 23:52:34,CUST-01557,julia.wolf693@example.com,Merino Wool Beanie,Forest,1,32.58,0.0,32.58,paid,DE,online_store
#1654,2026-04-05 12:24:36,CUST-00127,jonas.weber309@example.com,Aurora Ceramic Mug,White / 350ml,2,18.19,6.86,29.52,paid,NL,online_store
#2368,2026-04-05 12:51:39,CUST-01438,laura.hartmann151@example.com,Stoneware Dinner Plate Set,Set of 4,2,97.15,0.0,194.3,paid,FR,online_store
#2368,2026-04-05 12:51:39,CUST-01438,laura.hartmann151@example.com,Soy Wax Candle — Cedar,Set of 3,1,24.46,0.0,24.46,paid,FR,online_store
#3903,2026-04-05 14:12:14,CUST-01336,noah.krueger86@example.com,Soy Wax Candle — Cedar,Set of 3,1,24.68,2.84,21.84,paid,US,online_store
#2824,2026-04-05 14:13:15,CUST-01650,laura.koch348@example.com,Botanical Print A3,Fern,1,27.89,0.0,27.89,paid,US,online_store
#2078,2026-04-05 14:47:13,CUST-00742,sofia.richter476@example.com,Organic Cotton Tote,Navy,1,15.01,0.0,15.01,paid,US,online_store
#1877,2026-04-05 15:00:16,CUST-01381,max.klein896@example.com,Organic Cotton Tote,Navy,1,14.58,2.13,12.45,paid,GB,online_store
#3269,2026-04-05 15:27:22,CUST-00469,liam.neumann688@example.com,Aurora Ceramic Mug,Black / 350ml,2,17.73,0.0,35.46,paid,,online_store
#3269,2026-04-05 15:27:22,CUST-00469,liam.neumann688@example.com,Soy Wax Candle — Cedar,Set of 3,1,24.42,0.0,24.42,paid,US,online_store
#3269,2026-04-05 15:27:22,CUST-00469,liam.neumann688@example.com,Soy Wax Candle — Cedar,Set of 3,1,24.05,0.0,24.05,paid,US,online_store
#2686,2026-04-05 15:29:01,CUST-00144,clara.koch198@example.com,Soy Wax Candle — Cedar,Set of 3,1,24.34,0.0,24.34,paid,DE,instagram
#2686,2026-04-05 15:29:01,CUST-00144,clara.koch198@example.com,Walnut Serving Board,Small,2,54.7,0.0,109.4,paid,DE,instagram
#1512,2026-04-05 15:38:33,CUST-00892,max.wolf173@example.com,Recycled Glass Vase,Amber,1,42.31,0.0,42.31,paid,DE,online_store
#3775,2026-04-05 16:42:46,CUST-01452,erik.neumann292@example.com,Aurora Ceramic Mug,White / 350ml,1,17.49,0.0,17.49,paid,DE,online_store
#4009,2026-04-05 18:34:35,CUST-00565,paul.becker144@example.com,Stoneware Dinner Plate Set,Set of 6,1,95.99,0.0,95.99,paid,DE,pos
#3986,2026-04-05 18:51:55,CUST-01637,marie.wagner526@example.com,Linen Throw Blanket,Charcoal,1,78.14,0.0,78.14,paid,NL,online_store
#3986,2026-04-05 18:51:55,CUST-01637,marie.wagner526@example.com,Organic Cotton Tote,Navy,1,15.33,0.0,15.33,paid,NL,online_store
#1908,2026-04-05 19:38:47,CUST-01229,tom.braun140@example.com,Soy Wax Candle — Cedar,Single,1,24.43,4.8,19.63,paid,DE,online_store
#1908,2026-04-05 19:38:47,CUST-01229,tom.braun140@example.com,Soy Wax Candle — Cedar,Single,1,24.43,4.8,19.63,paid,DE,online_store
#2258,2026-04-05 20:24:20,CUST-00588,max.krueger336@example.com,Aurora Ceramic Mug,White / 350ml,1,18.06,0.0,18.06,paid,GB,draft_order
#3172,2026-04-06 03:26:01,CUST-00908,max.schwarz466@example.com,Soy Wax Candle — Cedar,Set of 3,1,24.21,0.0,24.21,paid,AT,online_store
#3172,2026-04-06 03:26:01,CUST-00908,max.schwarz466@example.com,Aurora Ceramic Mug,Black / 350ml,3,18.17,0.0,54.51,paid,AT,online_store
#3172,2026-04-06 03:26:01,CUST-00908,max.schwarz466@example.com,Merino Wool Beanie,Oat,1,32.19,0.0,32.19,paid,AT,online_store
#3165,2026-04-06 13:16:30,CUST-00760,luis.hartmann688@example.com,Organic Cotton Tote,Navy,1,14.95,0.0,14.95,paid,US,online_store
#2726,2026-04-06 13:52:21,CUST-00212,lena.weber662@example.com,Linen Throw Blanket,Rust,1,77.25,0.0,77.25,paid,DE,online_store
#2726,2026-04-06 13:52:21,CUST-00212,lena.weber662@example.com,Merino Wool Beanie,Oat,1,31.81,0.0,31.81,PAID,DE,online_store
#4357,2026-04-06 15:01:13,CUST-01499,anna.braun281@example.com,Aurora Ceramic Mug,Black / 350ml,1,18.35,0.0,18.35,paid,NL,instagram
#4377,2026-04-06 15:59:01,CUST-00415,laura.neumann824@example.com,Organic Cotton Tote,Navy,2,15.08,6.65,23.51,paid,DE,online_store
#1667,2026-04-06 17:15:44,CUST-01557,julia.wolf693@example.com,Soy Wax Candle — Cedar,Set of 3,1,23.61,0.0,23.61,paid,DE,pos
#3786,2026-04-06 17:57:59,CUST-00410,anna.neumann889@example.com,Soy Wax Candle — Cedar,Single,1,24.13,0.0,24.13,paid,FR,online_store
#3786,2026-04-06 17:57:59,CUST-00410,anna.neumann889@example.com,Soy Wax Candle — Cedar,Single,1,23.41,0.0,23.41,paid,FR,online_store
#2916,2026-04-07 05:32:57,CUST-01472,marie.richter546@example.com,Walnut Serving Board,Small,1,54.13,8.43,45.7,paid,NL,online_store
#4191,2026-04-07 09:27:28,CUST-00096,felix.koch151@example.com,Aurora Ceramic Mug,Sage / 350ml,1,17.82,3.41,14.41,paid,DE,online_store
#4320,2026-04-07 12:52:16,CUST-00411,clara.hartmann253@example.com,Aurora Ceramic Mug,White / 350ml,1,17.64,3.82,13.82,paid,DE,online_store
#1931,2026-04-07 13:24:03,CUST-00228,ben.weber631@example.com,Soy Wax Candle — Cedar,Set of 3,1,23.93,0.0,23.93,paid,US,online_store
#2157,2026-04-07 14:11:53,CUST-00802,erik.richter96@example.com,Aurora Ceramic Mug,Sage / 350ml,3,17.69,0.0,53.07,paid,US,instagram
#2948,2026-04-07 14:35:58,CUST-00352,mia.wagner408@example.com,Linen Throw Blanket,Rust,1,80.87,18.4,62.47,paid,DE,online_store
#2329,2026-04-07 17:51:25,CUST-01125,emma.richter228@example.com,Merino Wool Beanie,Forest,1,32.91,6.18,26.73,paid,FR,online_store
#1829,2026-04-07 18:18:53,CUST-00733,max.mueller813@example.com,Merino Wool Beanie,Black,1,31.77,0.0,31.77,paid,,draft_order
#1073,2026-04-07 18:23:51,CUST-01102,laura.koch521@example.com,Soy Wax Candle — Cedar,Single,1,23.94,0.0,23.94,paid,CH,instagram
#1946,2026-04-07 21:01:10,CUST-00070,noah.fischer708@example.com,Merino Wool Beanie,Forest,1,32.52,0.0,32.52,paid,AT,online_store
#1946,2026-04-07 21:01:10,CUST-00070,noah.fischer708@example.com,Walnut Serving Board,Small,1,55.44,0.0,55.44,paid,AT,online_store
#3570,2026-04-08 04:59:09,CUST-01078,noah.koch870@example.com,Walnut Serving Board,Large,1,53.65,0.0,53.65,paid,GB,online_store
#4301,2026-04-08 09:59:41,CUST-01087,jonas.fischer441@example.com,Botanical Print A3,Eucalyptus,1,28.29,0.0,28.29,paid,DE,online_store
#1950,2026-04-08 16:25:58,CUST-00230,jonas.neumann703@example.com,Recycled Glass Vase,Amber,1,42.37,0.0,42.37,paid,US,online_store
#1921,2026-04-08 18:47:56,CUST-01581,ben.braun755@example.com,Soy Wax Candle — Cedar,Set of 3,1,23.38,0.0,23.38,paid,GB,online_store
#2699,2026-04-08 21:02:06,CUST-00120,luis.schmidt359@example.com,Soy Wax Candle — Cedar,Set of 3,1,23.57,0.0,23.57,paid,DE,online_store
#3709,2026-04-09 09:02:16,CUST-01128,jonas.braun43@example.com,Recycled Glass Vase,Smoke,1,42.08,10.44,31.64,paid,GB,online_store
#3992,2026-04-09 09:18:02,CUST-01155,erik.becker768@example.com,Aurora Ceramic Mug,White / 350ml,1,18.32,0.0,18.32,paid,GB,online_store
#3569,2026-04-09 11:35:03,CUST-00708,luis.richter305@example.com,Walnut Serving Board,Large,1,55.04,0.0,55.04,paid,DE,instagram
#3412,2026-04-09 12:10:27,CUST-00811,julia.koch686@example.com,Linen Throw Blanket,Natural,1,79.18,0.0,79.18,paid,NL,online_store
#3458,2026-04-09 12:21:12,CUST-00017,nina.wolf512@example.com,Linen Throw Blanket,Rust,1,79.29,0.0,79.29,paid,US,online_store
#3327,2026-04-09 15:14:01,CUST-01236,mia.wagner540@example.com,Stoneware Dinner Plate Set,Set of 6,1,97.2,0.0,,paid,CH,online_store
#2296,2026-04-09 17:09:28,CUST-00872,anna.schmidt56@example.com,Linen Throw Blanket,Rust,1,79.68,0.0,79.68,refunded,DE,online_store
#1605,2026-04-09 23:17:54,CUST-00208,felix.mueller675@example.com,Aurora Ceramic Mug,Sage / 350ml,1,17.87,0.0,17.87,paid,US,pos
#1605,2026-04-09 23:17:54,CUST-00208,felix.mueller675@example.com,Recycled Glass Vase,Smoke,2,41.05,0.0,82.1,paid,US,pos
#1605,2026-04-09 23:17:54,CUST-00208,felix.mueller675@example.com,Aurora Ceramic Mug,Sage / 350ml,1,17.87,0.0,17.87,paid,US,pos
#4425,2026-04-10 10:51:34,CUST-00809,lena.hartmann116@example.com,Merino Wool Beanie,Oat,1,32.83,0.0,32.83,paid,AT,online_store
#4425,2026-04-10 10:51:34,CUST-00809,lena.hartmann116@example.com,Soy Wax Candle — Cedar,Single,3,23.4,0.0,70.2,paid,AT,online_store
#4425,2026-04-10 10:51:34,CUST-00809,lena.hartmann116@example.com,Recycled Glass Vase,Smoke,1,41.7,0.0,41.7,paid,AT,online_store
#3729,2026-04-10 12:39:39,CUST-00594,emma.weber162@example.com,Soy Wax Candle — Cedar,Single,1,23.34,0.0,23.34,paid,US,online_store
#1206,2026-04-10 12:51:04,CUST-00696,anna.krueger215@example.com,Organic Cotton Tote,Navy,1,14.6,0.0,14.6,paid,DE,online_store
#1206,2026-04-10 12:51:04,CUST-00696,anna.krueger215@example.com,Aurora Ceramic Mug,Black / 350ml,1,18.35,0.0,18.35,paid,DE,online_store
#1206,2026-04-10 12:51:04,CUST-00696,anna.krueger215@example.com,Organic Cotton Tote,Navy,1,14.6,0.0,14.6,paid,DE,online_store
#1432,2026-04-10 15:39:03,CUST-01422,felix.becker551@example.com,Walnut Serving Board,Large,1,53.0,0.0,53.0,paid,DE,draft_order
#1432,2026-04-10 15:39:03,CUST-01422,felix.becker551@example.com,Aurora Ceramic Mug,Black / 350ml,1,17.86,0.0,17.86,paid,DE,draft_order
#1432,2026-04-10 15:39:03,CUST-01422,felix.becker551@example.com,Aurora Ceramic Mug,White / 350ml,1,17.48,0.0,17.48,PAID,DE,draft_order
#4421,2026-04-10 17:41:49,CUST-01517,sofia.hoffmann290@example.com,Soy Wax Candle — Cedar,Single,1,23.6,0.0,23.6,paid,FR,online_store
#3540,2026-04-10 18:09:52,CUST-01641,julia.wagner313@example.com,Aurora Ceramic Mug,Black / 350ml,2,17.65,0.0,35.3,paid,CH,online_store
#2881,2026-04-10 20:21:29,CUST-01074,sofia.fischer812@example.com,Aurora Ceramic Mug,Black / 350ml,1,17.83,0.0,17.83,paid,US,pos
#1780,2026-04-10 20:39:18,CUST-01532,tom.wagner946@example.com,Soy Wax Candle — Cedar,Set of 3,2,23.88,0.0,47.76,paid,GB,online_store
#3377,2026-04-11 09:41:46,CUST-00023,julia.richter882@example.com,Soy Wax Candle — Cedar,Single,2,24.31,0.0,48.62,paid,AT,online_store
#1864,2026-04-11 13:34:38,CUST-00671,luis.mueller801@example.com,Soy Wax Candle — Cedar,Set of 3,1,23.82,0.0,23.82,paid,FR,instagram
#3656,2026-04-11 14:07:00,CUST-00365,lena.wolf461@example.com,Linen Throw Blanket,Rust,1,76.68,0.0,76.68,paid,US,online_store
#3656,2026-04-11 14:07:00,CUST-00365,lena.wolf461@example.com,Aurora Ceramic Mug,Black / 350ml,1,18.08,0.0,18.08,paid,US,online_store
#2963,2026-04-11 15:32:07,CUST-01506,jonas.wagner703@example.com,Soy Wax Candle — Cedar,Set of 3,1,24.16,0.0,24.16,paid,US,online_store
#2059,2026-04-11 17:12:25,CUST-01334,liam.schmidt752@example.com,Aurora Ceramic Mug,Black / 350ml,1,17.47,0.0,17.47,paid,FR,online_store
#3739,2026-04-11 17:21:17,CUST-01015,felix.koch562@example.com,Stoneware Dinner Plate Set,Set of 4,1,95.77,0.0,95.77,paid,US,pos
#2772,2026-04-11 18:41:57,CUST-00103,luis.wolf913@example.com,Aurora Ceramic Mug,Black / 350ml,1,17.77,0.0,17.77,paid,US,online_store
#2772,2026-04-11 18:41:57,CUST-00103,luis.wolf913@example.com,Aurora Ceramic Mug,Black / 350ml,1,17.77,0.0,17.77,paid,US,online_store
#1505,2026-04-11 18:46:21,CUST-00252,noah.neumann570@example.com,Linen Throw Blanket,Rust,1,77.1,0.0,77.1,paid,DE,online_store
#2978,2026-04-11 19:22:37,CUST-00451,sofia.fischer353@example.com,Soy Wax Candle — Cedar,Set of 3,1,23.63,0.0,23.63,paid,FR,online_store
#2978,2026-04-11 19:22:37,CUST-00451,sofia.fischer353@example.com,Linen Throw Blanket,Charcoal,1,81.11,0.0,81.11,paid,FR,online_store
#2978,2026-04-11 19:22:37,CUST-00451,sofia.fischer353@example.com,Aurora Ceramic Mug,Black / 350ml,1,17.94,0.0,17.94,paid,FR,online_store
#2333,2026-04-12 07:48:20,CUST-01197,laura.becker913@example.com,Walnut Serving Board,Large,2,54.75,0.0,109.5,paid,GB,online_store
#2333,2026-04-12 07:48:20,CUST-01197,laura.becker913@example.com,Recycled Glass Vase,Amber,1,41.85,0.0,41.85,paid,GB,online_store
#2333,2026-04-12 07:48:20,CUST-01197,laura.becker913@example.com,Linen Throw Blanket,Rust,1,80.81,0.0,80.81,paid,GB,online_store
#2384,2026-04-12 09:00:24,CUST-00418,luis.richter713@example.com,Walnut Serving Board,Small,1,53.14,0.0,53.14,paid,DE,online_store
#2384,2026-04-12 09:00:24,CUST-00418,luis.richter713@example.com,Recycled Glass Vase,Amber,1,41.93,0.0,41.93,paid,DE,online_store
#2384,2026-04-12 09:00:24,CUST-00418,luis.richter713@example.com,Stoneware Dinner Plate Set,Set of 6,1,94.42,0.0,94.42,paid,DE,online_store
#2384,2026-04-12 09:00:24,CUST-00418,luis.richter713@example.com,Recycled Glass Vase,Amber,1,41.93,0.0,41.93,paid,DE,online_store
#3018,2026-04-12 09:28:26,CUST-01388,paul.krueger774@example.com,Botanical Print A3,Fern,1,28.11,0.0,28.11,paid,AT,online_store
#3018,2026-04-12 09:28:26,CUST-01388,paul.krueger774@example.com,Recycled Glass Vase,Amber,1,42.53,0.0,42.53,paid,AT,online_store
#3375,2026-04-12 10:13:44,CUST-01192,clara.weber638@example.com,Aurora Ceramic Mug,Sage / 350ml,1,18.15,2.07,16.08,paid,US,online_store
#1268,2026-04-12 10:17:54,CUST-00284,nina.wolf643@example.com,Soy Wax Candle — Cedar,Set of 3,1,24.58,0.0,24.58,paid,DE,online_store
#3866,2026-04-12 15:28:40,CUST-01345,liam.weber477@example.com,Organic Cotton Tote,Cream,1,14.59,0.0,14.59,paid,GB,online_store
#3866,2026-04-12 15:28:40,CUST-01345,liam.weber477@example.com,Merino Wool Beanie,Oat,1,32.18,0.0,32.18,paid,GB,online_store
#1732,2026-04-12 16:04:35,CUST-01631,max.krueger729@example.com,Linen Throw Blanket,Charcoal,1,78.2,0.0,78.2,paid,US,online_store
#3673,2026-04-12 18:04:17,CUST-00255,noah.hoffmann494@example.com,Aurora Ceramic Mug,Sage / 350ml,1,17.7,0.0,17.7,pending,DE,online_store
#1454,2026-04-12 19:09:55,CUST-01247,clara.mueller619@example.com,Walnut Serving Board,Large,2,55.06,0.0,110.12,paid,DE,online_store
#1454,2026-04-12 19:09:55,CUST-01247,clara.mueller619@example.com,Soy Wax Candle — Cedar,Set of 3,1,23.9,0.0,23.9,paid,DE,online_store
#1454,2026-04-12 19:09:55,CUST-01247,clara.mueller619@example.com,Walnut Serving Board,Large,1,52.47,0.0,52.47,paid,DE,online_store
#1219,2026-04-12 19:36:46,CUST-00906,liam.koch238@example.com,Botanical Print A3,Olive,1,27.19,0.0,27.19,paid,DE,online_store
#3322,2026-04-13 05:34:02,CUST-00208,felix.mueller675@example.com,Merino Wool Beanie,Black,1,31.13,0.0,31.13,paid,US,online_store
#1589,2026-04-13 06:33:49,CUST-01334,liam.schmidt752@example.com,Aurora Ceramic Mug,White / 350ml,1,17.64,0.0,17.64,PAID,FR,pos
#2664,2026-04-13 11:03:18,CUST-00557,mia.weber550@example.com,Linen Throw Blanket,Charcoal,1,79.09,12.71,66.38,paid,DE,online_store
#3411,2026-04-13 16:16:59,CUST-01000,max.krueger189@example.com,Recycled Glass Vase,Smoke,1,41.56,0.0,41.56,refunded,NL,online_store
#2397,2026-04-13 19:40:28,CUST-00864,erik.koch699@example.com,Aurora Ceramic Mug,Black / 350ml,1,18.42,0.0,18.42,paid,AT,online_store
#2297,2026-04-13 19:45:31,CUST-00735,jonas.wagner762@example.com,Soy Wax Candle — Cedar,Single,2,24.36,0.0,48.72,paid,US,online_store
#2297,2026-04-13 19:45:31,CUST-00735,jonas.wagner762@example.com,Aurora Ceramic Mug,White / 350ml,1,18.19,0.0,18.19,paid,US,online_store
#1670,2026-04-14 10:39:27,CUST-00680,nina.wagner193@example.com,Merino Wool Beanie,Forest,2,31.64,0.0,63.28,paid,NL,online_store
#1897,2026-04-14 12:03:06,CUST-00087,sofia.neumann972@example.com,Brass Pour-Over Stand,Standard,1,68.03,0.0,68.03,paid,GB,online_store
#1897,2026-04-14 12:03:06,CUST-00087,sofia.neumann972@example.com,Organic Cotton Tote,Navy,1,15.01,0.0,15.01,paid,GB,online_store
#4202,2026-04-14 12:38:10,CUST-01159,anna.braun713@example.com,Merino Wool Beanie,Oat,2,31.86,0.0,63.72,paid,DE,draft_order
#4202,2026-04-14 12:38:10,CUST-01159,anna.braun713@example.com,Linen Throw Blanket,Natural,1,77.16,0.0,77.16,paid,DE,draft_order
#3020,2026-04-14 13:04:46,CUST-01470,luis.becker643@example.com,Aurora Ceramic Mug,White / 350ml,1,18.41,0.0,18.41,paid,FR,pos
#1217,2026-04-14 14:13:24,CUST-00264,erik.fischer160@example.com,Soy Wax Candle — Cedar,Set of 3,1,24.16,0.0,24.16,paid,DE,online_store
#1687,2026-04-14 19:24:45,CUST-00373,erik.wolf578@example.com,Walnut Serving Board,Small,1,54.22,0.0,54.22,paid,DE,online_store
#1687,2026-04-14 19:24:45,CUST-00373,erik.wolf578@example.com,Aurora Ceramic Mug,Sage / 350ml,1,17.58,0.0,17.58,paid,DE,online_store
#1717,2026-04-14 22:22:51,CUST-01069,julia.wagner310@example.com,Aurora Ceramic Mug,Black / 350ml,1,18.49,0.0,18.49,paid,DE,online_store
#3636,2026-04-15 09:30:54,CUST-00147,jonas.neumann15@example.com,Soy Wax Candle — Cedar,Set of 3,1,23.89,3.56,20.33,paid,FR,online_store
#3561,2026-04-15 09:56:05,CUST-01018,jonas.richter761@example.com,Soy Wax Candle — Cedar,Single,1,24.09,0.0,24.09,paid,US,instagram
#4359,2026-04-15 12:48:10,CUST-00550,marie.wolf46@example.com,Soy Wax Candle — Cedar,Set of 3,1,23.57,0.0,23.57,paid,NL,instagram
#2004,2026-04-15 14:25:35,CUST-00830,anna.weber48@example.com,Organic Cotton Tote,Cream,1,14.77,0.0,14.77,paid,AT,online_store
#3820,2026-04-15 17:04:06,CUST-00583,liam.richter130@example.com,Soy Wax Candle — Cedar,Single,1,23.28,0.0,,paid,FR,online_store
#2779,2026-04-15 18:11:55,CUST-00014,laura.richter656@example.com,Recycled Glass Vase,Amber,1,42.2,0.0,42.2,paid,GB,online_store
#3395,2026-04-15 19:53:21,CUST-00327,lena.klein630@example.com,Soy Wax Candle — Cedar,Single,1,24.54,0.0,24.54,paid,US,instagram
#4516,2026-04-15 20:11:17,CUST-00334,paul.krueger491@example.com,Botanical Print A3,Eucalyptus,2,28.34,0.0,56.68,paid,GB,online_store
#1733,2026-04-16 07:08:10,CUST-01177,max.fischer288@example.com,Soy Wax Candle — Cedar,Single,1,24.61,0.0,24.61,paid,NL,online_store
#3668,2026-04-16 15:22:42,CUST-01560,felix.wagner701@example.com,Aurora Ceramic Mug,Sage / 350ml,1,17.77,0.0,17.77,paid,AT,online_store
#4179,2026-04-16 15:33:56,CUST-00187,anna.hoffmann245@example.com,Stoneware Dinner Plate Set,Set of 4,1,95.3,0.0,95.3,paid,GB,instagram
#2064,2026-04-16 15:46:04,CUST-00724,erik.richter745@example.com,Merino Wool Beanie,Black,1,32.8,0.0,32.8,paid,AT,draft_order
#3916,2026-04-16 17:23:25,CUST-01125,emma.richter228@example.com,Linen Throw Blanket,Charcoal,1,79.15,0.0,79.15,paid,FR,online_store
#3916,2026-04-16 17:23:25,CUST-01125,emma.richter228@example.com,Soy Wax Candle — Cedar,Single,2,23.46,0.0,46.92,paid,FR,online_store
#3945,2026-04-16 17:24:28,CUST-01417,noah.hoffmann205@example.com,Recycled Glass Vase,Smoke,3,42.15,16.49,109.96,paid,DE,online_store
#1330,2026-04-16 17:54:47,CUST-00306,lena.schwarz186@example.com,Walnut Serving Board,Small,1,55.52,0.0,55.52,paid,NL,online_store
#4486,2026-04-17 09:10:51,CUST-00156,erik.schmidt758@example.com,Soy Wax Candle — Cedar,Single,2,24.65,0.0,49.3,paid,DE,online_store
#2649,2026-04-17 12:27:00,CUST-01517,sofia.hoffmann290@example.com,Soy Wax Candle — Cedar,Single,1,24.6,0.0,24.6,paid,FR,online_store
#2449,2026-04-17 15:23:02,CUST-00334,paul.krueger491@example.com,Brass Pour-Over Stand,Standard,1,68.36,0.0,68.36,paid,GB,online_store
#2449,2026-04-17 15:23:02,CUST-00334,paul.krueger491@example.com,Soy Wax Candle — Cedar,Single,2,24.41,0.0,48.82,paid,GB,online_store
#3880,2026-04-17 17:41:24,CUST-00278,mia.schwarz764@example.com,Aurora Ceramic Mug,White / 350ml,1,18.07,0.0,18.07,paid,DE,online_store
#3880,2026-04-17 17:41:24,CUST-00278,mia.schwarz764@example.com,Linen Throw Blanket,Rust,1,77.68,0.0,77.68,paid,DE,online_store
#3000,2026-04-17 19:48:35,CUST-01234,clara.braun591@example.com,Soy Wax Candle — Cedar,Single,2,23.84,11.46,36.22,paid,US,online_store
#3000,2026-04-17 19:48:35,CUST-01234,clara.braun591@example.com,Aurora Ceramic Mug,Black / 350ml,1,18.26,2.13,16.13,paid,US,online_store
#2553,2026-04-17 23:29:01,CUST-01069,julia.wagner310@example.com,Linen Throw Blanket,Natural,1,77.25,0.0,77.25,paid,DE,online_store
#1799,2026-04-18 08:30:40,CUST-00208,felix.mueller675@example.com,Aurora Ceramic Mug,Sage / 350ml,1,17.89,0.0,17.89,paid,US,online_store
#1799,2026-04-18 08:30:40,CUST-00208,felix.mueller675@example.com,Botanical Print A3,Olive,1,27.59,0.0,27.59,paid,US,online_store
#1799,2026-04-18 08:30:40,CUST-00208,felix.mueller675@example.com,Recycled Glass Vase,Amber,1,41.11,0.0,41.11,paid,US,online_store
#3289,2026-04-18 10:08:17,CUST-00787,emma.schmidt427@example.com,Soy Wax Candle — Cedar,Set of 3,2,23.9,0.0,47.8,pending,US,online_store
#1117,2026-04-18 11:52:28,CUST-00328,nina.braun685@example.com,Aurora Ceramic Mug,Black / 350ml,1,18.24,0.0,18.24,paid,,online_store
#2658,2026-04-18 11:55:49,CUST-01334,liam.schmidt752@example.com,Merino Wool Beanie,Forest,1,32.82,0.0,32.82,pending,FR,online_store
#2345,2026-04-18 12:50:56,CUST-00843,felix.braun536@example.com,Linen Throw Blanket,Natural,1,77.79,0.0,77.79,paid,DE,online_store
#2345,2026-04-18 12:50:56,CUST-00843,felix.braun536@example.com,Soy Wax Candle — Cedar,Set of 3,2,23.34,0.0,46.68,paid,DE,online_store
#4102,2026-04-18 13:38:51,CUST-01015,felix.koch562@example.com,Organic Cotton Tote,Cream,1,15.15,0.0,15.15,paid,US,online_store
#1223,2026-04-18 13:41:02,CUST-00263,max.klein796@example.com,Linen Throw Blanket,Charcoal,3,81.33,0.0,243.99,paid,AT,online_store
#1867,2026-04-18 14:17:29,CUST-00171,noah.becker711@example.com,Aurora Ceramic Mug,Black / 350ml,1,18.32,0.0,18.32,paid,US,instagram
#1869,2026-04-18 15:54:45,CUST-00353,clara.koch27@example.com,Merino Wool Beanie,Oat,1,31.55,0.0,31.55,paid,FR,instagram
#2289,2026-04-18 17:03:05,CUST-01397,julia.mueller167@example.com,Linen Throw Blanket,Charcoal,1,81.14,0.0,81.14,paid,GB,online_store
#2289,2026-04-18 17:03:05,CUST-01397,julia.mueller167@example.com,Organic Cotton Tote,Navy,1,14.9,0.0,14.9,paid,GB,online_store
#4312,2026-04-18 18:30:15,CUST-00577,jonas.hoffmann603@example.com,Linen Throw Blanket,Rust,1,79.5,0.0,79.5,paid,GB,online_store
#3778,2026-04-18 20:55:13,CUST-00357,paul.krueger830@example.com,Aurora Ceramic Mug,White / 350ml,2,18.05,0.0,36.1,paid,GB,online_store
#3750,2026-04-18 22:58:32,CUST-00902,felix.wagner523@example.com,Soy Wax Candle — Cedar,Set of 3,1,24.39,0.0,24.39,paid,DE,instagram
#3622,2026-04-19 11:04:35,CUST-00690,laura.klein302@example.com,Soy Wax Candle — Cedar,Single,1,24.36,0.0,24.36,paid,DE,instagram
#3066,2026-04-19 12:35:00,CUST-00179,mia.koch935@example.com,Aurora Ceramic Mug,Sage / 350ml,1,17.52,0.0,17.52,paid,DE,instagram
#3061,2026-04-19 16:58:04,CUST-00678,paul.becker326@example.com,Linen Throw Blanket,Charcoal,1,77.55,0.0,77.55,paid,NL,online_store
#3061,2026-04-19 16:58:04,CUST-00678,paul.becker326@example.com,Linen Throw Blanket,Charcoal,1,77.55,0.0,77.55,paid,NL,online_store
#4295,2026-04-19 17:57:41,CUST-00024,noah.richter349@example.com,Merino Wool Beanie,Black,1,32.88,0.0,32.88,pending,DE,online_store
#2739,2026-04-19 19:18:35,CUST-01381,max.klein896@example.com,Recycled Glass Vase,Smoke,1,41.07,0.0,41.07,paid,GB,online_store
#2739,2026-04-19 19:18:35,CUST-01381,max.klein896@example.com,Merino Wool Beanie,Forest,1,32.31,0.0,32.31,paid,GB,online_store
#3934,2026-04-20 09:08:06,CUST-00657,mia.koch406@example.com,Soy Wax Candle — Cedar,Set of 3,1,24.02,0.0,24.02,refunded,US,online_store
#3934,2026-04-20 09:08:06,CUST-00657,mia.koch406@example.com,Soy Wax Candle — Cedar,Set of 3,1,24.26,0.0,24.26,refunded,US,online_store
#1060,2026-04-20 09:10:53,CUST-00674,emma.richter484@example.com,Walnut Serving Board,Small,1,54.82,0.0,54.82,paid,US,online_store
#1756,2026-04-20 10:52:09,CUST-00329,max.fischer558@example.com,Soy Wax Candle — Cedar,Single,1,23.95,0.0,23.95,paid,US,online_store
#2027,2026-04-20 11:26:08,CUST-01449,laura.hartmann583@example.com,Aurora Ceramic Mug,Sage / 350ml,1,17.47,0.0,17.47,PAID,GB,online_store
#3904,2026-04-20 14:07:59,CUST-00120,luis.schmidt359@example.com,Linen Throw Blanket,Natural,1,79.52,0.0,79.52,paid,DE,instagram
#2875,2026-04-20 14:18:38,CUST-01444,tom.hartmann556@example.com,Botanical Print A3,Eucalyptus,2,27.91,0.0,55.82,paid,US,pos
#2875,2026-04-20 14:18:38,CUST-01444,tom.hartmann556@example.com,Recycled Glass Vase,Smoke,1,42.99,0.0,42.99,paid,US,pos
#1241,2026-04-20 22:47:13,CUST-00008,noah.schwarz301@example.com,Soy Wax Candle — Cedar,Single,1,23.83,0.0,23.83,paid,NL,online_store
#4520,2026-04-21 07:01:16,CUST-01088,nina.fischer424@example.com,Botanical Print A3,Eucalyptus,1,28.2,0.0,28.2,paid,US,instagram
#1978,2026-04-21 11:16:57,CUST-00657,mia.koch406@example.com,Organic Cotton Tote,Cream,2,15.42,0.0,30.84,paid,US,online_store
#4277,2026-04-21 14:24:52,CUST-01546,marie.wolf752@example.com,Linen Throw Blanket,Natural,1,78.82,0.0,78.82,paid,AT,online_store
#3769,2026-04-21 15:27:52,CUST-01177,max.fischer288@example.com,Aurora Ceramic Mug,White / 350ml,1,18.5,0.0,18.5,paid,NL,draft_order
#3769,2026-04-21 15:27:52,CUST-01177,max.fischer288@example.com,Walnut Serving Board,Small,3,52.68,0.0,158.04,paid,NL,draft_order
#3769,2026-04-21 15:27:52,CUST-01177,max.fischer288@example.com,Soy Wax Candle — Cedar,Single,1,24.57,0.0,24.57,paid,NL,draft_order
#3643,2026-04-21 16:01:47,CUST-00671,luis.mueller801@example.com,Organic Cotton Tote,Cream,1,14.99,0.0,14.99,paid,FR,online_store
#4208,2026-04-21 16:09:45,CUST-00228,ben.weber631@example.com,Linen Throw Blanket,Natural,1,79.06,0.0,79.06,paid,US,pos
#4208,2026-04-21 16:09:45,CUST-00228,ben.weber631@example.com,Botanical Print A3,Fern,1,27.58,0.0,27.58,paid,US,pos
#4208,2026-04-21 16:09:45,CUST-00228,ben.weber631@example.com,Organic Cotton Tote,Navy,1,14.67,0.0,14.67,paid,US,pos
#2823,2026-04-21 16:57:10,CUST-00701,jonas.becker819@example.com,Merino Wool Beanie,Black,1,31.21,0.0,31.21,paid,NL,online_store
#2674,2026-04-21 17:28:11,CUST-00165,erik.schmidt753@example.com,Soy Wax Candle — Cedar,Single,1,23.61,3.07,20.54,paid,DE,draft_order
#2416,2026-04-21 17:40:04,CUST-00840,max.wagner666@example.com,Walnut Serving Board,Large,3,53.26,0.0,159.78,paid,CH,online_store
#3273,2026-04-21 18:06:40,CUST-00060,mia.hoffmann136@example.com,Aurora Ceramic Mug,White / 350ml,1,17.97,0.0,17.97,paid,AT,draft_order
#3004,2026-04-21 18:37:31,CUST-00880,laura.klein148@example.com,Botanical Print A3,Fern,1,27.3,0.0,27.3,paid,DE,online_store
#3004,2026-04-21 18:37:31,CUST-00880,laura.klein148@example.com,Botanical Print A3,Fern,1,27.3,0.0,27.3,paid,DE,online_store
#2599,2026-04-21 19:10:25,CUST-01228,lena.mueller17@example.com,Soy Wax Candle — Cedar,Set of 3,1,23.65,0.0,23.65,paid,DE,online_store
#1012,2026-04-22 07:51:01,CUST-01650,laura.koch348@example.com,Linen Throw Blanket,Natural,1,79.59,0.0,79.59,refunded,US,online_store
#1012,2026-04-22 07:51:01,CUST-01650,laura.koch348@example.com,Soy Wax Candle — Cedar,Set of 3,1,24.44,0.0,24.44,refunded,US,online_store
#3383,2026-04-22 11:06:54,CUST-00747,sofia.richter526@example.com,Aurora Ceramic Mug,Sage / 350ml,1,18.0,2.95,15.05,paid,DE,online_store
#3287,2026-04-22 22:01:15,CUST-00654,luis.neumann213@example.com,Recycled Glass Vase,Smoke,1,42.95,0.0,42.95,paid,US,online_store
#3522,2026-04-22 23:09:01,CUST-01496,laura.mueller403@example.com,Botanical Print A3,Fern,2,28.65,0.0,57.3,paid,AT,online_store
#3522,2026-04-22 23:09:01,CUST-01496,laura.mueller403@example.com,Botanical Print A3,Fern,1,27.78,0.0,27.78,paid,AT,online_store
#3135,2026-04-23 10:36:39,CUST-01461,noah.hartmann692@example.com,Stoneware Dinner Plate Set,Set of 4,2,97.7,0.0,195.4,paid,DE,online_store
#2888,2026-04-23 11:40:04,CUST-00369,anna.koch964@example.com,Linen Throw Blanket,Natural,1,79.34,0.0,79.34,paid,US,instagram
#2719,2026-04-23 13:13:36,CUST-00167,nina.mueller689@example.com,Organic Cotton Tote,Cream,1,15.15,0.0,15.15,paid,NL,online_store
#4283,2026-04-23 13:33:18,CUST-01029,laura.krueger35@example.com,Aurora Ceramic Mug,Sage / 350ml,1,18.31,3.1,15.21,paid,DE,online_store
#4283,2026-04-23 13:33:18,CUST-01029,laura.krueger35@example.com,Organic Cotton Tote,Navy,1,15.31,1.71,13.6,paid,DE,online_store
#2181,2026-04-23 15:53:03,CUST-01492,lena.neumann377@example.com,Soy Wax Candle — Cedar,Single,1,24.67,0.0,24.67,paid,NL,instagram
#2809,2026-04-23 15:53:56,CUST-00853,marie.becker77@example.com,Botanical Print A3,Olive,1,28.38,0.0,28.38,paid,DE,online_store
#2809,2026-04-23 15:53:56,CUST-00853,marie.becker77@example.com,Botanical Print A3,Fern,2,27.82,0.0,55.64,paid,DE,online_store
#2809,2026-04-23 15:53:56,CUST-00853,marie.becker77@example.com,Recycled Glass Vase,Amber,1,40.95,0.0,40.95,paid,DE,online_store
#2821,2026-04-23 16:16:08,CUST-00667,clara.richter153@example.com,Botanical Print A3,Olive,1,28.64,0.0,28.64,paid,DE,online_store
#2821,2026-04-23 16:16:08,CUST-00667,clara.richter153@example.com,Aurora Ceramic Mug,Sage / 350ml,1,18.14,0.0,18.14,paid,DE,online_store
#3078,2026-04-23 17:25:02,CUST-00840,max.wagner666@example.com,Merino Wool Beanie,Oat,2,31.6,0.0,63.2,paid,CH,online_store
#1820,2026-04-23 18:32:39,CUST-01496,laura.mueller403@example.com,Soy Wax Candle — Cedar,Set of 3,1,24.19,0.0,24.19,paid,AT,online_store
#1820,2026-04-23 18:32:39,CUST-01496,laura.mueller403@example.com,Recycled Glass Vase,Amber,1,41.89,0.0,41.89,paid,AT,online_store
#3343,2026-04-23 19:05:38,CUST-01324,lena.hoffmann466@example.com,Brass Pour-Over Stand,Standard,1,68.1,16.23,51.87,paid,DE,online_store
#1263,2026-04-23 20:40:53,CUST-00416,liam.klein81@example.com,Linen Throw Blanket,Rust,1,80.89,0.0,80.89,paid,US,online_store
#4178,2026-04-24 14:59:40,CUST-01604,max.wolf126@example.com,Walnut Serving Board,Small,1,54.35,0.0,54.35,paid,NL,online_store
#1803,2026-04-24 15:11:11,CUST-00195,luis.schwarz642@example.com,Organic Cotton Tote,Navy,1,14.87,0.0,14.87,paid,FR,online_store
#1499,2026-04-24 15:17:58,CUST-00294,ben.wolf54@example.com,Soy Wax Candle — Cedar,Single,1,23.77,0.0,23.77,paid,FR,online_store
#2489,2026-04-24 16:19:44,CUST-00857,anna.schmidt641@example.com,Brass Pour-Over Stand,Standard,1,67.67,0.0,67.67,paid,GB,online_store
#2735,2026-04-24 18:32:36,CUST-00189,laura.schwarz812@example.com,Soy Wax Candle — Cedar,Set of 3,1,24.5,0.0,24.5,paid,NL,online_store
#3328,2026-04-25 07:24:17,CUST-00899,nina.schwarz218@example.com,Soy Wax Candle — Cedar,Single,1,24.16,0.0,24.16,paid,AT,pos
#1808,2026-04-25 10:22:34,CUST-00126,laura.schwarz204@example.com,Botanical Print A3,Eucalyptus,1,27.64,0.0,27.64,paid,DE,instagram
#2743,2026-04-25 12:11:07,CUST-00671,luis.mueller801@example.com,Botanical Print A3,Olive,2,27.86,0.0,55.72,paid,FR,online_store
#2743,2026-04-25 12:11:07,CUST-00671,luis.mueller801@example.com,Stoneware Dinner Plate Set,Set of 6,1,97.85,0.0,97.85,paid,FR,online_store
#2743,2026-04-25 12:11:07,CUST-00671,luis.mueller801@example.com,Brass Pour-Over Stand,Standard,1,67.19,0.0,67.19,paid,,online_store
#4281,2026-04-25 12:11:41,CUST-00994,paul.klein690@example.com,Botanical Print A3,Olive,1,27.9,0.0,27.9,refunded,US,instagram
#2871,2026-04-25 14:21:00,CUST-00244,marie.fischer330@example.com,Aurora Ceramic Mug,Black / 350ml,1,18.05,0.0,18.05,refunded,GB,instagram
#3447,2026-04-25 14:35:31,CUST-00121,mia.schmidt973@example.com,Soy Wax Candle — Cedar,Set of 3,1,23.71,0.0,23.71,paid,DE,online_store
#1746,2026-04-25 14:46:18,CUST-01589,marie.wagner741@example.com,Organic Cotton Tote,Cream,1,14.78,1.93,12.85,paid,FR,draft_order
#1398,2026-04-25 15:04:11,CUST-00189,laura.schwarz812@example.com,Recycled Glass Vase,Smoke,1,43.16,0.0,43.16,paid,NL,online_store
#4085,2026-04-25 17:21:33,CUST-01266,sofia.weber123@example.com,Aurora Ceramic Mug,White / 350ml,1,17.55,0.0,17.55,paid,DE,pos
#4366,2026-04-25 17:23:58,CUST-00553,luis.braun238@example.com,Stoneware Dinner Plate Set,Set of 6,1,93.59,0.0,93.59,paid,FR,online_store
#3253,2026-04-25 17:49:48,CUST-01250,liam.wolf991@example.com,Organic Cotton Tote,Navy,3,15.43,8.53,37.76,paid,DE,online_store
#3906,2026-04-25 18:52:47,CUST-00963,tom.koch985@example.com,Aurora Ceramic Mug,White / 350ml,2,18.06,0.0,36.12,paid,FR,instagram
#3191,2026-04-25 23:58:35,CUST-00153,felix.fischer122@example.com,Walnut Serving Board,Large,1,54.16,0.0,54.16,paid,US,pos
#2061,2026-04-26 07:11:16,CUST-00757,emma.hartmann266@example.com,Organic Cotton Tote,Cream,2,15.28,0.0,30.56,paid,AT,online_store
#2725,2026-04-26 09:57:20,CUST-01656,jonas.krueger547@example.com,Aurora Ceramic Mug,White / 350ml,1,17.86,0.0,17.86,pending,GB,online_store
#3408,2026-04-26 13:30:03,CUST-00886,sofia.weber819@example.com,Aurora Ceramic Mug,Black / 350ml,1,18.13,0.0,18.13,paid,GB,online_store
#3408,2026-04-26 13:30:03,CUST-00886,sofia.weber819@example.com,Botanical Print A3,Olive,1,28.31,0.0,28.31,paid,GB,online_store
#1099,2026-04-26 16:06:27,CUST-00790,clara.wagner921@example.com,Organic Cotton Tote,Cream,1,15.14,0.0,15.14,paid,DE,online_store
#4170,2026-04-26 16:36:42,CUST-00211,sofia.richter739@example.com,Merino Wool Beanie,Black,1,31.15,6.4,24.75,paid,FR,instagram
#1570,2026-04-26 17:06:11,CUST-01388,paul.krueger774@example.com,Organic Cotton Tote,Cream,1,15.41,0.0,15.41,paid,AT,instagram
#1714,2026-04-26 18:06:05,CUST-01657,laura.schmidt957@example.com,Brass Pour-Over Stand,Standard,1,69.25,0.0,69.25,paid,DE,online_store
#2563,2026-04-26 19:08:54,CUST-01334,liam.schmidt752@example.com,Linen Throw Blanket,Charcoal,1,79.15,16.29,62.86,paid,FR,instagram
#3846,2026-04-26 19:21:02,CUST-01029,laura.krueger35@example.com,Organic Cotton Tote,Navy,1,15.44,0.0,15.44,paid,DE,online_store
#3019,2026-04-26 19:35:54,CUST-00394,noah.wagner404@example.com,Recycled Glass Vase,Smoke,1,41.95,0.0,41.95,paid,US,instagram
#3530,2026-04-27 13:05:40,CUST-01276,marie.richter75@example.com,Aurora Ceramic Mug,Black / 350ml,1,17.7,2.26,15.44,paid,DE,online_store
#1532,2026-04-27 14:05:21,CUST-01546,marie.wolf752@example.com,Recycled Glass Vase,Smoke,2,41.35,0.0,82.7,paid,AT,online_store
#2053,2026-04-27 16:45:35,CUST-00941,max.richter407@example.com,Merino Wool Beanie,Forest,1,31.59,0.0,31.59,paid,FR,draft_order
#3511,2026-04-27 17:29:20,CUST-00828,noah.richter193@example.com,Botanical Print A3,Olive,2,27.97,0.0,55.94,paid,DE,online_store
#3511,2026-04-27 17:29:20,CUST-00828,noah.richter193@example.com,Aurora Ceramic Mug,White / 350ml,3,18.08,0.0,54.24,paid,DE,online_store
#2566,2026-04-27 17:29:41,CUST-00056,nina.wolf210@example.com,Botanical Print A3,Olive,1,28.14,0.0,28.14,pending,,online_store
#2912,2026-04-27 20:51:28,CUST-00757,emma.hartmann266@example.com,Walnut Serving Board,Small,1,53.84,0.0,53.84,paid,AT,online_store
#2912,2026-04-27 20:51:28,CUST-00757,emma.hartmann266@example.com,Walnut Serving Board,Large,1,52.74,0.0,52.74,paid,AT,online_store
#2276,2026-04-27 21:06:41,CUST-01310,liam.becker627@example.com,Merino Wool Beanie,Oat,1,32.93,0.0,32.93,paid,CH,online_store
#3034,2026-04-28 09:49:53,CUST-00469,liam.neumann688@example.com,Linen Throw Blanket,Rust,1,78.01,0.0,78.01,paid,,online_store
#1874,2026-04-28 11:39:02,CUST-01181,tom.koch850@example.com,Aurora Ceramic Mug,Sage / 350ml,1,18.21,0.0,18.21,paid,CH,online_store
#1195,2026-04-28 13:40:19,CUST-01173,lena.hartmann472@example.com,Aurora Ceramic Mug,White / 350ml,2,18.02,0.0,36.04,paid,AT,draft_order
#1195,2026-04-28 13:40:19,CUST-01173,lena.hartmann472@example.com,Aurora Ceramic Mug,Sage / 350ml,1,17.97,0.0,17.97,paid,AT,draft_order
#1159,2026-04-28 18:23:58,CUST-01386,anna.fischer605@example.com,Botanical Print A3,Fern,1,28.31,4.42,23.89,paid,FR,online_store
#3123,2026-04-28 22:31:05,CUST-01102,laura.koch521@example.com,Aurora Ceramic Mug,Sage / 350ml,1,18.17,0.0,18.17,paid,CH,online_store
#3603,2026-04-28 23:39:01,CUST-00010,jonas.klein876@example.com,Merino Wool Beanie,Black,1,31.55,0.0,31.55,paid,DE,online_store
#1150,2026-04-29 10:32:52,CUST-01441,tom.mueller392@example.com,Soy Wax Candle — Cedar,Set of 3,1,24.03,0.0,24.03,paid,GB,online_store
#3301,2026-04-29 13:04:08,CUST-00954,jonas.mueller89@example.com,Botanical Print A3,Olive,1,27.77,0.0,27.77,paid,CH,instagram
#3348,2026-04-29 14:34:15,CUST-00280,julia.hoffmann358@example.com,Organic Cotton Tote,Cream,1,14.6,0.0,14.6,paid,US,online_store
#3348,2026-04-29 14:34:15,CUST-00280,julia.hoffmann358@example.com,Recycled Glass Vase,Amber,1,42.43,0.0,42.43,paid,US,online_store
#3683,2026-04-29 15:34:48,CUST-00010,jonas.klein876@example.com,Stoneware Dinner Plate Set,Set of 4,1,96.33,0.0,96.33,paid,DE,online_store
#3157,2026-04-29 15:59:07,CUST-01662,anna.becker60@example.com,Botanical Print A3,Fern,1,27.68,0.0,27.68,paid,DE,draft_order
#3157,2026-04-29 15:59:07,CUST-01662,anna.becker60@example.com,Organic Cotton Tote,Navy,1,15.22,0.0,15.22,paid,DE,draft_order
#3509,2026-04-29 17:00:58,CUST-00032,paul.richter622@example.com,Soy Wax Candle — Cedar,Set of 3,1,24.19,0.0,24.19,paid,US,online_store
#2386,2026-04-29 18:54:02,CUST-00941,max.richter407@example.com,Aurora Ceramic Mug,Black / 350ml,1,17.83,0.0,17.83,paid,FR,online_store
#2386,2026-04-29 18:54:02,CUST-00941,max.richter407@example.com,Aurora Ceramic Mug,Sage / 350ml,1,17.52,0.0,17.52,paid,FR,online_store
#2386,2026-04-29 18:54:02,CUST-00941,max.richter407@example.com,Soy Wax Candle — Cedar,Set of 3,1,24.12,0.0,24.12,paid,FR,online_store
#4264,2026-04-29 19:46:36,CUST-01281,mia.koch978@example.com,Soy Wax Candle — Cedar,Single,1,24.2,4.84,19.36,paid,GB,instagram
#1572,2026-04-30 03:33:08,CUST-01069,julia.wagner310@example.com,Aurora Ceramic Mug,Sage / 350ml,1,17.9,0.0,17.9,paid,DE,online_store
#1854,2026-04-30 13:29:00,CUST-01549,erik.schwarz262@example.com,Soy Wax Candle — Cedar,Single,1,23.66,0.0,23.66,refunded,DE,instagram
#1823,2026-04-30 13:41:52,CUST-00402,emma.hartmann672@example.com,Soy Wax Candle — Cedar,Single,1,24.0,0.0,24.0,paid,,instagram
#2532,2026-04-30 13:56:11,CUST-01247,clara.mueller619@example.com,Soy Wax Candle — Cedar,Set of 3,1,23.4,0.0,23.4,paid,DE,draft_order
#1433,2026-04-30 13:59:59,CUST-01483,erik.klein923@example.com,Brass Pour-Over Stand,Standard,1,69.76,0.0,69.76,refunded,CH,instagram
#2071,2026-04-30 14:43:33,CUST-01177,max.fischer288@example.com,Walnut Serving Board,Large,1,54.06,0.0,54.06,paid,NL,online_store
#3087,2026-04-30 16:23:36,CUST-00644,anna.mueller386@example.com,Merino Wool Beanie,Oat,1,32.4,0.0,32.4,paid,NL,online_store
#3332,2026-04-30 17:07:12,CUST-00500,nina.koch232@example.com,Organic Cotton Tote,Cream,1,15.25,0.0,15.25,paid,DE,online_store
#2873,2026-05-01 10:43:25,CUST-00184,anna.richter290@example.com,Aurora Ceramic Mug,Black / 350ml,1,17.61,0.0,17.61,paid,FR,online_store
#4156,2026-05-01 11:21:00,CUST-00623,jonas.schmidt947@example.com,Botanical Print A3,Fern,2,28.33,0.0,56.66,paid,US,draft_order
#3316,2026-05-01 13:14:27,CUST-00559,tom.wolf626@example.com,Recycled Glass Vase,Amber,1,42.6,0.0,42.6,paid,US,online_store
#1231,2026-05-01 15:07:26,CUST-00394,noah.wagner404@example.com,Aurora Ceramic Mug,Sage / 350ml,3,17.6,0.0,52.8,paid,US,online_store
#1231,2026-05-01 15:07:26,CUST-00394,noah.wagner404@example.com,Organic Cotton Tote,Navy,2,15.36,0.0,30.72,paid,US,online_store
#1231,2026-05-01 15:07:26,CUST-00394,noah.wagner404@example.com,Brass Pour-Over Stand,Standard,1,68.8,0.0,68.8,paid,US,online_store
#2880,2026-05-01 15:57:37,CUST-00190,lena.hartmann130@example.com,Stoneware Dinner Plate Set,Set of 6,3,98.67,0.0,296.01,paid,US,online_store
#2880,2026-05-01 15:57:37,CUST-00190,lena.hartmann130@example.com,Botanical Print A3,Fern,1,27.77,0.0,27.77,paid,US,online_store
#2880,2026-05-01 15:57:37,CUST-00190,lena.hartmann130@example.com,Aurora Ceramic Mug,White / 350ml,3,18.53,0.0,55.59,paid,US,online_store
#3829,2026-05-01 16:54:45,CUST-00566,marie.schmidt975@example.com,Botanical Print A3,Eucalyptus,1,27.44,0.0,27.44,paid,DE,online_store
#3829,2026-05-01 16:54:45,CUST-00566,marie.schmidt975@example.com,Soy Wax Candle — Cedar,Set of 3,1,23.51,0.0,,paid,DE,online_store
#1511,2026-05-01 17:36:22,CUST-00021,mia.schmidt157@example.com,Aurora Ceramic Mug,White / 350ml,1,17.96,0.0,17.96,paid,GB,online_store
#3891,2026-05-01 19:50:09,CUST-01531,clara.wolf169@example.com,Organic Cotton Tote,Navy,1,15.3,0.0,15.3,paid,,instagram
#1381,2026-05-02 12:20:10,CUST-01581,ben.braun755@example.com,Organic Cotton Tote,Cream,1,14.65,0.0,14.65,refunded,GB,online_store
#1381,2026-05-02 12:20:10,CUST-01581,ben.braun755@example.com,Soy Wax Candle — Cedar,Single,1,24.56,0.0,24.56,refunded,GB,online_store
#2581,2026-05-02 13:05:35,CUST-01507,anna.krueger753@example.com,Recycled Glass Vase,Smoke,2,42.53,0.0,85.06,PAID,DE,online_store
#2581,2026-05-02 13:05:35,CUST-01507,anna.krueger753@example.com,Recycled Glass Vase,Smoke,1,41.28,0.0,41.28,paid,DE,online_store
#2581,2026-05-02 13:05:35,CUST-01507,anna.krueger753@example.com,Linen Throw Blanket,Charcoal,1,80.86,0.0,80.86,paid,DE,online_store
#3222,2026-05-02 13:09:12,CUST-00157,sofia.hoffmann84@example.com,Walnut Serving Board,Large,1,55.36,0.0,55.36,paid,DE,online_store
#4435,2026-05-02 13:36:45,CUST-01209,jonas.becker394@example.com,Linen Throw Blanket,Rust,1,80.58,0.0,80.58,paid,DE,online_store
#3946,2026-05-02 13:47:49,CUST-01250,liam.wolf991@example.com,Stoneware Dinner Plate Set,Set of 4,1,95.05,20.27,74.78,paid,DE,online_store
#3946,2026-05-02 13:47:49,CUST-01250,liam.wolf991@example.com,Merino Wool Beanie,Forest,1,32.35,7.7,24.65,paid,DE,online_store
#3946,2026-05-02 13:47:49,CUST-01250,liam.wolf991@example.com,Aurora Ceramic Mug,White / 350ml,1,18.25,2.2,16.05,paid,DE,online_store
#3660,2026-05-02 16:45:33,CUST-00941,max.richter407@example.com,Botanical Print A3,Eucalyptus,1,27.52,0.0,27.52,paid,FR,online_store
#4461,2026-05-02 17:00:28,CUST-01357,lena.hartmann455@example.com,Aurora Ceramic Mug,White / 350ml,1,18.25,0.0,18.25,paid,FR,instagram
#4461,2026-05-02 17:00:28,CUST-01357,lena.hartmann455@example.com,Aurora Ceramic Mug,White / 350ml,2,17.94,0.0,35.88,paid,FR,instagram
#3166,2026-05-02 18:04:50,CUST-01422,felix.becker551@example.com,Organic Cotton Tote,Cream,1,15.31,0.0,15.31,paid,DE,online_store
#3166,2026-05-02 18:04:50,CUST-01422,felix.becker551@example.com,Soy Wax Candle — Cedar,Single,1,23.55,0.0,23.55,paid,DE,online_store
#3166,2026-05-02 18:04:50,CUST-01422,felix.becker551@example.com,Walnut Serving Board,Small,1,52.47,0.0,52.47,paid,DE,online_store
#2396,2026-05-02 18:33:51,CUST-00010,jonas.klein876@example.com,Aurora Ceramic Mug,Sage / 350ml,1,17.49,0.0,17.49,paid,DE,online_store
#4286,2026-05-02 19:41:51,CUST-00928,julia.braun621@example.com,Botanical Print A3,Eucalyptus,2,27.93,0.0,55.86,paid,DE,instagram
#4286,2026-05-02 19:41:51,CUST-00928,julia.braun621@example.com,Soy Wax Candle — Cedar,Set of 3,1,23.63,0.0,23.63,paid,DE,instagram
#3580,2026-05-02 20:19:44,CUST-00407,erik.hartmann754@example.com,Brass Pour-Over Stand,Standard,2,69.38,0.0,138.76,paid,FR,online_store
#3477,2026-05-03 06:03:49,CUST-00883,mia.klein760@example.com,Botanical Print A3,Eucalyptus,1,28.16,0.0,28.16,paid,AT,online_store
#3477,2026-05-03 06:03:49,CUST-00883,mia.klein760@example.com,Aurora Ceramic Mug,Sage / 350ml,2,17.92,0.0,35.84,paid,AT,online_store
#3477,2026-05-03 06:03:49,CUST-00883,mia.klein760@example.com,Organic Cotton Tote,Cream,1,14.77,0.0,14.77,paid,AT,online_store
#1459,2026-05-03 11:19:12,CUST-01368,marie.becker125@example.com,Stoneware Dinner Plate Set,Set of 4,1,98.25,0.0,98.25,paid,AT,online_store
#2940,2026-05-03 11:54:16,CUST-00075,jonas.becker831@example.com,Merino Wool Beanie,Forest,1,32.44,0.0,32.44,PAID,DE,online_store
#1412,2026-05-03 12:09:37,CUST-01588,nina.wolf874@example.com,Linen Throw Blanket,Rust,1,77.38,0.0,77.38,paid,NL,online_store
#3816,2026-05-03 12:31:18,CUST-00663,mia.hoffmann455@example.com,Recycled Glass Vase,Smoke,1,42.35,0.0,42.35,paid,NL,online_store
#1517,2026-05-03 13:25:48,CUST-01557,julia.wolf693@example.com,Recycled Glass Vase,Amber,1,43.12,0.0,43.12,paid,DE,online_store
#1517,2026-05-03 13:25:48,CUST-01557,julia.wolf693@example.com,Aurora Ceramic Mug,Black / 350ml,1,17.98,0.0,17.98,paid,,online_store
#4512,2026-05-03 14:16:42,CUST-01594,sofia.schmidt368@example.com,Recycled Glass Vase,Smoke,1,42.28,0.0,42.28,paid,AT,online_store
#3686,2026-05-03 16:36:44,CUST-01396,clara.hartmann838@example.com,Linen Throw Blanket,Rust,1,79.76,0.0,79.76,paid,DE,online_store
#2908,2026-05-03 17:00:29,CUST-00776,max.mueller776@example.com,Linen Throw Blanket,Charcoal,2,80.22,0.0,160.44,paid,NL,online_store
#4469,2026-05-03 17:40:59,CUST-00014,laura.richter656@example.com,Recycled Glass Vase,Amber,1,41.3,0.0,41.3,paid,GB,online_store
#2499,2026-05-04 09:57:51,CUST-00814,erik.schmidt957@example.com,Aurora Ceramic Mug,White / 350ml,2,18.37,0.0,36.74,paid,DE,online_store
#2201,2026-05-04 11:06:02,CUST-00111,nina.mueller784@example.com,Aurora Ceramic Mug,Black / 350ml,1,18.24,3.66,14.58,paid,GB,online_store
#2201,2026-05-04 11:06:02,CUST-00111,nina.mueller784@example.com,Soy Wax Candle — Cedar,Single,2,24.14,11.08,37.2,paid,GB,online_store
#2056,2026-05-04 11:08:13,CUST-00719,julia.braun704@example.com,Botanical Print A3,Eucalyptus,1,27.81,0.0,27.81,paid,NL,online_store
#2981,2026-05-04 11:48:54,CUST-01653,mia.hoffmann555@example.com,Linen Throw Blanket,Rust,2,81.13,0.0,162.26,paid,GB,online_store
#1637,2026-05-04 11:58:49,CUST-01045,luis.becker159@example.com,Organic Cotton Tote,Cream,3,14.88,7.31,37.33,paid,US,online_store
#1637,2026-05-04 11:58:49,CUST-01045,luis.becker159@example.com,Stoneware Dinner Plate Set,Set of 4,2,94.57,42.79,146.35,paid,US,online_store
#3097,2026-05-04 11:59:55,CUST-00241,max.weber227@example.com,Botanical Print A3,Eucalyptus,1,28.81,0.0,28.81,paid,AT,pos
#3208,2026-05-04 13:23:31,CUST-00358,anna.neumann564@example.com,Stoneware Dinner Plate Set,Set of 6,1,95.54,12.18,83.36,PAID,US,instagram
#3208,2026-05-04 13:23:31,CUST-00358,anna.neumann564@example.com,Recycled Glass Vase,Amber,1,41.47,4.38,37.09,paid,US,instagram
#4341,2026-05-04 13:45:51,CUST-00174,luis.krueger193@example.com,Linen Throw Blanket,Charcoal,1,80.47,0.0,80.47,refunded,US,online_store
#4341,2026-05-04 13:45:51,CUST-00174,luis.krueger193@example.com,Soy Wax Candle — Cedar,Single,1,23.64,0.0,23.64,refunded,US,online_store
#4341,2026-05-04 13:45:51,CUST-00174,luis.krueger193@example.com,Soy Wax Candle — Cedar,Single,1,23.64,0.0,23.64,refunded,US,online_store
#1927,2026-05-04 14:14:37,CUST-00582,noah.wagner805@example.com,Soy Wax Candle — Cedar,Set of 3,2,23.35,0.0,46.7,paid,US,online_store
#3365,2026-05-04 14:36:41,CUST-00462,emma.koch104@example.com,Merino Wool Beanie,Oat,1,31.65,0.0,31.65,refunded,GB,online_store
#2408,2026-05-04 14:58:20,CUST-01337,emma.braun136@example.com,Aurora Ceramic Mug,Black / 350ml,3,18.44,0.0,55.32,paid,US,online_store
#2408,2026-05-04 14:58:20,CUST-01337,emma.braun136@example.com,Walnut Serving Board,Large,1,55.41,0.0,55.41,paid,US,online_store
#2720,2026-05-04 16:15:31,CUST-00655,marie.richter93@example.com,Botanical Print A3,Eucalyptus,1,27.27,0.0,27.27,refunded,DE,online_store
#2310,2026-05-04 19:54:01,CUST-00476,liam.richter620@example.com,Merino Wool Beanie,Oat,1,31.17,0.0,31.17,paid,GB,instagram
#2310,2026-05-04 19:54:01,CUST-00476,liam.richter620@example.com,Aurora Ceramic Mug,Black / 350ml,1,17.87,0.0,17.87,paid,GB,instagram
#2136,2026-05-04 22:59:44,CUST-00120,luis.schmidt359@example.com,Soy Wax Candle — Cedar,Single,1,24.52,0.0,24.52,paid,DE,pos
#3730,2026-05-05 08:39:55,CUST-00424,anna.klein930@example.com,Aurora Ceramic Mug,Black / 350ml,1,17.62,0.0,17.62,paid,FR,online_store
#3204,2026-05-05 10:21:14,CUST-00646,liam.wagner96@example.com,Aurora Ceramic Mug,Sage / 350ml,1,17.59,0.0,17.59,paid,DE,online_store
#1233,2026-05-05 10:27:18,CUST-01239,mia.klein926@example.com,Merino Wool Beanie,Black,1,31.05,0.0,31.05,paid,US,online_store
#1233,2026-05-05 10:27:18,CUST-01239,mia.klein926@example.com,Organic Cotton Tote,Navy,1,15.13,0.0,15.13,paid,US,online_store
#2093,2026-05-05 12:54:30,CUST-01161,mia.hartmann620@example.com,Soy Wax Candle — Cedar,Set of 3,1,24.18,0.0,24.18,paid,AT,online_store
#2093,2026-05-05 12:54:30,CUST-01161,mia.hartmann620@example.com,Soy Wax Candle — Cedar,Single,1,24.61,0.0,24.61,paid,AT,online_store
#4194,2026-05-05 13:17:26,CUST-01383,felix.becker994@example.com,Botanical Print A3,Fern,2,28.73,0.0,57.46,paid,AT,online_store
#3974,2026-05-05 14:24:22,CUST-00255,noah.hoffmann494@example.com,Walnut Serving Board,Large,1,54.37,0.0,54.37,paid,DE,online_store
#1623,2026-05-05 14:45:57,CUST-01347,luis.hoffmann343@example.com,Aurora Ceramic Mug,Black / 350ml,3,17.61,0.0,52.83,refunded,DE,online_store
#1623,2026-05-05 14:45:57,CUST-01347,luis.hoffmann343@example.com,Aurora Ceramic Mug,White / 350ml,1,18.31,0.0,18.31,refunded,DE,online_store
#1623,2026-05-05 14:45:57,CUST-01347,luis.hoffmann343@example.com,Stoneware Dinner Plate Set,Set of 4,1,94.12,0.0,94.12,refunded,DE,online_store
#3746,2026-05-05 16:07:43,CUST-01177,max.fischer288@example.com,Soy Wax Candle — Cedar,Single,1,24.59,0.0,24.59,paid,NL,draft_order
#3746,2026-05-05 16:07:43,CUST-01177,max.fischer288@example.com,Linen Throw Blanket,Natural,1,80.15,0.0,80.15,paid,NL,draft_order
#3990,2026-05-05 17:25:36,CUST-00958,max.neumann284@example.com,Walnut Serving Board,Small,1,52.51,0.0,52.51,paid,DE,online_store
#4203,2026-05-05 20:17:23,CUST-00171,noah.becker711@example.com,Recycled Glass Vase,Amber,1,41.98,0.0,41.98,paid,US,online_store
#4039,2026-05-05 23:59:10,CUST-00654,luis.neumann213@example.com,Aurora Ceramic Mug,Black / 350ml,1,17.68,0.0,17.68,paid,US,online_store
#4326,2026-05-06 08:34:58,CUST-00103,luis.wolf913@example.com,Organic Cotton Tote,Cream,3,14.66,0.0,43.98,paid,US,instagram
#2523,2026-05-06 10:35:41,CUST-00283,tom.krueger779@example.com,Merino Wool Beanie,Forest,1,32.15,0.0,32.15,paid,GB,online_store
#2523,2026-05-06 10:35:41,CUST-00283,tom.krueger779@example.com,Aurora Ceramic Mug,White / 350ml,1,18.12,0.0,18.12,paid,GB,online_store
#1502,2026-05-06 10:38:36,CUST-00341,paul.hartmann377@example.com,Stoneware Dinner Plate Set,Set of 6,1,94.44,0.0,94.44,paid,AT,online_store
#2328,2026-05-06 17:33:25,CUST-00019,luis.richter439@example.com,Merino Wool Beanie,Forest,1,31.84,0.0,31.84,paid,AT,online_store
#4329,2026-05-06 19:58:31,CUST-01161,mia.hartmann620@example.com,Recycled Glass Vase,Smoke,1,42.8,0.0,42.8,paid,AT,instagram
#3919,2026-05-06 20:17:34,CUST-01501,ben.weber716@example.com,Organic Cotton Tote,Cream,1,15.26,0.0,15.26,PAID,DE,instagram
#2731,2026-05-07 10:31:38,CUST-00713,laura.hartmann677@example.com,Merino Wool Beanie,Oat,1,31.49,0.0,31.49,refunded,DE,online_store
#2731,2026-05-07 10:31:38,CUST-00713,laura.hartmann677@example.com,Soy Wax Candle — Cedar,Single,1,23.4,0.0,23.4,refunded,DE,online_store
#4420,2026-05-07 11:18:10,CUST-00618,liam.schmidt408@example.com,Soy Wax Candle — Cedar,Set of 3,3,24.48,13.11,60.33,paid,US,online_store
#3073,2026-05-07 11:59:31,CUST-01233,emma.hartmann243@example.com,Botanical Print A3,Eucalyptus,1,27.8,0.0,27.8,paid,FR,online_store
#3073,2026-05-07 11:59:31,CUST-01233,emma.hartmann243@example.com,Organic Cotton Tote,Navy,1,15.32,0.0,15.32,paid,FR,online_store
#1586,2026-05-07 14:04:00,CUST-01381,max.klein896@example.com,Merino Wool Beanie,Forest,1,32.04,0.0,32.04,paid,GB,online_store
#1586,2026-05-07 14:04:00,CUST-01381,max.klein896@example.com,Aurora Ceramic Mug,Sage / 350ml,1,18.05,0.0,18.05,paid,GB,online_store
#3307,2026-05-07 14:17:15,CUST-00523,jonas.becker174@example.com,Merino Wool Beanie,Forest,1,32.55,7.93,24.62,paid,DE,instagram
#3307,2026-05-07 14:17:15,CUST-00523,jonas.becker174@example.com,Brass Pour-Over Stand,Standard,1,69.61,14.75,54.86,paid,DE,instagram
#2682,2026-05-07 15:45:02,CUST-00851,marie.koch722@example.com,Merino Wool Beanie,Forest,1,32.24,0.0,32.24,paid,FR,online_store
#2682,2026-05-07 15:45:02,CUST-00851,marie.koch722@example.com,Organic Cotton Tote,Cream,1,15.17,0.0,15.17,paid,FR,online_store
#2682,2026-05-07 15:45:02,CUST-00851,marie.koch722@example.com,Recycled Glass Vase,Smoke,1,41.72,0.0,41.72,paid,FR,online_store
#3742,2026-05-07 16:10:20,CUST-01408,lena.mueller320@example.com,Soy Wax Candle — Cedar,Single,2,23.86,0.0,47.72,paid,GB,online_store
#1942,2026-05-07 17:00:34,CUST-00329,max.fischer558@example.com,Aurora Ceramic Mug,Sage / 350ml,1,18.12,0.0,18.12,paid,US,online_store
#1942,2026-05-07 17:00:34,CUST-00329,max.fischer558@example.com,Merino Wool Beanie,Oat,1,32.38,0.0,32.38,paid,US,online_store
#1814,2026-05-07 17:31:28,CUST-01042,liam.hartmann573@example.com,Botanical Print A3,Olive,1,28.62,0.0,28.62,PAID,DE,online_store
#1814,2026-05-07 17:31:28,CUST-01042,liam.hartmann573@example.com,Stoneware Dinner Plate Set,Set of 6,1,97.41,0.0,97.41,paid,DE,online_store
#2026,2026-05-08 09:57:12,CUST-00120,luis.schmidt359@example.com,Walnut Serving Board,Large,1,54.25,0.0,54.25,paid,DE,instagram
#2826,2026-05-08 13:08:04,CUST-00806,paul.weber605@example.com,Aurora Ceramic Mug,Black / 350ml,3,17.53,10.26,42.33,paid,US,online_store
#2826,2026-05-08 13:08:04,CUST-00806,paul.weber605@example.com,Organic Cotton Tote,Cream,1,15.13,2.95,12.18,paid,US,online_store
#2184,2026-05-08 13:17:36,CUST-01166,marie.weber213@example.com,Recycled Glass Vase,Amber,1,41.28,0.0,41.28,paid,FR,online_store
#2184,2026-05-08 13:17:36,CUST-01166,marie.weber213@example.com,Aurora Ceramic Mug,White / 350ml,2,18.51,0.0,37.02,paid,FR,online_store
#2380,2026-05-08 14:24:36,CUST-00319,mia.neumann327@example.com,Aurora Ceramic Mug,White / 350ml,1,18.33,0.0,18.33,paid,AT,online_store
#2323,2026-05-08 14:24:44,CUST-00984,paul.wagner703@example.com,Recycled Glass Vase,Amber,1,41.37,0.0,41.37,paid,DE,online_store
#2323,2026-05-08 14:24:44,CUST-00984,paul.wagner703@example.com,Stoneware Dinner Plate Set,Set of 4,1,93.93,0.0,93.93,paid,DE,online_store
#3341,2026-05-08 18:19:29,CUST-00061,mia.koch162@example.com,Soy Wax Candle — Cedar,Set of 3,1,24.15,0.0,,paid,US,online_store
#3488,2026-05-08 19:00:55,CUST-00797,mia.weber660@example.com,Aurora Ceramic Mug,White / 350ml,1,17.79,0.0,17.79,paid,DE,instagram
#2509,2026-05-09 05:40:45,CUST-01431,mia.hartmann377@example.com,Botanical Print A3,Fern,1,28.6,0.0,28.6,paid,DE,instagram
#1128,2026-05-09 10:03:58,CUST-00543,laura.wolf441@example.com,Aurora Ceramic Mug,White / 350ml,3,18.45,0.0,55.35,paid,DE,pos
#1128,2026-05-09 10:03:58,CUST-00543,laura.wolf441@example.com,Merino Wool Beanie,Black,1,31.47,0.0,31.47,paid,DE,pos
#4245,2026-05-09 12:06:08,CUST-00416,liam.klein81@example.com,Linen Throw Blanket,Rust,1,78.63,0.0,78.63,paid,US,instagram
#4245,2026-05-09 12:06:08,CUST-00416,liam.klein81@example.com,Aurora Ceramic Mug,White / 350ml,1,17.57,0.0,17.57,paid,US,instagram
#4383,2026-05-09 13:13:46,CUST-00750,clara.braun873@example.com,Linen Throw Blanket,Rust,1,78.69,0.0,78.69,pending,US,online_store
#4383,2026-05-09 13:13:46,CUST-00750,clara.braun873@example.com,Merino Wool Beanie,Forest,1,31.31,0.0,31.31,pending,US,online_store
#3187,2026-05-09 15:13:35,CUST-00319,mia.neumann327@example.com,Recycled Glass Vase,Amber,2,40.99,0.0,81.98,paid,AT,online_store
#2042,2026-05-09 15:20:15,CUST-01250,liam.wolf991@example.com,Walnut Serving Board,Small,1,53.91,0.0,53.91,paid,DE,instagram
#2042,2026-05-09 15:20:15,CUST-01250,liam.wolf991@example.com,Walnut Serving Board,Small,1,54.68,0.0,54.68,paid,DE,instagram
#2042,2026-05-09 15:20:15,CUST-01250,liam.wolf991@example.com,Linen Throw Blanket,Rust,1,80.74,0.0,80.74,paid,DE,instagram
#4112,2026-05-09 17:12:33,CUST-00738,tom.neumann528@example.com,Aurora Ceramic Mug,Sage / 350ml,1,17.76,0.0,17.76,paid,FR,online_store
#1457,2026-05-09 17:31:24,CUST-01238,mia.koch760@example.com,Walnut Serving Board,Large,1,52.82,0.0,52.82,paid,GB,instagram
#1132,2026-05-09 17:32:19,CUST-01161,mia.hartmann620@example.com,Botanical Print A3,Olive,1,27.52,0.0,27.52,pending,AT,online_store
#2172,2026-05-09 18:08:02,CUST-00146,nina.klein853@example.com,Soy Wax Candle — Cedar,Single,1,23.85,0.0,23.85,paid,DE,instagram
#2979,2026-05-09 21:20:29,CUST-01500,tom.hartmann949@example.com,Recycled Glass Vase,Amber,1,41.57,0.0,41.57,paid,NL,online_store
#2979,2026-05-09 21:20:29,CUST-01500,tom.hartmann949@example.com,Recycled Glass Vase,Smoke,1,41.57,0.0,41.57,paid,NL,online_store
#1298,2026-05-10 09:11:25,CUST-00439,julia.klein655@example.com,Merino Wool Beanie,Forest,1,32.29,0.0,32.29,paid,AT,online_store
#3826,2026-05-10 09:41:41,CUST-00958,max.neumann284@example.com,Soy Wax Candle — Cedar,Single,1,23.29,0.0,23.29,paid,DE,online_store
#4351,2026-05-10 11:33:49,CUST-01041,emma.schwarz138@example.com,Soy Wax Candle — Cedar,Set of 3,1,24.52,0.0,24.52,paid,DE,online_store
#2255,2026-05-10 12:01:23,CUST-00567,lena.hoffmann987@example.com,Organic Cotton Tote,Cream,1,15.44,0.0,15.44,paid,GB,online_store
#3267,2026-05-10 12:51:17,CUST-00014,laura.richter656@example.com,Merino Wool Beanie,Oat,1,32.19,0.0,32.19,paid,GB,instagram
#1378,2026-05-10 13:13:57,CUST-01119,clara.wagner110@example.com,Merino Wool Beanie,Oat,3,32.94,0.0,98.82,paid,DE,pos
#1207,2026-05-10 14:04:55,CUST-01445,luis.mueller33@example.com,Botanical Print A3,Eucalyptus,1,27.83,0.0,27.83,paid,CH,draft_order
#3302,2026-05-10 15:18:39,CUST-00626,paul.hartmann536@example.com,Linen Throw Blanket,Natural,1,77.01,0.0,77.01,paid,US,instagram
#1218,2026-05-10 15:58:16,CUST-01337,emma.braun136@example.com,Organic Cotton Tote,Cream,1,15.21,0.0,15.21,paid,US,online_store
#1218,2026-05-10 15:58:16,CUST-01337,emma.braun136@example.com,Organic Cotton Tote,Navy,2,15.05,0.0,30.1,paid,US,online_store
#3324,2026-05-10 16:47:12,CUST-00607,sofia.fischer144@example.com,Soy Wax Candle — Cedar,Single,1,24.61,0.0,24.61,paid,FR,draft_order
#3618,2026-05-10 18:11:37,CUST-01645,noah.neumann46@example.com,Stoneware Dinner Plate Set,Set of 6,1,94.39,19.44,74.95,paid,US,online_store
#1574,2026-05-10 19:13:00,CUST-00892,max.wolf173@example.com,Recycled Glass Vase,Smoke,2,41.53,0.0,83.06,paid,DE,instagram
#2015,2026-05-10 19:30:26,CUST-00485,liam.koch17@example.com,Botanical Print A3,Fern,1,28.59,0.0,28.59,paid,DE,instagram
#3356,2026-05-10 23:14:35,CUST-00651,anna.wolf240@example.com,Linen Throw Blanket,Rust,1,80.19,0.0,80.19,paid,DE,online_store
#3024,2026-05-11 09:45:13,CUST-00876,erik.fischer600@example.com,Walnut Serving Board,Small,1,53.09,0.0,53.09,paid,DE,online_store
#3024,2026-05-11 09:45:13,CUST-00876,erik.fischer600@example.com,Organic Cotton Tote,Navy,2,14.73,0.0,29.46,paid,DE,online_store
#3024,2026-05-11 09:45:13,CUST-00876,erik.fischer600@example.com,Merino Wool Beanie,Black,1,32.53,0.0,32.53,paid,DE,online_store
#4184,2026-05-11 10:46:11,CUST-00685,lena.weber882@example.com,Linen Throw Blanket,Charcoal,2,80.92,25.12,136.72,paid,US,online_store
#1750,2026-05-11 12:59:39,CUST-01535,noah.hartmann366@example.com,Walnut Serving Board,Large,1,55.43,0.0,55.43,paid,CH,online_store
#3756,2026-05-11 13:02:21,CUST-00014,laura.richter656@example.com,Organic Cotton Tote,Navy,1,14.91,0.0,14.91,paid,GB,online_store
#3756,2026-05-11 13:02:21,CUST-00014,laura.richter656@example.com,Linen Throw Blanket,Charcoal,1,81.29,0.0,81.29,paid,GB,online_store
#2536,2026-05-11 13:03:43,CUST-00755,felix.hoffmann784@example.com,Linen Throw Blanket,Rust,1,77.33,15.45,61.88,paid,DE,instagram
#3913,2026-05-11 14:18:01,CUST-01192,clara.weber638@example.com,Stoneware Dinner Plate Set,Set of 6,1,93.8,20.09,73.71,paid,US,draft_order
#2313,2026-05-11 18:06:13,CUST-00138,erik.richter530@example.com,Aurora Ceramic Mug,Black / 350ml,1,17.67,0.0,17.67,paid,AT,online_store
#1603,2026-05-11 18:30:10,CUST-00071,luis.schmidt597@example.com,Aurora Ceramic Mug,Black / 350ml,1,17.79,0.0,17.79,paid,US,online_store
#1603,2026-05-11 18:30:10,CUST-00071,luis.schmidt597@example.com,Merino Wool Beanie,Forest,1,31.25,0.0,31.25,paid,US,online_store
#2793,2026-05-11 20:31:22,CUST-00046,liam.mueller949@example.com,Soy Wax Candle — Cedar,Set of 3,1,23.83,4.89,18.94,paid,FR,online_store
#2793,2026-05-11 20:31:22,CUST-00046,liam.mueller949@example.com,Aurora Ceramic Mug,Sage / 350ml,1,17.84,2.9,14.94,paid,FR,online_store
#3120,2026-05-12 08:07:37,CUST-00246,anna.schwarz544@example.com,Soy Wax Candle — Cedar,Single,2,23.88,0.0,47.76,paid,DE,online_store
#3286,2026-05-12 09:30:08,CUST-00845,paul.klein150@example.com,Stoneware Dinner Plate Set,Set of 6,1,98.57,0.0,98.57,paid,NL,online_store
#3286,2026-05-12 09:30:08,CUST-00845,paul.klein150@example.com,Merino Wool Beanie,Black,2,32.7,0.0,65.4,paid,NL,online_store
#2081,2026-05-12 11:41:24,CUST-01399,paul.schmidt430@example.com,Aurora Ceramic Mug,Black / 350ml,2,17.47,0.0,34.94,paid,GB,instagram
#2605,2026-05-12 12:21:56,CUST-01163,nina.neumann630@example.com,Walnut Serving Board,Large,1,54.25,0.0,54.25,refunded,GB,online_store
#1922,2026-05-12 13:13:12,CUST-00568,tom.braun426@example.com,Merino Wool Beanie,Black,1,32.37,0.0,32.37,paid,FR,draft_order
#1922,2026-05-12 13:13:12,CUST-00568,tom.braun426@example.com,Aurora Ceramic Mug,White / 350ml,1,17.7,0.0,17.7,paid,FR,draft_order
#1922,2026-05-12 13:13:12,CUST-00568,tom.braun426@example.com,Merino Wool Beanie,Black,1,32.68,0.0,32.68,paid,FR,draft_order
#4445,2026-05-12 15:05:01,CUST-01090,felix.becker632@example.com,Soy Wax Candle — Cedar,Single,1,23.82,0.0,23.82,paid,NL,pos
#4445,2026-05-12 15:05:01,CUST-01090,felix.becker632@example.com,Brass Pour-Over Stand,Standard,1,68.25,0.0,68.25,paid,NL,pos
#4445,2026-05-12 15:05:01,CUST-01090,felix.becker632@example.com,Linen Throw Blanket,Charcoal,2,81.11,0.0,162.22,paid,NL,pos
#3186,2026-05-12 15:24:19,CUST-00966,julia.mueller270@example.com,Brass Pour-Over Stand,Standard,2,69.32,0.0,138.64,paid,DE,online_store
#4492,2026-05-12 16:22:54,CUST-01112,felix.wolf135@example.com,Merino Wool Beanie,Oat,1,32.59,0.0,32.59,paid,DE,instagram
#1490,2026-05-12 16:25:37,CUST-00313,erik.wagner54@example.com,Soy Wax Candle — Cedar,Single,1,24.13,0.0,24.13,paid,GB,online_store
#2029,2026-05-12 17:25:25,CUST-00354,tom.schwarz121@example.com,Stoneware Dinner Plate Set,Set of 4,1,95.59,0.0,95.59,paid,DE,instagram
#2147,2026-05-12 17:37:08,CUST-01546,marie.wolf752@example.com,Botanical Print A3,Fern,3,28.17,0.0,84.51,paid,AT,online_store
#2147,2026-05-12 17:37:08,CUST-01546,marie.wolf752@example.com,Soy Wax Candle — Cedar,Single,1,23.32,0.0,23.32,paid,AT,online_store
#2147,2026-05-12 17:37:08,CUST-01546,marie.wolf752@example.com,Organic Cotton Tote,Navy,2,14.57,0.0,29.14,paid,AT,online_store
#2778,2026-05-12 17:55:22,CUST-01373,marie.wolf750@example.com,Organic Cotton Tote,Navy,1,15.32,0.0,15.32,paid,US,draft_order
#3094,2026-05-12 20:44:01,CUST-00383,lena.weber969@example.com,Aurora Ceramic Mug,Black / 350ml,1,18.43,0.0,18.43,paid,US,draft_order
#4471,2026-05-13 11:21:57,CUST-00550,marie.wolf46@example.com,Stoneware Dinner Plate Set,Set of 4,1,98.44,0.0,98.44,paid,NL,instagram
#3144,2026-05-13 12:54:58,CUST-00918,tom.hartmann166@example.com,Recycled Glass Vase,Smoke,1,42.58,0.0,42.58,paid,GB,online_store
#3144,2026-05-13 12:54:58,CUST-00918,tom.hartmann166@example.com,Soy Wax Candle — Cedar,Single,3,24.37,0.0,73.11,paid,GB,online_store
#2842,2026-05-13 13:43:12,CUST-00089,felix.klein335@example.com,Aurora Ceramic Mug,Black / 350ml,1,17.87,0.0,17.87,paid,US,online_store
#2842,2026-05-13 13:43:12,CUST-00089,felix.klein335@example.com,Linen Throw Blanket,Natural,1,80.36,0.0,80.36,paid,US,online_store
#4487,2026-05-13 14:13:27,CUST-00103,luis.wolf913@example.com,Aurora Ceramic Mug,Black / 350ml,1,17.95,0.0,,paid,US,online_store
#2149,2026-05-13 14:26:51,CUST-00726,clara.krueger13@example.com,Stoneware Dinner Plate Set,Set of 4,1,98.46,0.0,98.46,PAID,FR,instagram
#3976,2026-05-13 15:11:38,CUST-01517,sofia.hoffmann290@example.com,Aurora Ceramic Mug,White / 350ml,1,18.14,0.0,18.14,paid,FR,instagram
#3976,2026-05-13 15:11:38,CUST-01517,sofia.hoffmann290@example.com,Recycled Glass Vase,Smoke,1,43.0,0.0,43.0,paid,FR,instagram
#3005,2026-05-13 17:40:03,CUST-00391,liam.schwarz576@example.com,Recycled Glass Vase,Smoke,2,42.58,0.0,85.16,paid,DE,online_store
#3584,2026-05-13 17:54:30,CUST-00591,tom.richter291@example.com,Organic Cotton Tote,Navy,1,15.4,0.0,15.4,paid,DE,draft_order
#2120,2026-05-13 20:20:17,CUST-00312,julia.braun837@example.com,Linen Throw Blanket,Natural,1,78.59,0.0,78.59,paid,DE,online_store
#2481,2026-05-13 23:36:06,CUST-01117,emma.wolf424@example.com,Organic Cotton Tote,Navy,1,15.2,0.0,15.2,refunded,CH,online_store
#2481,2026-05-13 23:36:06,CUST-01117,emma.wolf424@example.com,Aurora Ceramic Mug,White / 350ml,1,17.48,0.0,17.48,refunded,CH,online_store
#1318,2026-05-14 18:30:59,CUST-01422,felix.becker551@example.com,Recycled Glass Vase,Smoke,1,41.81,0.0,41.81,paid,DE,online_store
#2427,2026-05-14 20:55:30,CUST-00167,nina.mueller689@example.com,Aurora Ceramic Mug,Sage / 350ml,1,17.71,0.0,17.71,paid,NL,online_store
#2427,2026-05-14 20:55:30,CUST-00167,nina.mueller689@example.com,Botanical Print A3,Fern,1,27.38,0.0,27.38,paid,NL,online_store
#1795,2026-05-14 22:09:49,CUST-00763,luis.becker922@example.com,Aurora Ceramic Mug,White / 350ml,1,17.52,0.0,17.52,paid,DE,online_store
#1795,2026-05-14 22:09:49,CUST-00763,luis.becker922@example.com,Soy Wax Candle — Cedar,Set of 3,2,24.34,0.0,,paid,DE,online_store
#2696,2026-05-14 23:10:04,CUST-00999,clara.schwarz456@example.com,Merino Wool Beanie,Forest,1,31.69,0.0,31.69,REFUNDED,FR,online_store
#2696,2026-05-14 23:10:04,CUST-00999,clara.schwarz456@example.com,Linen Throw Blanket,Charcoal,1,78.52,0.0,78.52,refunded,FR,online_store
#3437,2026-05-15 06:10:02,CUST-01029,laura.krueger35@example.com,Aurora Ceramic Mug,Sage / 350ml,1,18.43,0.0,18.43,paid,DE,online_store
#2274,2026-05-15 09:28:01,CUST-00762,felix.weber759@example.com,Aurora Ceramic Mug,Sage / 350ml,2,17.79,0.0,35.58,paid,DE,online_store
#4233,2026-05-15 17:25:30,CUST-00943,clara.klein793@example.com,Botanical Print A3,Eucalyptus,1,28.35,4.74,23.61,paid,FR,instagram
#1679,2026-05-15 18:34:39,CUST-01250,liam.wolf991@example.com,Botanical Print A3,Fern,1,28.67,0.0,28.67,refunded,DE,instagram
#1699,2026-05-15 21:23:21,CUST-00821,erik.klein576@example.com,Aurora Ceramic Mug,Black / 350ml,1,17.99,0.0,17.99,paid,DE,draft_order
#1011,2026-05-16 08:03:54,CUST-01571,laura.hartmann833@example.com,Organic Cotton Tote,Navy,2,14.75,0.0,29.5,paid,CH,online_store
#1011,2026-05-16 08:03:54,CUST-01571,laura.hartmann833@example.com,Soy Wax Candle — Cedar,Set of 3,2,24.05,0.0,48.1,paid,CH,online_store
#1011,2026-05-16 08:03:54,CUST-01571,laura.hartmann833@example.com,Recycled Glass Vase,Amber,1,41.23,0.0,41.23,paid,CH,online_store
#3419,2026-05-16 09:29:23,CUST-01403,felix.richter705@example.com,Organic Cotton Tote,Navy,1,15.25,0.0,15.25,paid,US,online_store
#2673,2026-05-16 13:12:21,CUST-00209,emma.schmidt764@example.com,Recycled Glass Vase,Smoke,1,42.3,0.0,42.3,paid,US,instagram
#4024,2026-05-16 13:17:16,CUST-00522,laura.fischer573@example.com,Soy Wax Candle — Cedar,Single,1,24.25,4.66,19.59,paid,AT,online_store
#1736,2026-05-16 13:44:09,CUST-00323,luis.braun296@example.com,Aurora Ceramic Mug,White / 350ml,1,18.24,0.0,18.24,paid,DE,online_store
#1736,2026-05-16 13:44:09,CUST-00323,luis.braun296@example.com,Merino Wool Beanie,Black,2,32.5,0.0,65.0,paid,DE,online_store
#3232,2026-05-16 14:20:30,CUST-00941,max.richter407@example.com,Walnut Serving Board,Large,2,55.39,26.22,84.56,paid,FR,online_store
#3232,2026-05-16 14:20:30,CUST-00941,max.richter407@example.com,Stoneware Dinner Plate Set,Set of 6,2,97.62,40.69,154.55,paid,FR,online_store
#3232,2026-05-16 14:20:30,CUST-00941,max.richter407@example.com,Stoneware Dinner Plate Set,Set of 6,2,97.62,40.69,154.55,paid,FR,online_store
#2884,2026-05-16 17:17:39,CUST-01490,tom.neumann116@example.com,Merino Wool Beanie,Oat,1,31.12,0.0,31.12,paid,DE,online_store
#2884,2026-05-16 17:17:39,CUST-01490,tom.neumann116@example.com,Aurora Ceramic Mug,Black / 350ml,1,17.75,0.0,17.75,paid,DE,online_store
#2087,2026-05-16 22:54:03,CUST-00291,noah.wolf87@example.com,Merino Wool Beanie,Black,1,32.2,0.0,32.2,paid,US,online_store
#3085,2026-05-17 09:44:10,CUST-00872,anna.schmidt56@example.com,Aurora Ceramic Mug,Sage / 350ml,1,18.38,0.0,18.38,paid,DE,online_store
#3085,2026-05-17 09:44:10,CUST-00872,anna.schmidt56@example.com,Merino Wool Beanie,Forest,1,32.29,0.0,32.29,paid,DE,online_store
#3085,2026-05-17 09:44:10,CUST-00872,anna.schmidt56@example.com,Recycled Glass Vase,Amber,1,42.44,0.0,42.44,paid,DE,online_store
#4209,2026-05-17 10:39:00,CUST-00416,liam.klein81@example.com,Soy Wax Candle — Cedar,Single,1,24.12,0.0,24.12,paid,US,online_store
#4209,2026-05-17 10:39:00,CUST-00416,liam.klein81@example.com,Aurora Ceramic Mug,Black / 350ml,1,17.81,0.0,17.81,paid,US,online_store
#2194,2026-05-17 12:00:34,CUST-01532,tom.wagner946@example.com,Organic Cotton Tote,Cream,2,15.05,6.24,23.86,paid,GB,pos
#1562,2026-05-17 12:02:53,CUST-00575,felix.schmidt357@example.com,Organic Cotton Tote,Cream,1,15.02,0.0,15.02,paid,NL,online_store
#1562,2026-05-17 12:02:53,CUST-00575,felix.schmidt357@example.com,Botanical Print A3,Eucalyptus,1,27.38,0.0,27.38,paid,NL,online_store
#2967,2026-05-17 12:52:40,CUST-00113,ben.koch280@example.com,Walnut Serving Board,Large,1,52.47,0.0,52.47,paid,US,online_store
#2322,2026-05-17 12:54:57,CUST-00956,julia.mueller71@example.com,Walnut Serving Board,Small,1,52.71,8.59,44.12,paid,AT,online_store
#3788,2026-05-17 13:09:39,CUST-00992,clara.neumann125@example.com,Linen Throw Blanket,Rust,1,79.94,0.0,79.94,paid,US,online_store
#1970,2026-05-17 16:45:06,CUST-00614,erik.fischer13@example.com,Organic Cotton Tote,Navy,1,14.9,0.0,14.9,paid,CH,online_store
#1970,2026-05-17 16:45:06,CUST-00614,erik.fischer13@example.com,Organic Cotton Tote,Cream,1,14.93,0.0,14.93,paid,CH,online_store
#3206,2026-05-17 16:46:06,CUST-00824,max.krueger778@example.com,Linen Throw Blanket,Rust,1,76.91,9.07,67.84,paid,GB,online_store
#3872,2026-05-17 16:48:09,CUST-00452,luis.schmidt71@example.com,Linen Throw Blanket,Rust,1,79.49,0.0,79.49,paid,CH,instagram
#3872,2026-05-17 16:48:09,CUST-00452,luis.schmidt71@example.com,Botanical Print A3,Fern,1,27.62,0.0,27.62,paid,CH,instagram
#2327,2026-05-17 17:18:21,CUST-00267,julia.weber114@example.com,Botanical Print A3,Eucalyptus,1,28.35,0.0,28.35,paid,,online_store
#4133,2026-05-17 18:29:45,CUST-00179,mia.koch935@example.com,Recycled Glass Vase,Smoke,1,40.87,0.0,40.87,paid,DE,online_store
#4279,2026-05-17 19:33:22,CUST-00430,tom.wagner480@example.com,Recycled Glass Vase,Amber,1,43.13,0.0,43.13,paid,DE,online_store
#1563,2026-05-17 22:03:33,CUST-01476,sofia.braun294@example.com,Recycled Glass Vase,Amber,1,42.47,0.0,42.47,paid,GB,online_store
#2337,2026-05-18 07:40:31,CUST-00809,lena.hartmann116@example.com,Organic Cotton Tote,Navy,1,14.8,0.0,14.8,paid,AT,online_store
#1894,2026-05-18 09:55:58,CUST-00870,sofia.braun211@example.com,Botanical Print A3,Olive,2,28.79,10.21,47.37,paid,US,online_store
#1561,2026-05-18 11:04:15,CUST-00720,tom.koch81@example.com,Brass Pour-Over Stand,Standard,2,67.16,0.0,134.32,paid,US,online_store
#2493,2026-05-18 11:16:37,CUST-00746,nina.hoffmann663@example.com,Organic Cotton Tote,Cream,1,15.21,0.0,15.21,paid,DE,online_store
#1617,2026-05-18 12:32:52,CUST-01272,liam.schwarz62@example.com,Recycled Glass Vase,Amber,1,42.12,0.0,42.12,paid,DE,online_store
#2456,2026-05-18 14:15:38,CUST-00161,nina.hoffmann558@example.com,Linen Throw Blanket,Charcoal,3,76.97,0.0,230.91,pending,DE,online_store
#2456,2026-05-18 14:15:38,CUST-00161,nina.hoffmann558@example.com,Stoneware Dinner Plate Set,Set of 6,1,94.09,0.0,94.09,pending,DE,online_store
#2123,2026-05-18 14:52:30,CUST-01600,marie.weber801@example.com,Soy Wax Candle — Cedar,Single,1,23.47,0.0,23.47,paid,GB,pos
#3385,2026-05-18 16:03:55,CUST-01064,paul.krueger925@example.com,Linen Throw Blanket,Rust,1,80.88,0.0,80.88,paid,DE,online_store
#4265,2026-05-18 19:01:15,CUST-01411,noah.koch711@example.com,Aurora Ceramic Mug,White / 350ml,1,18.51,0.0,18.51,paid,DE,online_store
#1114,2026-05-18 21:17:59,CUST-00189,laura.schwarz812@example.com,Linen Throw Blanket,Rust,1,79.7,0.0,79.7,pending,NL,pos
#3227,2026-05-19 08:54:59,CUST-00840,max.wagner666@example.com,Linen Throw Blanket,Natural,1,77.13,0.0,77.13,paid,CH,instagram
#2900,2026-05-19 12:24:57,CUST-00070,noah.fischer708@example.com,Merino Wool Beanie,Black,1,31.29,7.17,24.12,paid,AT,online_store
#3752,2026-05-19 13:33:14,CUST-00568,tom.braun426@example.com,Linen Throw Blanket,Charcoal,1,80.43,0.0,80.43,paid,FR,draft_order
#3922,2026-05-19 14:02:52,CUST-00604,laura.wagner694@example.com,Recycled Glass Vase,Smoke,1,42.9,0.0,42.9,refunded,DE,online_store
#2222,2026-05-19 15:47:40,CUST-00439,julia.klein655@example.com,Aurora Ceramic Mug,Sage / 350ml,1,17.88,0.0,17.88,paid,AT,online_store
#2222,2026-05-19 15:47:40,CUST-00439,julia.klein655@example.com,Stoneware Dinner Plate Set,Set of 6,3,95.24,0.0,285.72,paid,AT,online_store
#3081,2026-05-19 15:49:59,CUST-00046,liam.mueller949@example.com,Merino Wool Beanie,Oat,2,32.44,0.0,64.88,paid,FR,online_store
#3081,2026-05-19 15:49:59,CUST-00046,liam.mueller949@example.com,Soy Wax Candle — Cedar,Single,2,24.03,0.0,48.06,paid,FR,online_store
#3225,2026-05-19 16:59:33,CUST-01294,lena.koch38@example.com,Recycled Glass Vase,Smoke,1,41.23,0.0,41.23,paid,FR,online_store
#3225,2026-05-19 16:59:33,CUST-01294,lena.koch38@example.com,Aurora Ceramic Mug,Sage / 350ml,1,17.77,0.0,17.77,paid,FR,online_store
#3225,2026-05-19 16:59:33,CUST-01294,lena.koch38@example.com,Soy Wax Candle — Cedar,Set of 3,1,23.34,0.0,23.34,paid,FR,online_store
#2199,2026-05-19 18:45:23,CUST-00289,liam.krueger586@example.com,Aurora Ceramic Mug,Sage / 350ml,1,17.74,0.0,17.74,paid,GB,online_store
#4149,2026-05-19 19:23:32,CUST-00313,erik.wagner54@example.com,Soy Wax Candle — Cedar,Set of 3,1,24.0,0.0,24.0,paid,GB,online_store
#3640,2026-05-19 19:45:53,CUST-00407,erik.hartmann754@example.com,Aurora Ceramic Mug,White / 350ml,1,18.48,0.0,18.48,paid,FR,online_store
#3640,2026-05-19 19:45:53,CUST-00407,erik.hartmann754@example.com,Recycled Glass Vase,Amber,3,42.22,0.0,126.66,paid,FR,online_store
#3173,2026-05-19 20:49:47,CUST-00037,jonas.fischer881@example.com,Brass Pour-Over Stand,Standard,1,66.61,0.0,66.61,paid,DE,online_store
#3173,2026-05-19 20:49:47,CUST-00037,jonas.fischer881@example.com,Aurora Ceramic Mug,Sage / 350ml,1,17.48,0.0,17.48,paid,DE,online_store
#3173,2026-05-19 20:49:47,CUST-00037,jonas.fischer881@example.com,Soy Wax Candle — Cedar,Set of 3,1,23.39,0.0,23.39,paid,DE,online_store
#1367,2026-05-20 06:24:51,CUST-00652,sofia.wagner599@example.com,Soy Wax Candle — Cedar,Single,1,24.55,4.3,20.25,paid,DE,online_store
#4373,2026-05-20 11:56:42,CUST-01478,emma.koch318@example.com,Organic Cotton Tote,Navy,1,14.73,1.49,13.24,paid,US,online_store
#4373,2026-05-20 11:56:42,CUST-01478,emma.koch318@example.com,Aurora Ceramic Mug,White / 350ml,1,17.96,2.47,15.49,paid,US,online_store
#3470,2026-05-20 14:51:45,CUST-00264,erik.fischer160@example.com,Brass Pour-Over Stand,Standard,1,69.79,0.0,69.79,paid,DE,online_store
#2521,2026-05-20 15:28:23,CUST-01592,tom.wagner161@example.com,Organic Cotton Tote,Cream,2,14.97,0.0,29.94,paid,GB,online_store
#1086,2026-05-20 16:33:57,CUST-01293,julia.krueger892@example.com,Organic Cotton Tote,Cream,3,14.87,0.0,44.61,paid,NL,online_store
#1614,2026-05-21 10:04:33,CUST-00321,tom.wagner481@example.com,Aurora Ceramic Mug,Sage / 350ml,1,18.12,4.2,13.92,paid,US,instagram
#1614,2026-05-21 10:04:33,CUST-00321,tom.wagner481@example.com,Merino Wool Beanie,Forest,1,31.63,3.6,28.03,paid,US,instagram
#1382,2026-05-21 15:35:54,CUST-00800,noah.weber912@example.com,Linen Throw Blanket,Rust,1,80.45,10.96,69.49,paid,DE,online_store
#1382,2026-05-21 15:35:54,CUST-00800,noah.weber912@example.com,Merino Wool Beanie,Oat,1,32.46,5.4,27.06,paid,DE,online_store
#1382,2026-05-21 15:35:54,CUST-00800,noah.weber912@example.com,Linen Throw Blanket,Natural,1,79.02,19.45,59.57,PAID,DE,online_store
#1382,2026-05-21 15:35:54,CUST-00800,noah.weber912@example.com,Merino Wool Beanie,Oat,1,32.46,5.4,27.06,paid,DE,online_store
#2195,2026-05-21 16:58:47,CUST-01593,noah.braun506@example.com,Aurora Ceramic Mug,White / 350ml,1,18.46,0.0,18.46,paid,DE,online_store
#2195,2026-05-21 16:58:47,CUST-01593,noah.braun506@example.com,Recycled Glass Vase,Amber,1,42.26,0.0,42.26,paid,,online_store
#4260,2026-05-21 18:25:02,CUST-01190,sofia.wolf294@example.com,Organic Cotton Tote,Navy,1,15.19,0.0,15.19,paid,DE,online_store
#4260,2026-05-21 18:25:02,CUST-01190,sofia.wolf294@example.com,Aurora Ceramic Mug,Black / 350ml,1,18.32,0.0,18.32,paid,DE,online_store
#2473,2026-05-21 21:54:25,CUST-00762,felix.weber759@example.com,Linen Throw Blanket,Rust,2,78.84,0.0,,paid,DE,online_store
#2473,2026-05-21 21:54:25,CUST-00762,felix.weber759@example.com,Aurora Ceramic Mug,Black / 350ml,1,18.53,0.0,18.53,paid,DE,online_store
#2473,2026-05-21 21:54:25,CUST-00762,felix.weber759@example.com,Stoneware Dinner Plate Set,Set of 4,3,97.29,0.0,291.87,paid,DE,online_store
#3121,2026-05-22 12:15:26,CUST-00858,felix.hartmann564@example.com,Aurora Ceramic Mug,Sage / 350ml,1,18.26,0.0,18.26,paid,US,online_store
#1220,2026-05-22 13:05:15,CUST-01264,marie.neumann291@example.com,Linen Throw Blanket,Rust,1,79.73,0.0,79.73,paid,DE,online_store
#1952,2026-05-22 14:07:09,CUST-00357,paul.krueger830@example.com,Soy Wax Candle — Cedar,Set of 3,1,24.59,0.0,24.59,paid,GB,online_store
#2115,2026-05-22 15:40:42,CUST-00757,emma.hartmann266@example.com,Stoneware Dinner Plate Set,Set of 6,1,97.9,0.0,97.9,paid,AT,pos
#2115,2026-05-22 15:40:42,CUST-00757,emma.hartmann266@example.com,Soy Wax Candle — Cedar,Set of 3,1,24.4,0.0,24.4,paid,AT,pos
#1137,2026-05-22 15:43:41,CUST-00191,nina.wolf896@example.com,Walnut Serving Board,Large,1,52.81,0.0,52.81,paid,NL,online_store
#1137,2026-05-22 15:43:41,CUST-00191,nina.wolf896@example.com,Organic Cotton Tote,Navy,1,15.32,0.0,15.32,paid,NL,online_store
#1137,2026-05-22 15:43:41,CUST-00191,nina.wolf896@example.com,Recycled Glass Vase,Smoke,1,42.54,0.0,42.54,paid,NL,online_store
#2239,2026-05-22 16:52:49,CUST-00850,anna.schmidt258@example.com,Botanical Print A3,Eucalyptus,1,27.78,0.0,27.78,paid,DE,online_store
#2239,2026-05-22 16:52:49,CUST-00850,anna.schmidt258@example.com,Stoneware Dinner Plate Set,Set of 4,1,95.23,0.0,95.23,paid,DE,online_store
#2239,2026-05-22 16:52:49,CUST-00850,anna.schmidt258@example.com,Stoneware Dinner Plate Set,Set of 4,1,97.64,0.0,97.64,paid,DE,online_store
#1906,2026-05-22 16:54:08,CUST-00415,laura.neumann824@example.com,Soy Wax Candle — Cedar,Set of 3,2,24.42,0.0,48.84,paid,DE,online_store
#1906,2026-05-22 16:54:08,CUST-00415,laura.neumann824@example.com,Organic Cotton Tote,Cream,1,15.3,0.0,15.3,paid,DE,online_store
#1906,2026-05-22 16:54:08,CUST-00415,laura.neumann824@example.com,Organic Cotton Tote,Navy,1,15.13,0.0,15.13,paid,DE,online_store
#1995,2026-05-22 17:40:17,CUST-00134,clara.wolf851@example.com,Recycled Glass Vase,Amber,2,41.71,0.0,83.42,refunded,AT,online_store
#2715,2026-05-23 08:04:03,CUST-01458,emma.wolf674@example.com,Organic Cotton Tote,Cream,1,15.09,0.0,15.09,paid,NL,online_store
#2047,2026-05-23 12:30:01,CUST-01548,felix.wolf762@example.com,Merino Wool Beanie,Black,1,31.64,0.0,31.64,paid,DE,online_store
#1720,2026-05-23 13:41:21,CUST-01469,ben.schwarz528@example.com,Recycled Glass Vase,Smoke,2,42.47,0.0,84.94,paid,US,online_store
#1582,2026-05-23 14:20:22,CUST-01166,marie.weber213@example.com,Organic Cotton Tote,Cream,1,14.56,3.31,11.25,refunded,FR,online_store
#1626,2026-05-23 15:55:46,CUST-00912,julia.richter930@example.com,Aurora Ceramic Mug,Sage / 350ml,2,18.48,0.0,36.96,paid,DE,pos
#3637,2026-05-23 16:20:22,CUST-00316,julia.wagner94@example.com,Linen Throw Blanket,Rust,1,77.32,0.0,77.32,paid,AT,pos
#2342,2026-05-23 16:22:47,CUST-00811,julia.koch686@example.com,Aurora Ceramic Mug,Sage / 350ml,1,17.97,0.0,17.97,paid,NL,online_store
#2342,2026-05-23 16:22:47,CUST-00811,julia.koch686@example.com,Recycled Glass Vase,Amber,1,43.06,0.0,43.06,paid,NL,online_store
#4237,2026-05-23 16:26:33,CUST-00870,sofia.braun211@example.com,Recycled Glass Vase,Amber,2,43.24,0.0,86.48,paid,US,instagram
#1216,2026-05-23 17:01:31,CUST-01384,ben.wagner613@example.com,Aurora Ceramic Mug,White / 350ml,2,17.87,0.0,35.74,paid,DE,online_store
#1619,2026-05-23 17:26:56,CUST-00246,anna.schwarz544@example.com,Aurora Ceramic Mug,White / 350ml,1,18.06,0.0,18.06,paid,DE,online_store
#3780,2026-05-23 18:06:48,CUST-00898,mia.mueller647@example.com,Botanical Print A3,Olive,2,27.7,0.0,55.4,paid,DE,online_store
#3780,2026-05-23 18:06:48,CUST-00898,mia.mueller647@example.com,Walnut Serving Board,Small,1,52.7,0.0,52.7,paid,DE,online_store
#3780,2026-05-23 18:06:48,CUST-00898,mia.mueller647@example.com,Linen Throw Blanket,Natural,2,81.21,0.0,162.42,paid,DE,online_store
#4008,2026-05-23 18:17:27,CUST-00650,felix.richter949@example.com,Aurora Ceramic Mug,Black / 350ml,1,18.36,4.37,13.99,paid,NL,pos
#2899,2026-05-23 18:56:15,CUST-01069,julia.wagner310@example.com,Brass Pour-Over Stand,Standard,1,66.98,0.0,66.98,paid,DE,online_store
#2899,2026-05-23 18:56:15,CUST-01069,julia.wagner310@example.com,Recycled Glass Vase,Smoke,1,43.07,0.0,43.07,paid,DE,online_store
#2344,2026-05-23 19:51:40,CUST-01452,erik.neumann292@example.com,Soy Wax Candle — Cedar,Set of 3,1,24.49,0.0,24.49,paid,DE,draft_order
#1939,2026-05-23 20:51:11,CUST-00270,lena.richter123@example.com,Recycled Glass Vase,Amber,3,42.98,0.0,128.94,pending,DE,pos
#1939,2026-05-23 20:51:11,CUST-00270,lena.richter123@example.com,Aurora Ceramic Mug,White / 350ml,1,17.75,0.0,17.75,pending,DE,pos
#1235,2026-05-23 23:56:46,CUST-00311,marie.krueger797@example.com,Soy Wax Candle — Cedar,Single,1,23.67,3.93,19.74,paid,US,online_store
#2104,2026-05-24 11:04:16,CUST-01547,nina.wagner50@example.com,Organic Cotton Tote,Cream,1,14.87,0.0,14.87,paid,NL,online_store
#2104,2026-05-24 11:04:16,CUST-01547,nina.wagner50@example.com,Walnut Serving Board,Large,1,54.91,0.0,54.91,paid,NL,online_store
#3541,2026-05-24 11:34:49,CUST-01517,sofia.hoffmann290@example.com,Merino Wool Beanie,Black,1,32.07,0.0,32.07,paid,FR,instagram
#3541,2026-05-24 11:34:49,CUST-01517,sofia.hoffmann290@example.com,Stoneware Dinner Plate Set,Set of 4,1,95.59,0.0,95.59,paid,FR,instagram
#1989,2026-05-24 11:38:44,CUST-00023,julia.richter882@example.com,Aurora Ceramic Mug,Sage / 350ml,1,18.13,0.0,18.13,paid,AT,online_store
#1989,2026-05-24 11:38:44,CUST-00023,julia.richter882@example.com,Soy Wax Candle — Cedar,Set of 3,1,23.28,0.0,23.28,paid,AT,online_store
#4269,2026-05-24 12:26:55,CUST-01367,luis.schmidt353@example.com,Organic Cotton Tote,Navy,1,14.82,0.0,14.82,paid,DE,online_store
#4269,2026-05-24 12:26:55,CUST-01367,luis.schmidt353@example.com,Linen Throw Blanket,Charcoal,1,77.79,0.0,77.79,paid,DE,online_store
#3824,2026-05-24 13:06:56,CUST-01445,luis.mueller33@example.com,Soy Wax Candle — Cedar,Set of 3,1,24.25,0.0,24.25,paid,CH,online_store
#2007,2026-05-24 13:14:54,CUST-00049,clara.krueger714@example.com,Aurora Ceramic Mug,Sage / 350ml,1,18.43,0.0,18.43,paid,CH,online_store
#2007,2026-05-24 13:14:54,CUST-00049,clara.krueger714@example.com,Organic Cotton Tote,Navy,1,14.58,0.0,14.58,paid,CH,online_store
#2007,2026-05-24 13:14:54,CUST-00049,clara.krueger714@example.com,Walnut Serving Board,Large,1,55.08,0.0,55.08,paid,CH,online_store
#3737,2026-05-24 13:25:50,CUST-01661,felix.braun61@example.com,Organic Cotton Tote,Cream,1,15.2,0.0,15.2,paid,GB,online_store
#1602,2026-05-24 13:54:35,CUST-00491,liam.schmidt77@example.com,Linen Throw Blanket,Rust,1,79.58,0.0,79.58,paid,AT,online_store
#1602,2026-05-24 13:54:35,CUST-00491,liam.schmidt77@example.com,Aurora Ceramic Mug,White / 350ml,2,18.35,0.0,36.7,paid,AT,online_store
#2367,2026-05-24 15:16:40,CUST-01069,julia.wagner310@example.com,Walnut Serving Board,Small,1,54.15,0.0,54.15,paid,DE,online_store
#3500,2026-05-24 16:15:43,CUST-00613,jonas.hartmann247@example.com,Walnut Serving Board,Large,1,52.41,0.0,52.41,paid,US,online_store
#3500,2026-05-24 16:15:43,CUST-00613,jonas.hartmann247@example.com,Walnut Serving Board,Small,1,53.13,0.0,53.13,paid,US,online_store
#2522,2026-05-24 16:43:06,CUST-00246,anna.schwarz544@example.com,Aurora Ceramic Mug,White / 350ml,1,17.97,0.0,17.97,paid,DE,online_store
#4132,2026-05-24 19:23:21,CUST-00212,lena.weber662@example.com,Organic Cotton Tote,Cream,2,15.38,0.0,30.76,paid,DE,online_store
#4132,2026-05-24 19:23:21,CUST-00212,lena.weber662@example.com,Recycled Glass Vase,Amber,1,41.34,0.0,41.34,paid,DE,online_store
#1557,2026-05-24 19:32:31,CUST-01241,anna.braun818@example.com,Soy Wax Candle — Cedar,Single,1,24.52,0.0,24.52,paid,DE,online_store
#3883,2026-05-25 07:56:02,CUST-01229,tom.braun140@example.com,Linen Throw Blanket,Charcoal,2,79.43,29.04,129.82,paid,DE,draft_order
#1629,2026-05-25 09:08:03,CUST-00168,nina.schmidt180@example.com,Aurora Ceramic Mug,Sage / 350ml,2,17.51,0.0,35.02,paid,US,instagram
#3254,2026-05-25 11:13:30,CUST-00987,tom.mueller512@example.com,Recycled Glass Vase,Amber,1,40.76,0.0,40.76,paid,DE,online_store
#3254,2026-05-25 11:13:30,CUST-00987,tom.mueller512@example.com,Linen Throw Blanket,Rust,1,78.4,0.0,78.4,paid,DE,online_store
#3254,2026-05-25 11:13:30,CUST-00987,tom.mueller512@example.com,Soy Wax Candle — Cedar,Set of 3,1,24.61,0.0,24.61,paid,DE,online_store
#2853,2026-05-25 13:23:51,CUST-00304,felix.weber553@example.com,Soy Wax Candle — Cedar,Set of 3,1,23.7,0.0,23.7,paid,NL,online_store
#4343,2026-05-25 14:12:34,CUST-00010,jonas.klein876@example.com,Aurora Ceramic Mug,White / 350ml,1,18.36,0.0,18.36,paid,DE,online_store
#4343,2026-05-25 14:12:34,CUST-00010,jonas.klein876@example.com,Aurora Ceramic Mug,White / 350ml,1,18.36,0.0,18.36,paid,DE,online_store
#3022,2026-05-25 14:48:37,CUST-01236,mia.wagner540@example.com,Aurora Ceramic Mug,Black / 350ml,1,17.49,0.0,17.49,paid,CH,online_store
#1179,2026-05-25 15:02:36,CUST-00401,noah.braun816@example.com,Recycled Glass Vase,Smoke,1,41.0,0.0,41.0,paid,AT,online_store
#4363,2026-05-25 16:54:43,CUST-00334,paul.krueger491@example.com,Aurora Ceramic Mug,Sage / 350ml,1,18.27,0.0,18.27,paid,GB,online_store
#3692,2026-05-25 17:15:15,CUST-01127,marie.hartmann888@example.com,Aurora Ceramic Mug,Black / 350ml,2,18.21,0.0,36.42,paid,US,instagram
#3692,2026-05-25 17:15:15,CUST-01127,marie.hartmann888@example.com,Aurora Ceramic Mug,White / 350ml,1,18.38,0.0,18.38,paid,US,instagram
#1325,2026-05-25 17:34:31,CUST-00424,anna.klein930@example.com,Organic Cotton Tote,Cream,1,14.69,2.6,12.09,paid,FR,online_store
#4159,2026-05-25 19:42:43,CUST-00861,max.koch680@example.com,Stoneware Dinner Plate Set,Set of 4,1,98.86,0.0,98.86,paid,DE,online_store
#4511,2026-05-25 20:41:03,CUST-00340,laura.krueger396@example.com,Linen Throw Blanket,Charcoal,1,80.74,0.0,80.74,paid,DE,instagram
#2302,2026-05-26 09:50:15,CUST-00760,luis.hartmann688@example.com,Aurora Ceramic Mug,Black / 350ml,3,17.98,0.0,53.94,paid,US,online_store
#2413,2026-05-26 10:36:18,CUST-00014,laura.richter656@example.com,Aurora Ceramic Mug,Sage / 350ml,1,18.21,0.0,18.21,paid,GB,online_store
#2413,2026-05-26 10:36:18,CUST-00014,laura.richter656@example.com,Merino Wool Beanie,Forest,2,31.28,0.0,62.56,paid,GB,online_store
#3950,2026-05-26 10:46:49,CUST-01206,max.wagner416@example.com,Soy Wax Candle — Cedar,Set of 3,1,23.89,0.0,23.89,paid,NL,online_store
#2003,2026-05-26 13:24:26,CUST-00631,tom.becker262@example.com,Linen Throw Blanket,Rust,1,80.85,0.0,80.85,paid,FR,draft_order
#2003,2026-05-26 13:24:26,CUST-00631,tom.becker262@example.com,Soy Wax Candle — Cedar,Single,1,23.5,0.0,23.5,paid,FR,draft_order
#2003,2026-05-26 13:24:26,CUST-00631,tom.becker262@example.com,Walnut Serving Board,Large,1,54.81,0.0,54.81,paid,FR,draft_order
#2091,2026-05-26 15:02:08,CUST-00898,mia.mueller647@example.com,Stoneware Dinner Plate Set,Set of 4,3,94.43,0.0,283.29,refunded,DE,online_store
#2798,2026-05-26 15:53:14,CUST-00524,felix.richter65@example.com,Stoneware Dinner Plate Set,Set of 4,1,93.14,0.0,93.14,paid,DE,online_store
#3817,2026-05-26 18:04:37,CUST-01594,sofia.schmidt368@example.com,Merino Wool Beanie,Forest,2,31.18,9.03,53.33,paid,AT,online_store
#3817,2026-05-26 18:04:37,CUST-01594,sofia.schmidt368@example.com,Walnut Serving Board,Small,2,54.85,18.01,91.69,paid,AT,online_store
#1764,2026-05-26 20:45:05,CUST-01605,marie.braun7@example.com,Recycled Glass Vase,Amber,1,41.75,0.0,41.75,paid,DE,online_store
#1764,2026-05-26 20:45:05,CUST-01605,marie.braun7@example.com,Organic Cotton Tote,Cream,1,15.23,0.0,15.23,paid,DE,online_store
#1764,2026-05-26 20:45:05,CUST-01605,marie.braun7@example.com,Organic Cotton Tote,Cream,1,15.23,0.0,15.23,paid,DE,online_store
#2544,2026-05-26 21:16:26,CUST-01102,laura.koch521@example.com,Walnut Serving Board,Large,2,52.63,0.0,105.26,paid,CH,pos
#3902,2026-05-26 23:48:26,CUST-01343,erik.hoffmann83@example.com,Aurora Ceramic Mug,White / 350ml,1,18.31,0.0,18.31,paid,GB,instagram
#3577,2026-05-27 07:28:20,CUST-01112,felix.wolf135@example.com,Merino Wool Beanie,Forest,1,32.72,0.0,32.72,paid,DE,online_store
#1866,2026-05-27 09:02:12,CUST-01090,felix.becker632@example.com,Aurora Ceramic Mug,Sage / 350ml,1,17.92,4.3,13.62,pending,NL,online_store
#4199,2026-05-27 14:33:17,CUST-00058,felix.krueger770@example.com,Linen Throw Blanket,Charcoal,1,77.6,0.0,77.6,paid,AT,pos
#4199,2026-05-27 14:33:17,CUST-00058,felix.krueger770@example.com,Recycled Glass Vase,Amber,1,40.83,0.0,40.83,paid,AT,pos
#4199,2026-05-27 14:33:17,CUST-00058,felix.krueger770@example.com,Soy Wax Candle — Cedar,Set of 3,2,23.9,0.0,47.8,paid,AT,pos
#2012,2026-05-27 14:42:12,CUST-00770,marie.wagner733@example.com,Organic Cotton Tote,Cream,1,15.0,3.68,11.32,paid,DE,online_store
#2012,2026-05-27 14:42:12,CUST-00770,marie.wagner733@example.com,Linen Throw Blanket,Rust,1,77.04,14.36,62.68,paid,DE,online_store
#4115,2026-05-27 15:47:02,CUST-01438,laura.hartmann151@example.com,Aurora Ceramic Mug,White / 350ml,1,18.24,0.0,18.24,paid,FR,online_store
#1609,2026-05-27 16:45:53,CUST-00984,paul.wagner703@example.com,Botanical Print A3,Fern,2,27.88,0.0,55.76,refunded,DE,online_store
#1967,2026-05-27 17:31:42,CUST-00055,erik.schmidt430@example.com,Merino Wool Beanie,Oat,1,32.91,0.0,32.91,refunded,GB,online_store
#4081,2026-05-27 18:41:16,CUST-01250,liam.wolf991@example.com,Linen Throw Blanket,Natural,1,77.48,0.0,77.48,paid,DE,online_store
#4081,2026-05-27 18:41:16,CUST-01250,liam.wolf991@example.com,Brass Pour-Over Stand,Standard,1,68.11,0.0,68.11,paid,DE,online_store
#3690,2026-05-27 19:22:56,CUST-00473,liam.braun571@example.com,Merino Wool Beanie,Oat,1,32.54,0.0,32.54,refunded,US,draft_order
#3690,2026-05-27 19:22:56,CUST-00473,liam.braun571@example.com,Soy Wax Candle — Cedar,Set of 3,1,23.32,0.0,23.32,refunded,US,draft_order
#2568,2026-05-27 22:10:18,CUST-00864,erik.koch699@example.com,Aurora Ceramic Mug,White / 350ml,2,18.42,0.0,36.84,refunded,AT,online_store
#1251,2026-05-28 10:58:44,CUST-00853,marie.becker77@example.com,Soy Wax Candle — Cedar,Single,1,23.44,0.0,23.44,paid,DE,online_store
#1759,2026-05-28 14:58:13,CUST-01250,liam.wolf991@example.com,Merino Wool Beanie,Black,1,31.42,0.0,31.42,paid,DE,online_store
#2363,2026-05-28 15:06:48,CUST-00283,tom.krueger779@example.com,Merino Wool Beanie,Black,1,32.26,0.0,32.26,paid,GB,online_store
#3055,2026-05-28 18:15:13,CUST-01146,paul.weber984@example.com,Recycled Glass Vase,Amber,1,41.45,0.0,41.45,paid,DE,online_store
#2514,2026-05-29 08:15:17,CUST-00770,marie.wagner733@example.com,Walnut Serving Board,Large,1,53.4,0.0,53.4,paid,DE,online_store
#1337,2026-05-29 10:57:34,CUST-00700,noah.hartmann592@example.com,Merino Wool Beanie,Black,1,32.08,0.0,32.08,paid,GB,pos
#1337,2026-05-29 10:57:34,CUST-00700,noah.hartmann592@example.com,Linen Throw Blanket,Charcoal,1,77.09,0.0,77.09,paid,GB,pos
#2032,2026-05-29 12:02:03,CUST-01001,lena.koch964@example.com,Botanical Print A3,Olive,2,28.73,0.0,57.46,paid,FR,online_store
#3809,2026-05-29 13:48:18,CUST-00859,anna.koch534@example.com,Organic Cotton Tote,Navy,1,14.7,0.0,14.7,paid,DE,online_store
#1238,2026-05-29 13:51:05,CUST-01219,felix.klein960@example.com,Organic Cotton Tote,Cream,1,15.15,0.0,15.15,paid,US,online_store
#2466,2026-05-29 14:15:53,CUST-00997,erik.schwarz74@example.com,Aurora Ceramic Mug,White / 350ml,1,18.53,0.0,18.53,paid,DE,pos
#1898,2026-05-29 15:09:57,CUST-00618,liam.schmidt408@example.com,Brass Pour-Over Stand,Standard,2,67.87,0.0,135.74,paid,US,online_store
#2758,2026-05-29 15:58:14,CUST-00236,lena.mueller149@example.com,Linen Throw Blanket,Natural,1,77.83,0.0,77.83,paid,,online_store
#2615,2026-05-29 16:46:42,CUST-00772,liam.mueller215@example.com,Aurora Ceramic Mug,White / 350ml,1,18.07,0.0,18.07,pending,FR,online_store
#3372,2026-05-29 17:03:58,CUST-01441,tom.mueller392@example.com,Soy Wax Candle — Cedar,Set of 3,1,24.1,0.0,24.1,paid,GB,online_store
#1712,2026-05-29 17:19:25,CUST-01529,lena.hartmann855@example.com,Botanical Print A3,Fern,1,27.82,0.0,27.82,paid,DE,online_store
#1633,2026-05-29 17:27:59,CUST-00557,mia.weber550@example.com,Linen Throw Blanket,Rust,1,81.09,0.0,81.09,paid,DE,online_store
#4096,2026-05-29 17:37:43,CUST-01545,emma.wolf672@example.com,Aurora Ceramic Mug,White / 350ml,1,17.53,0.0,17.53,paid,GB,draft_order
#3265,2026-05-29 17:44:44,CUST-00484,tom.wolf380@example.com,Recycled Glass Vase,Smoke,2,42.1,0.0,84.2,paid,DE,pos
#2547,2026-05-29 19:30:43,CUST-00380,anna.wolf882@example.com,Linen Throw Blanket,Rust,1,78.79,9.1,69.69,paid,US,instagram
#1346,2026-05-30 09:57:30,CUST-00752,erik.schwarz8@example.com,Organic Cotton Tote,Cream,1,15.41,0.0,15.41,paid,US,online_store
#1346,2026-05-30 09:57:30,CUST-00752,erik.schwarz8@example.com,Soy Wax Candle — Cedar,Set of 3,1,23.48,0.0,23.48,paid,US,online_store
#1346,2026-05-30 09:57:30,CUST-00752,erik.schwarz8@example.com,Botanical Print A3,Eucalyptus,2,28.44,0.0,56.88,paid,US,online_store
#1057,2026-05-30 11:41:37,CUST-00113,ben.koch280@example.com,Aurora Ceramic Mug,Black / 350ml,1,18.27,0.0,18.27,paid,US,pos
#1057,2026-05-30 11:41:37,CUST-00113,ben.koch280@example.com,Recycled Glass Vase,Smoke,1,41.97,0.0,41.97,paid,US,pos
#1057,2026-05-30 11:41:37,CUST-00113,ben.koch280@example.com,Botanical Print A3,Fern,1,28.25,0.0,28.25,paid,US,pos
#2976,2026-05-30 13:27:47,CUST-00034,max.krueger463@example.com,Stoneware Dinner Plate Set,Set of 6,1,97.25,0.0,97.25,paid,DE,online_store
#2055,2026-05-30 14:31:19,CUST-00246,anna.schwarz544@example.com,Recycled Glass Vase,Amber,1,40.9,0.0,40.9,paid,DE,pos
#2865,2026-05-30 18:55:31,CUST-00110,ben.schmidt431@example.com,Linen Throw Blanket,Charcoal,1,79.28,8.71,70.57,paid,US,pos
#2096,2026-05-30 20:49:59,CUST-00041,ben.krueger56@example.com,Recycled Glass Vase,Amber,1,42.8,0.0,42.8,paid,GB,online_store
#2096,2026-05-30 20:49:59,CUST-00041,ben.krueger56@example.com,Walnut Serving Board,Large,1,52.99,0.0,52.99,paid,GB,online_store
#2096,2026-05-30 20:49:59,CUST-00041,ben.krueger56@example.com,Stoneware Dinner Plate Set,Set of 6,1,93.83,0.0,93.83,paid,GB,online_store
#2623,2026-05-31 05:14:03,CUST-00317,jonas.krueger953@example.com,Linen Throw Blanket,Natural,2,81.14,0.0,162.28,refunded,DE,pos
#4217,2026-05-31 10:33:15,CUST-00502,tom.schmidt720@example.com,Aurora Ceramic Mug,Black / 350ml,1,18.37,0.0,18.37,paid,DE,online_store
#4217,2026-05-31 10:33:15,CUST-00502,tom.schmidt720@example.com,Recycled Glass Vase,Smoke,1,40.75,0.0,40.75,paid,DE,online_store
#3609,2026-05-31 17:08:52,CUST-00197,felix.koch445@example.com,Aurora Ceramic Mug,Sage / 350ml,1,18.29,0.0,18.29,paid,CH,online_store
#3252,2026-05-31 17:17:33,CUST-01381,max.klein896@example.com,Aurora Ceramic Mug,White / 350ml,1,18.38,0.0,18.38,paid,GB,instagram
#3252,2026-05-31 17:17:33,CUST-01381,max.klein896@example.com,Recycled Glass Vase,Smoke,1,42.72,0.0,42.72,paid,GB,instagram
#3252,2026-05-31 17:17:33,CUST-01381,max.klein896@example.com,Recycled Glass Vase,Smoke,1,42.72,0.0,42.72,paid,GB,instagram
#1640,2026-05-31 17:45:03,CUST-00745,clara.fischer396@example.com,Organic Cotton Tote,Cream,1,14.62,0.0,14.62,paid,DE,online_store
#1440,2026-06-01 13:50:13,CUST-01364,paul.becker293@example.com,Organic Cotton Tote,Cream,1,14.78,0.0,14.78,paid,DE,online_store
#1440,2026-06-01 13:50:13,CUST-01364,paul.becker293@example.com,Organic Cotton Tote,Navy,1,15.17,0.0,15.17,paid,DE,online_store
#1805,2026-06-01 13:57:53,CUST-00023,julia.richter882@example.com,Soy Wax Candle — Cedar,Single,1,23.31,0.0,23.31,paid,,online_store
#2729,2026-06-01 14:08:12,CUST-00120,luis.schmidt359@example.com,Merino Wool Beanie,Oat,2,31.28,0.0,62.56,paid,DE,draft_order
#4294,2026-06-01 17:32:56,CUST-00654,luis.neumann213@example.com,Soy Wax Candle — Cedar,Set of 3,1,23.91,0.0,23.91,pending,US,online_store
#1888,2026-06-01 18:07:36,CUST-00046,liam.mueller949@example.com,Aurora Ceramic Mug,White / 350ml,1,18.29,0.0,18.29,paid,FR,online_store
#1888,2026-06-01 18:07:36,CUST-00046,liam.mueller949@example.com,Soy Wax Candle — Cedar,Single,1,24.67,0.0,24.67,paid,FR,online_store
#2502,2026-06-02 03:54:22,CUST-01613,lena.schmidt731@example.com,Merino Wool Beanie,Oat,3,31.39,0.0,94.17,paid,FR,online_store
#2502,2026-06-02 03:54:22,CUST-01613,lena.schmidt731@example.com,Stoneware Dinner Plate Set,Set of 6,1,97.21,0.0,97.21,paid,FR,online_store
#1711,2026-06-02 08:28:12,CUST-00941,max.richter407@example.com,Organic Cotton Tote,Cream,1,14.71,0.0,14.71,paid,FR,online_store
#1711,2026-06-02 08:28:12,CUST-00941,max.richter407@example.com,Linen Throw Blanket,Rust,1,81.28,0.0,81.28,paid,FR,online_store
#2746,2026-06-02 12:02:23,CUST-00582,noah.wagner805@example.com,Merino Wool Beanie,Oat,1,31.35,4.48,26.87,paid,US,instagram
#1387,2026-06-02 12:57:09,CUST-00726,clara.krueger13@example.com,Botanical Print A3,Eucalyptus,1,27.59,0.0,27.59,paid,FR,pos
#4200,2026-06-02 13:15:33,CUST-00398,anna.wolf632@example.com,Merino Wool Beanie,Oat,1,31.74,7.6,24.14,paid,FR,online_store
#3576,2026-06-02 15:31:42,CUST-00265,erik.schmidt279@example.com,Organic Cotton Tote,Cream,1,15.06,2.63,12.43,paid,US,online_store
#3460,2026-06-02 17:18:58,CUST-01244,nina.schmidt299@example.com,Botanical Print A3,Fern,2,27.58,0.0,55.16,paid,NL,online_store
#3460,2026-06-02 17:18:58,CUST-01244,nina.schmidt299@example.com,Botanical Print A3,Olive,1,27.95,0.0,27.95,paid,NL,online_store
#2124,2026-06-02 20:25:50,CUST-00289,liam.krueger586@example.com,Stoneware Dinner Plate Set,Set of 4,1,98.83,0.0,98.83,paid,GB,instagram
#2124,2026-06-02 20:25:50,CUST-00289,liam.krueger586@example.com,Merino Wool Beanie,Forest,1,32.39,0.0,32.39,paid,GB,instagram
#2602,2026-06-02 23:09:31,CUST-01272,liam.schwarz62@example.com,Merino Wool Beanie,Forest,1,32.44,0.0,32.44,paid,DE,draft_order
#2602,2026-06-02 23:09:31,CUST-01272,liam.schwarz62@example.com,Brass Pour-Over Stand,Standard,1,69.24,0.0,69.24,paid,DE,draft_order
#2602,2026-06-02 23:09:31,CUST-01272,liam.schwarz62@example.com,Brass Pour-Over Stand,Standard,1,66.91,0.0,66.91,paid,DE,draft_order
#1463,2026-06-03 11:06:30,CUST-00692,liam.becker944@example.com,Botanical Print A3,Eucalyptus,1,27.28,0.0,27.28,paid,NL,online_store
#3152,2026-06-03 13:25:32,CUST-00916,paul.becker735@example.com,Organic Cotton Tote,Navy,1,15.03,1.67,13.36,paid,NL,online_store
#3429,2026-06-03 13:50:49,CUST-00410,anna.neumann889@example.com,Linen Throw Blanket,Charcoal,2,80.01,0.0,160.02,paid,FR,instagram
#1575,2026-06-03 15:12:49,CUST-00403,nina.koch598@example.com,Organic Cotton Tote,Cream,1,14.59,0.0,14.59,paid,US,online_store
#1035,2026-06-03 16:34:24,CUST-00273,ben.mueller80@example.com,Aurora Ceramic Mug,White / 350ml,1,18.06,0.0,18.06,paid,NL,online_store
#2035,2026-06-03 16:50:43,CUST-00581,nina.richter527@example.com,Soy Wax Candle — Cedar,Single,1,24.45,0.0,24.45,paid,CH,online_store
#1706,2026-06-03 17:42:05,CUST-00474,laura.koch339@example.com,Botanical Print A3,Eucalyptus,1,28.54,0.0,28.54,paid,GB,online_store
#1706,2026-06-03 17:42:05,CUST-00474,laura.koch339@example.com,Merino Wool Beanie,Oat,1,31.1,0.0,31.1,paid,GB,online_store
#2348,2026-06-03 17:56:56,CUST-01593,noah.braun506@example.com,Stoneware Dinner Plate Set,Set of 6,2,97.0,0.0,194.0,paid,DE,draft_order
#2348,2026-06-03 17:56:56,CUST-01593,noah.braun506@example.com,Organic Cotton Tote,Cream,1,14.84,0.0,14.84,paid,DE,draft_order
#4082,2026-06-03 18:07:57,CUST-01069,julia.wagner310@example.com,Aurora Ceramic Mug,Sage / 350ml,2,17.81,0.0,35.62,paid,DE,online_store
#3212,2026-06-03 19:13:26,CUST-00877,mia.neumann109@example.com,Aurora Ceramic Mug,Black / 350ml,1,18.49,0.0,18.49,paid,DE,instagram
#2802,2026-06-03 22:38:51,CUST-01545,emma.wolf672@example.com,Aurora Ceramic Mug,Black / 350ml,1,17.57,0.0,17.57,paid,GB,online_store
#4186,2026-06-04 11:45:49,CUST-01101,max.weber889@example.com,Merino Wool Beanie,Oat,1,32.23,0.0,32.23,paid,AT,online_store
#2418,2026-06-04 12:15:55,CUST-00954,jonas.mueller89@example.com,Soy Wax Candle — Cedar,Set of 3,1,23.62,0.0,23.62,paid,CH,instagram
#3695,2026-06-04 13:37:32,CUST-01457,mia.fischer118@example.com,Recycled Glass Vase,Amber,2,42.66,0.0,85.32,refunded,DE,online_store
#3414,2026-06-04 14:51:15,CUST-00216,paul.richter967@example.com,Walnut Serving Board,Small,1,53.88,0.0,53.88,paid,US,draft_order
#4226,2026-06-04 15:41:17,CUST-01085,lena.wagner203@example.com,Aurora Ceramic Mug,Sage / 350ml,2,17.59,0.0,35.18,paid,US,online_store
#4314,2026-06-04 16:36:54,CUST-00189,laura.schwarz812@example.com,Linen Throw Blanket,Charcoal,2,78.9,38.83,118.97,pending,NL,online_store
#4314,2026-06-04 16:36:54,CUST-00189,laura.schwarz812@example.com,Soy Wax Candle — Cedar,Single,1,24.42,2.51,21.91,pending,NL,online_store
#3901,2026-06-04 17:19:50,CUST-01596,liam.fischer117@example.com,Aurora Ceramic Mug,Sage / 350ml,1,18.28,0.0,18.28,paid,GB,instagram
#3505,2026-06-05 07:53:39,CUST-01557,julia.wolf693@example.com,Merino Wool Beanie,Forest,2,31.22,0.0,62.44,paid,DE,draft_order
#2707,2026-06-05 07:58:53,CUST-00949,laura.schwarz534@example.com,Soy Wax Candle — Cedar,Set of 3,1,23.57,0.0,23.57,refunded,DE,instagram
#2707,2026-06-05 07:58:53,CUST-00949,laura.schwarz534@example.com,Soy Wax Candle — Cedar,Set of 3,1,23.99,0.0,23.99,refunded,DE,instagram
#2707,2026-06-05 07:58:53,CUST-00949,laura.schwarz534@example.com,Organic Cotton Tote,Navy,2,15.24,0.0,30.48,refunded,DE,instagram
#1859,2026-06-05 12:20:22,CUST-00179,mia.koch935@example.com,Merino Wool Beanie,Black,1,32.68,0.0,32.68,paid,DE,instagram
#4278,2026-06-05 15:32:18,CUST-01293,julia.krueger892@example.com,Merino Wool Beanie,Forest,1,31.82,0.0,31.82,paid,NL,online_store
#4278,2026-06-05 15:32:18,CUST-01293,julia.krueger892@example.com,Stoneware Dinner Plate Set,Set of 4,1,96.16,0.0,96.16,paid,NL,online_store
#4278,2026-06-05 15:32:18,CUST-01293,julia.krueger892@example.com,Organic Cotton Tote,Navy,1,15.12,0.0,15.12,paid,NL,online_store
#2637,2026-06-05 15:39:21,CUST-01535,noah.hartmann366@example.com,Recycled Glass Vase,Smoke,1,41.84,0.0,41.84,paid,CH,online_store
#3213,2026-06-05 20:29:05,CUST-01546,marie.wolf752@example.com,Merino Wool Beanie,Black,1,32.79,4.96,27.83,paid,AT,instagram
#4141,2026-06-06 12:05:13,CUST-00602,ben.wagner235@example.com,Stoneware Dinner Plate Set,Set of 4,1,94.44,0.0,94.44,paid,US,online_store
#4360,2026-06-06 12:57:10,CUST-01624,ben.weber862@example.com,Merino Wool Beanie,Black,1,31.59,0.0,31.59,paid,US,online_store
#2551,2026-06-06 12:57:15,CUST-00832,nina.wagner5@example.com,Soy Wax Candle — Cedar,Set of 3,1,24.15,0.0,24.15,paid,US,online_store
#1984,2026-06-06 13:01:47,CUST-01396,clara.hartmann838@example.com,Stoneware Dinner Plate Set,Set of 4,1,93.92,0.0,93.92,paid,DE,instagram
#1321,2026-06-06 13:03:40,CUST-00526,clara.koch508@example.com,Merino Wool Beanie,Black,1,32.92,0.0,32.92,paid,GB,online_store
#3501,2026-06-06 13:15:20,CUST-00941,max.richter407@example.com,Soy Wax Candle — Cedar,Single,1,23.55,2.54,21.01,paid,FR,instagram
#3501,2026-06-06 13:15:20,CUST-00941,max.richter407@example.com,Soy Wax Candle — Cedar,Set of 3,1,23.67,4.95,18.72,PAID,FR,instagram
#4488,2026-06-06 13:37:17,CUST-01337,emma.braun136@example.com,Soy Wax Candle — Cedar,Set of 3,1,23.6,5.76,17.84,paid,US,online_store
#1052,2026-06-06 13:51:43,CUST-01132,liam.schwarz646@example.com,Stoneware Dinner Plate Set,Set of 4,1,98.61,0.0,98.61,paid,CH,online_store
#1052,2026-06-06 13:51:43,CUST-01132,liam.schwarz646@example.com,Aurora Ceramic Mug,White / 350ml,1,17.61,0.0,17.61,paid,CH,online_store
#1068,2026-06-06 15:54:44,CUST-01517,sofia.hoffmann290@example.com,Organic Cotton Tote,Cream,1,15.32,0.0,15.32,paid,FR,instagram
#3014,2026-06-06 23:01:53,CUST-00334,paul.krueger491@example.com,Aurora Ceramic Mug,Sage / 350ml,1,18.23,0.0,18.23,paid,GB,online_store
#2097,2026-06-07 06:00:08,CUST-01659,laura.richter102@example.com,Botanical Print A3,Olive,2,27.38,0.0,54.76,paid,US,instagram
#2097,2026-06-07 06:00:08,CUST-01659,laura.richter102@example.com,Aurora Ceramic Mug,Sage / 350ml,1,17.7,0.0,17.7,paid,US,instagram
#3490,2026-06-07 09:30:13,CUST-00840,max.wagner666@example.com,Soy Wax Candle — Cedar,Single,2,24.47,7.89,41.05,paid,CH,online_store
#3490,2026-06-07 09:30:13,CUST-00840,max.wagner666@example.com,Recycled Glass Vase,Smoke,1,41.23,4.61,36.62,paid,CH,online_store
#3490,2026-06-07 09:30:13,CUST-00840,max.wagner666@example.com,Recycled Glass Vase,Smoke,1,42.77,5.33,37.44,paid,CH,online_store
#1077,2026-06-07 11:43:30,CUST-01650,laura.koch348@example.com,Brass Pour-Over Stand,Standard,1,69.45,0.0,69.45,paid,US,instagram
#4231,2026-06-07 11:55:15,CUST-00636,anna.richter586@example.com,Linen Throw Blanket,Natural,1,81.16,0.0,81.16,paid,US,online_store
#4231,2026-06-07 11:55:15,CUST-00636,anna.richter586@example.com,Walnut Serving Board,Large,1,55.61,0.0,55.61,paid,US,online_store
#4288,2026-06-07 17:08:19,CUST-00112,tom.mueller306@example.com,Aurora Ceramic Mug,Sage / 350ml,1,17.73,0.0,17.73,paid,FR,online_store
#4288,2026-06-07 17:08:19,CUST-00112,tom.mueller306@example.com,Aurora Ceramic Mug,Sage / 350ml,1,17.73,0.0,17.73,paid,FR,online_store
#4384,2026-06-07 18:19:59,CUST-01337,emma.braun136@example.com,Aurora Ceramic Mug,White / 350ml,2,18.08,0.0,36.16,paid,US,instagram
#4384,2026-06-07 18:19:59,CUST-01337,emma.braun136@example.com,Stoneware Dinner Plate Set,Set of 6,1,96.81,0.0,96.81,paid,US,instagram
#2127,2026-06-07 20:35:14,CUST-00321,tom.wagner481@example.com,Linen Throw Blanket,Natural,1,79.34,0.0,79.34,paid,US,online_store
#3258,2026-06-08 10:03:51,CUST-01557,julia.wolf693@example.com,Organic Cotton Tote,Navy,1,14.86,0.0,14.86,paid,DE,instagram
#4193,2026-06-08 11:20:02,CUST-00278,mia.schwarz764@example.com,Linen Throw Blanket,Charcoal,1,81.26,19.09,62.17,refunded,DE,online_store
#4193,2026-06-08 11:20:02,CUST-00278,mia.schwarz764@example.com,Linen Throw Blanket,Charcoal,1,81.26,19.09,62.17,refunded,DE,online_store
#3430,2026-06-08 12:54:26,CUST-00312,julia.braun837@example.com,Walnut Serving Board,Small,2,53.13,24.84,81.42,paid,DE,online_store
#3430,2026-06-08 12:54:26,CUST-00312,julia.braun837@example.com,Brass Pour-Over Stand,Standard,1,68.37,11.65,56.72,paid,DE,online_store
#3430,2026-06-08 12:54:26,CUST-00312,julia.braun837@example.com,Organic Cotton Tote,Navy,1,15.24,2.7,12.54,paid,DE,online_store
#3338,2026-06-08 12:58:18,CUST-00596,felix.becker898@example.com,Walnut Serving Board,Small,1,55.22,0.0,55.22,pending,DE,online_store
#2986,2026-06-08 16:12:53,CUST-01209,jonas.becker394@example.com,Aurora Ceramic Mug,Sage / 350ml,1,17.73,0.0,17.73,paid,DE,online_store
#2462,2026-06-08 17:17:39,CUST-00032,paul.richter622@example.com,Merino Wool Beanie,Forest,1,32.18,0.0,32.18,paid,US,pos
#2462,2026-06-08 17:17:39,CUST-00032,paul.richter622@example.com,Merino Wool Beanie,Forest,1,32.18,0.0,32.18,paid,US,pos
#4246,2026-06-08 19:29:07,CUST-01250,liam.wolf991@example.com,Linen Throw Blanket,Natural,1,78.62,0.0,78.62,paid,DE,online_store
#1675,2026-06-08 23:34:00,CUST-00165,erik.schmidt753@example.com,Organic Cotton Tote,Navy,1,15.34,0.0,15.34,paid,DE,online_store
#1675,2026-06-08 23:34:00,CUST-00165,erik.schmidt753@example.com,Linen Throw Blanket,Natural,1,80.35,0.0,80.35,paid,DE,online_store
#1675,2026-06-08 23:34:00,CUST-00165,erik.schmidt753@example.com,Aurora Ceramic Mug,White / 350ml,2,17.76,0.0,35.52,paid,DE,online_store
#3819,2026-06-09 10:57:42,CUST-00489,tom.krueger815@example.com,Merino Wool Beanie,Black,1,31.93,0.0,31.93,paid,US,online_store
#3819,2026-06-09 10:57:42,CUST-00489,tom.krueger815@example.com,Botanical Print A3,Fern,1,27.85,0.0,27.85,paid,US,online_store
#4253,2026-06-09 13:56:30,CUST-01499,anna.braun281@example.com,Soy Wax Candle — Cedar,Single,1,23.46,0.0,23.46,paid,NL,instagram
#4253,2026-06-09 13:56:30,CUST-01499,anna.braun281@example.com,Soy Wax Candle — Cedar,Set of 3,1,23.72,0.0,23.72,paid,NL,instagram
#4253,2026-06-09 13:56:30,CUST-01499,anna.braun281@example.com,Merino Wool Beanie,Forest,1,31.96,0.0,31.96,paid,NL,instagram
#1676,2026-06-09 15:26:50,CUST-00394,noah.wagner404@example.com,Botanical Print A3,Fern,1,27.54,0.0,27.54,paid,US,online_store
#1676,2026-06-09 15:26:50,CUST-00394,noah.wagner404@example.com,Aurora Ceramic Mug,Sage / 350ml,1,17.92,0.0,17.92,paid,US,online_store
#2025,2026-06-09 16:10:09,CUST-00023,julia.richter882@example.com,Botanical Print A3,Olive,1,27.97,0.0,27.97,paid,AT,online_store
#2025,2026-06-09 16:10:09,CUST-00023,julia.richter882@example.com,Soy Wax Candle — Cedar,Single,3,23.36,0.0,70.08,paid,AT,online_store
#4201,2026-06-09 16:43:47,CUST-01579,jonas.hoffmann850@example.com,Walnut Serving Board,Large,2,53.77,0.0,107.54,paid,NL,online_store
#4201,2026-06-09 16:43:47,CUST-01579,jonas.hoffmann850@example.com,Linen Throw Blanket,Rust,1,77.2,0.0,77.2,paid,NL,online_store
#1041,2026-06-09 16:49:49,CUST-00496,luis.klein833@example.com,Aurora Ceramic Mug,Black / 350ml,1,18.27,0.0,18.27,paid,GB,online_store
#1152,2026-06-09 18:51:53,CUST-00154,ben.koch390@example.com,Recycled Glass Vase,Smoke,2,40.99,0.0,81.98,paid,US,online_store
#3355,2026-06-09 20:26:30,CUST-00984,paul.wagner703@example.com,Linen Throw Blanket,Rust,1,77.41,0.0,77.41,paid,DE,online_store
#1932,2026-06-10 09:28:26,CUST-00675,nina.koch103@example.com,Aurora Ceramic Mug,Sage / 350ml,2,18.39,0.0,36.78,paid,DE,online_store
#1372,2026-06-10 11:58:21,CUST-01567,marie.richter941@example.com,Aurora Ceramic Mug,Black / 350ml,1,17.83,0.0,17.83,paid,NL,pos
#3330,2026-06-10 12:00:43,CUST-01583,nina.hartmann63@example.com,Aurora Ceramic Mug,Black / 350ml,1,17.99,0.0,17.99,paid,US,online_store
#3330,2026-06-10 12:00:43,CUST-01583,nina.hartmann63@example.com,Walnut Serving Board,Small,1,55.31,0.0,55.31,paid,US,online_store
#3330,2026-06-10 12:00:43,CUST-01583,nina.hartmann63@example.com,Botanical Print A3,Fern,1,27.46,0.0,27.46,paid,US,online_store
#2084,2026-06-10 12:12:21,CUST-00550,marie.wolf46@example.com,Recycled Glass Vase,Amber,1,42.96,0.0,42.96,paid,NL,online_store
#2084,2026-06-10 12:12:21,CUST-00550,marie.wolf46@example.com,Merino Wool Beanie,Oat,1,31.69,0.0,31.69,paid,NL,online_store
#3245,2026-06-10 14:32:51,CUST-00291,noah.wolf87@example.com,Botanical Print A3,Eucalyptus,1,27.39,5.02,22.37,paid,US,instagram
#2952,2026-06-10 19:54:17,CUST-01354,laura.becker980@example.com,Organic Cotton Tote,Navy,2,15.08,0.0,30.16,paid,DE,online_store
#1990,2026-06-10 23:33:10,CUST-01599,julia.weber949@example.com,Stoneware Dinner Plate Set,Set of 4,1,93.43,0.0,93.43,paid,AT,online_store
#2579,2026-06-11 11:53:50,CUST-01299,jonas.fischer437@example.com,Organic Cotton Tote,Navy,1,15.2,3.02,12.18,paid,DE,online_store
#2614,2026-06-11 14:54:32,CUST-00357,paul.krueger830@example.com,Recycled Glass Vase,Smoke,2,41.97,0.0,83.94,paid,GB,instagram
#2614,2026-06-11 14:54:32,CUST-00357,paul.krueger830@example.com,Recycled Glass Vase,Smoke,2,41.97,0.0,83.94,paid,GB,instagram
#1031,2026-06-11 15:58:16,CUST-00014,laura.richter656@example.com,Soy Wax Candle — Cedar,Single,1,23.96,0.0,23.96,paid,GB,online_store
#1031,2026-06-11 15:58:16,CUST-00014,laura.richter656@example.com,Walnut Serving Board,Small,2,53.12,0.0,,paid,GB,online_store
#3998,2026-06-11 16:17:40,CUST-00618,liam.schmidt408@example.com,Merino Wool Beanie,Forest,1,32.43,0.0,32.43,paid,US,online_store
#1716,2026-06-11 17:57:05,CUST-01085,lena.wagner203@example.com,Soy Wax Candle — Cedar,Single,1,24.52,0.0,24.52,paid,US,online_store
#1716,2026-06-11 17:57:05,CUST-01085,lena.wagner203@example.com,Botanical Print A3,Eucalyptus,1,27.35,0.0,27.35,paid,US,online_store
#1716,2026-06-11 17:57:05,CUST-01085,lena.wagner203@example.com,Soy Wax Candle — Cedar,Single,1,24.52,0.0,24.52,paid,US,online_store
#2810,2026-06-11 18:10:00,CUST-01655,noah.becker282@example.com,Aurora Ceramic Mug,Black / 350ml,1,17.94,0.0,17.94,refunded,FR,online_store
#2810,2026-06-11 18:10:00,CUST-01655,noah.becker282@example.com,Organic Cotton Tote,Cream,1,15.25,0.0,15.25,refunded,FR,online_store
#2810,2026-06-11 18:10:00,CUST-01655,noah.becker282@example.com,Organic Cotton Tote,Navy,1,15.12,0.0,15.12,refunded,FR,online_store
#1065,2026-06-11 18:42:25,CUST-00592,nina.wagner497@example.com,Organic Cotton Tote,Cream,1,15.2,3.54,11.66,paid,FR,online_store
